Well,Experiment,Condition,Treatments,Rep,Inulin,Starch,Pectin,ArGal,Gum,AmAc,pH,Time,OD?,OD
1,REU04,BH,REU04_BH,1,0,1,0,0,0,1,1,0,0.01,0
1,REU04,BH,REU04_BH,1,0,1,0,0,0,1,1,2.000277778,0.010192375,0.000192375
1,REU04,BH,REU04_BH,1,0,1,0,0,0,1,1,4.000277778,0.01010125,0.00010125
1,REU04,BH,REU04_BH,1,0,1,0,0,0,1,1,6.000833333,0.010151875,0.000151875
1,REU04,BH,REU04_BH,1,0,1,0,0,0,1,1,8.001111111,0.00997975,-2.02499999999994E-05
1,REU04,BH,REU04_BH,1,0,1,0,0,0,1,1,10.00166667,0.009767125,-0.000232875
1,REU04,BH,REU04_BH,1,0,1,0,0,0,1,1,12.00222222,0.009706375,-0.000293625
1,REU04,BH,REU04_BH,1,0,1,0,0,0,1,1,14.00277778,0.009645625,-0.000354375
1,REU04,BH,REU04_BH,1,0,1,0,0,0,1,1,16.00277778,0.00953425,-0.00046575
1,REU04,BH,REU04_BH,1,0,1,0,0,0,1,1,18.00388889,0.0099595,-4.05000000000006E-05
1,REU04,BH,REU04_BH,1,0,1,0,0,0,1,1,20.00361111,0.010455625,0.000455625
1,REU04,BH,REU04_BH,1,0,1,0,0,0,1,1,22.00444444,0.010172125,0.000172125
1,REU04,BH,REU04_BH,1,0,1,0,0,0,1,1,24.00444444,0.010567,0.000567
2,REU04,BP,REU04_BP,1,0,1,0,0,0,1,1,0,0.01,0
2,REU04,BP,REU04_BP,1,0,1,0,0,0,1,1,2.000277778,0.011471031,0.001471031
2,REU04,BP,REU04_BP,1,0,1,0,0,0,1,1,4.000277778,0.011249369,0.001249369
2,REU04,BP,REU04_BP,1,0,1,0,0,0,1,1,6.000833333,0.011571787,0.001571787
2,REU04,BP,REU04_BP,1,0,1,0,0,0,1,1,8.001111111,0.011188916,0.001188916
2,REU04,BP,REU04_BP,1,0,1,0,0,0,1,1,10.00166667,0.011017631,0.001017631
2,REU04,BP,REU04_BP,1,0,1,0,0,0,1,1,12.00222222,0.010735516,0.000735516
2,REU04,BP,REU04_BP,1,0,1,0,0,0,1,1,14.00277778,0.010896724,0.000896724
2,REU04,BP,REU04_BP,1,0,1,0,0,0,1,1,16.00277778,0.010604533,0.000604533
2,REU04,BP,REU04_BP,1,0,1,0,0,0,1,1,18.00388889,0.010876573,0.000876573
2,REU04,BP,REU04_BP,1,0,1,0,0,0,1,1,20.00361111,0.012055413,0.002055413
2,REU04,BP,REU04_BP,1,0,1,0,0,0,1,1,22.00444444,0.011682618,0.001682618
2,REU04,BP,REU04_BP,1,0,1,0,0,0,1,1,24.00444444,0.012267,0.002267
3,REU04,BT,REU04_BT,1,0,1,0,0,0,1,1,0,0.01,0
3,REU04,BT,REU04_BT,1,0,1,0,0,0,1,1,2.000277778,0.011593531,0.001593531
3,REU04,BT,REU04_BT,1,0,1,0,0,0,1,1,4.000277778,0.011359189,0.001359189
3,REU04,BT,REU04_BT,1,0,1,0,0,0,1,1,6.000833333,0.011796629,0.001796629
3,REU04,BT,REU04_BT,1,0,1,0,0,0,1,1,8.001111111,0.011554474,0.001554474
3,REU04,BT,REU04_BT,1,0,1,0,0,0,1,1,10.00166667,0.011171714,0.001171714
3,REU04,BT,REU04_BT,1,0,1,0,0,0,1,1,12.00222222,0.010952994,0.000952994
3,REU04,BT,REU04_BT,1,0,1,0,0,0,1,1,14.00277778,0.0110936,0.0010936
3,REU04,BT,REU04_BT,1,0,1,0,0,0,1,1,16.00277778,0.010562423,0.000562423
3,REU04,BT,REU04_BT,1,0,1,0,0,0,1,1,18.00388889,0.010906126,0.000906126
3,REU04,BT,REU04_BT,1,0,1,0,0,0,1,1,20.00361111,0.011296697,0.001296697
3,REU04,BT,REU04_BT,1,0,1,0,0,0,1,1,22.00444444,0.011077977,0.001077977
3,REU04,BT,REU04_BT,1,0,1,0,0,0,1,1,24.00444444,0.011367,0.001367
4,REU04,ER,REU04_ER,1,0,1,0,0,0,1,1,0,0.01,0
4,REU04,ER,REU04_ER,1,0,1,0,0,0,1,1,2.000277778,-0.004241069,-0.014241069
4,REU04,ER,REU04_ER,1,0,1,0,0,0,1,1,4.000277778,0.002420076,-0.007579924
4,REU04,ER,REU04_ER,1,0,1,0,0,0,1,1,6.000833333,0.000812214,-0.009187786
4,REU04,ER,REU04_ER,1,0,1,0,0,0,1,1,8.001111111,-0.003016031,-0.013016031
4,REU04,ER,REU04_ER,1,0,1,0,0,0,1,1,10.00166667,0.004870153,-0.005129847
4,REU04,ER,REU04_ER,1,0,1,0,0,0,1,1,12.00222222,0.009387481,-0.000612519
4,REU04,ER,REU04_ER,1,0,1,0,0,0,1,1,14.00277778,0.010612519,0.000612519
4,REU04,ER,REU04_ER,1,0,1,0,0,0,1,1,16.00277778,0.012832901,0.002832901
4,REU04,ER,REU04_ER,1,0,1,0,0,0,1,1,18.00388889,0.007167099,-0.002832901
4,REU04,ER,REU04_ER,1,0,1,0,0,0,1,1,20.00361111,0.006095191,-0.003904809
4,REU04,ER,REU04_ER,1,0,1,0,0,0,1,1,22.00444444,0.004946718,-0.005053282
4,REU04,ER,REU04_ER,1,0,1,0,0,0,1,1,24.00444444,-3E-05,-0.01003
5,REU04,FP,REU04_FP,1,0,1,0,0,0,1,1,0,0.01,0
5,REU04,FP,REU04_FP,1,0,1,0,0,0,1,1,2.000277778,0.010993559,0.000993559
5,REU04,FP,REU04_FP,1,0,1,0,0,0,1,1,4.000277778,0.010633477,0.000633477
5,REU04,FP,REU04_FP,1,0,1,0,0,0,1,1,6.000833333,0.010800182,0.000800182
5,REU04,FP,REU04_FP,1,0,1,0,0,0,1,1,8.001111111,0.011563689,0.001563689
5,REU04,FP,REU04_FP,1,0,1,0,0,0,1,1,10.00166667,0.010650148,0.000650148
5,REU04,FP,REU04_FP,1,0,1,0,0,0,1,1,12.00222222,0.010556793,0.000556793
5,REU04,FP,REU04_FP,1,0,1,0,0,0,1,1,14.00277778,0.010510116,0.000510116
5,REU04,FP,REU04_FP,1,0,1,0,0,0,1,1,16.00277778,0.01035008,0.00035008
5,REU04,FP,REU04_FP,1,0,1,0,0,0,1,1,18.00388889,0.010966886,0.000966886
5,REU04,FP,REU04_FP,1,0,1,0,0,0,1,1,20.00361111,0.011086914,0.001086914
5,REU04,FP,REU04_FP,1,0,1,0,0,0,1,1,22.00444444,0.011130257,0.001130257
5,REU04,FP,REU04_FP,1,0,1,0,0,0,1,1,24.00444444,0.011467,0.001467
6,REU04,BH-BP,REU04_BH-BP,1,0,1,0,0,0,1,1,0,0.01,0
6,REU04,BH-BP,REU04_BH-BP,1,0,1,0,0,0,1,1,2.000277778,0.011502624,0.001502624
6,REU04,BH-BP,REU04_BH-BP,1,0,1,0,0,0,1,1,4.000277778,0.010679268,0.000679268
6,REU04,BH-BP,REU04_BH-BP,1,0,1,0,0,0,1,1,6.000833333,0.010905691,0.000905691
6,REU04,BH-BP,REU04_BH-BP,1,0,1,0,0,0,1,1,8.001111111,0.013072146,0.003072146
6,REU04,BH-BP,REU04_BH-BP,1,0,1,0,0,0,1,1,10.00166667,0.01074102,0.00074102
6,REU04,BH-BP,REU04_BH-BP,1,0,1,0,0,0,1,1,12.00222222,0.010632955,0.000632955
6,REU04,BH-BP,REU04_BH-BP,1,0,1,0,0,0,1,1,14.00277778,0.010571203,0.000571203
6,REU04,BH-BP,REU04_BH-BP,1,0,1,0,0,0,1,1,16.00277778,0.01034478,0.00034478
6,REU04,BH-BP,REU04_BH-BP,1,0,1,0,0,0,1,1,18.00388889,0.011919448,0.001919448
6,REU04,BH-BP,REU04_BH-BP,1,0,1,0,0,0,1,1,20.00361111,0.012166455,0.002166455
6,REU04,BH-BP,REU04_BH-BP,1,0,1,0,0,0,1,1,22.00444444,0.012320834,0.002320834
6,REU04,BH-BP,REU04_BH-BP,1,0,1,0,0,0,1,1,24.00444444,0.013067,0.003067
7,REU04,BH-BT,REU04_BH-BT,1,0,1,0,0,0,1,1,0,0.01,0
7,REU04,BH-BT,REU04_BH-BT,1,0,1,0,0,0,1,1,2.000277778,0.016419882,0.006419882
7,REU04,BH-BT,REU04_BH-BT,1,0,1,0,0,0,1,1,4.000277778,0.014155865,0.004155865
7,REU04,BH-BT,REU04_BH-BT,1,0,1,0,0,0,1,1,6.000833333,0.015024255,0.005024255
7,REU04,BH-BT,REU04_BH-BT,1,0,1,0,0,0,1,1,8.001111111,0.021831811,0.011831811
7,REU04,BH-BT,REU04_BH-BT,1,0,1,0,0,0,1,1,10.00166667,0.014605567,0.004605567
7,REU04,BH-BT,REU04_BH-BT,1,0,1,0,0,0,1,1,12.00222222,0.014124852,0.004124852
7,REU04,BH-BT,REU04_BH-BT,1,0,1,0,0,0,1,1,14.00277778,0.013861233,0.003861233
7,REU04,BH-BT,REU04_BH-BT,1,0,1,0,0,0,1,1,16.00277778,0.01265169,0.00265169
7,REU04,BH-BT,REU04_BH-BT,1,0,1,0,0,0,1,1,18.00388889,0.018994037,0.008994037
7,REU04,BH-BT,REU04_BH-BT,1,0,1,0,0,0,1,1,20.00361111,0.019877934,0.009877934
7,REU04,BH-BT,REU04_BH-BT,1,0,1,0,0,0,1,1,22.00444444,0.020544733,0.010544733
7,REU04,BH-BT,REU04_BH-BT,1,0,1,0,0,0,1,1,24.00444444,0.023367,0.013367
8,REU04,BH-ER,REU04_BH-ER,1,0,1,0,0,0,1,1,0,0.01,0
8,REU04,BH-ER,REU04_BH-ER,1,0,1,0,0,0,1,1,2.000277778,0.007562524,-0.002437476
8,REU04,BH-ER,REU04_BH-ER,1,0,1,0,0,0,1,1,4.000277778,0.009470114,-0.000529886
8,REU04,BH-ER,REU04_BH-ER,1,0,1,0,0,0,1,1,6.000833333,0.0088107,-0.0011893
8,REU04,BH-ER,REU04_BH-ER,1,0,1,0,0,0,1,1,8.001111111,0.002475619,-0.007524381
8,REU04,BH-ER,REU04_BH-ER,1,0,1,0,0,0,1,1,10.00166667,0.009952899,-4.71009999999991E-05
8,REU04,BH-ER,REU04_BH-ER,1,0,1,0,0,0,1,1,12.00222222,0.010376808,0.000376808
8,REU04,BH-ER,REU04_BH-ER,1,0,1,0,0,0,1,1,14.00277778,0.010671189,0.000671189
8,REU04,BH-ER,REU04_BH-ER,1,0,1,0,0,0,1,1,16.00277778,0.011483681,0.001483681
8,REU04,BH-ER,REU04_BH-ER,1,0,1,0,0,0,1,1,18.00388889,0.005183925,-0.004816075
8,REU04,BH-ER,REU04_BH-ER,1,0,1,0,0,0,1,1,20.00361111,0.005019072,-0.004980928
8,REU04,BH-ER,REU04_BH-ER,1,0,1,0,0,0,1,1,22.00444444,0.003688469,-0.006311531
8,REU04,BH-ER,REU04_BH-ER,1,0,1,0,0,0,1,1,24.00444444,0.00277,-0.00723
9,REU04,BH,REU04_BH,2,0,1,0,0,0,1,1,0,0.01,0
9,REU04,BH,REU04_BH,2,0,1,0,0,0,1,1,2.000277778,0.0166936,0.0066936
9,REU04,BH,REU04_BH,2,0,1,0,0,0,1,1,4.000277778,0.015679418,0.005679418
9,REU04,BH,REU04_BH,2,0,1,0,0,0,1,1,6.000833333,0.015527291,0.005527291
9,REU04,BH,REU04_BH,2,0,1,0,0,0,1,1,8.001111111,0.017403527,0.007403527
9,REU04,BH,REU04_BH,2,0,1,0,0,0,1,1,10.00166667,0.013194673,0.003194673
9,REU04,BH,REU04_BH,2,0,1,0,0,0,1,1,12.00222222,0.013549636,0.003549636
9,REU04,BH,REU04_BH,2,0,1,0,0,0,1,1,14.00277778,0.012180491,0.002180491
9,REU04,BH,REU04_BH,2,0,1,0,0,0,1,1,16.00277778,0.011064891,0.001064891
9,REU04,BH,REU04_BH,2,0,1,0,0,0,1,1,18.00388889,0.0133468,0.0033468
9,REU04,BH,REU04_BH,2,0,1,0,0,0,1,1,20.00361111,0.0172514,0.0072514
9,REU04,BH,REU04_BH,2,0,1,0,0,0,1,1,22.00444444,0.014665236,0.004665236
9,REU04,BH,REU04_BH,2,0,1,0,0,0,1,1,24.00444444,0.018367,0.008367
10,REU04,BP,REU04_BP,2,0,1,0,0,0,1,1,0,0.01,0
10,REU04,BP,REU04_BP,2,0,1,0,0,0,1,1,2.000277778,0.011166088,0.001166088
10,REU04,BP,REU04_BP,2,0,1,0,0,0,1,1,4.000277778,0.010834275,0.000834275
10,REU04,BP,REU04_BP,2,0,1,0,0,0,1,1,6.000833333,0.011014402,0.001014402
10,REU04,BP,REU04_BP,2,0,1,0,0,0,1,1,8.001111111,0.010872196,0.000872196
10,REU04,BP,REU04_BP,2,0,1,0,0,0,1,1,10.00166667,0.01072999,0.00072999
10,REU04,BP,REU04_BP,2,0,1,0,0,0,1,1,12.00222222,0.010654147,0.000654147
10,REU04,BP,REU04_BP,2,0,1,0,0,0,1,1,14.00277778,0.010673108,0.000673108
10,REU04,BP,REU04_BP,2,0,1,0,0,0,1,1,16.00277778,0.01049298,0.00049298
10,REU04,BP,REU04_BP,2,0,1,0,0,0,1,1,18.00388889,0.010853235,0.000853235
10,REU04,BP,REU04_BP,2,0,1,0,0,0,1,1,20.00361111,0.010872196,0.000872196
10,REU04,BP,REU04_BP,2,0,1,0,0,0,1,1,22.00444444,0.010967,0.000967
10,REU04,BP,REU04_BP,2,0,1,0,0,0,1,1,24.00444444,0.010967,0.000967
11,REU04,BT,REU04_BT,2,0,1,0,0,0,1,1,0,0.01,0
11,REU04,BT,REU04_BT,2,0,1,0,0,0,1,1,2.000277778,0.014592449,0.004592449
11,REU04,BT,REU04_BT,2,0,1,0,0,0,1,1,4.000277778,0.014068114,0.004068114
11,REU04,BT,REU04_BT,2,0,1,0,0,0,1,1,6.000833333,0.014664771,0.004664771
11,REU04,BT,REU04_BT,2,0,1,0,0,0,1,1,8.001111111,0.014104275,0.004104275
11,REU04,BT,REU04_BT,2,0,1,0,0,0,1,1,10.00166667,0.013399136,0.003399136
11,REU04,BT,REU04_BT,2,0,1,0,0,0,1,1,12.00222222,0.01320025,0.00320025
11,REU04,BT,REU04_BT,2,0,1,0,0,0,1,1,14.00277778,0.013399136,0.003399136
11,REU04,BT,REU04_BT,2,0,1,0,0,0,1,1,16.00277778,0.012730157,0.002730157
11,REU04,BT,REU04_BT,2,0,1,0,0,0,1,1,18.00388889,0.013055606,0.003055606
11,REU04,BT,REU04_BT,2,0,1,0,0,0,1,1,20.00361111,0.013706504,0.003706504
11,REU04,BT,REU04_BT,2,0,1,0,0,0,1,1,22.00444444,0.013887309,0.003887309
11,REU04,BT,REU04_BT,2,0,1,0,0,0,1,1,24.00444444,0.014267,0.004267
12,REU04,ER,REU04_ER,2,0,1,0,0,0,1,1,0,0.01,0
12,REU04,ER,REU04_ER,2,0,1,0,0,0,1,1,2.000277778,-0.000551474,-0.010551474
12,REU04,ER,REU04_ER,2,0,1,0,0,0,1,1,4.000277778,0.003739167,-0.006260833
12,REU04,ER,REU04_ER,2,0,1,0,0,0,1,1,6.000833333,0.003870513,-0.006129487
12,REU04,ER,REU04_ER,2,0,1,0,0,0,1,1,8.001111111,0.000718205,-0.009281795
12,REU04,ER,REU04_ER,2,0,1,0,0,0,1,1,10.00166667,0.00465859,-0.00534141
12,REU04,ER,REU04_ER,2,0,1,0,0,0,1,1,12.00222222,0.007460641,-0.002539359
12,REU04,ER,REU04_ER,2,0,1,0,0,0,1,1,14.00277778,0.007854679,-0.002145321
12,REU04,ER,REU04_ER,2,0,1,0,0,0,1,1,16.00277778,0.008380064,-0.001619936
12,REU04,ER,REU04_ER,2,0,1,0,0,0,1,1,18.00388889,0.006409872,-0.003590128
12,REU04,ER,REU04_ER,2,0,1,0,0,0,1,1,20.00361111,0.005928269,-0.004071731
12,REU04,ER,REU04_ER,2,0,1,0,0,0,1,1,22.00444444,0.004352115,-0.005647885
12,REU04,ER,REU04_ER,2,0,1,0,0,0,1,1,24.00444444,0.00317,-0.00683
13,REU04,FP,REU04_FP,2,0,1,0,0,0,1,1,0,0.01,0
13,REU04,FP,REU04_FP,2,0,1,0,0,0,1,1,2.000277778,0.01131433,0.00131433
13,REU04,FP,REU04_FP,2,0,1,0,0,0,1,1,4.000277778,0.010945047,0.000945047
13,REU04,FP,REU04_FP,2,0,1,0,0,0,1,1,6.000833333,0.011036375,0.001036375
13,REU04,FP,REU04_FP,2,0,1,0,0,0,1,1,8.001111111,0.011890094,0.001890094
13,REU04,FP,REU04_FP,2,0,1,0,0,0,1,1,10.00166667,0.011032404,0.001032404
13,REU04,FP,REU04_FP,2,0,1,0,0,0,1,1,12.00222222,0.010869602,0.000869602
13,REU04,FP,REU04_FP,2,0,1,0,0,0,1,1,14.00277778,0.010817982,0.000817982
13,REU04,FP,REU04_FP,2,0,1,0,0,0,1,1,16.00277778,0.010714742,0.000714742
13,REU04,FP,REU04_FP,2,0,1,0,0,0,1,1,18.00388889,0.011175353,0.001175353
13,REU04,FP,REU04_FP,2,0,1,0,0,0,1,1,20.00361111,0.01126271,0.00126271
13,REU04,FP,REU04_FP,2,0,1,0,0,0,1,1,22.00444444,0.011437425,0.001437425
13,REU04,FP,REU04_FP,2,0,1,0,0,0,1,1,24.00444444,0.011767,0.001767
14,REU04,BH-BP,REU04_BH-BP,2,0,1,0,0,0,1,1,0,0.01,0
14,REU04,BH-BP,REU04_BH-BP,2,0,1,0,0,0,1,1,2.000277778,0.012444955,0.002444955
14,REU04,BH-BP,REU04_BH-BP,2,0,1,0,0,0,1,1,4.000277778,0.01139207,0.00139207
14,REU04,BH-BP,REU04_BH-BP,2,0,1,0,0,0,1,1,6.000833333,0.011462733,0.001462733
14,REU04,BH-BP,REU04_BH-BP,2,0,1,0,0,0,1,1,8.001111111,0.014494194,0.004494194
14,REU04,BH-BP,REU04_BH-BP,2,0,1,0,0,0,1,1,10.00166667,0.011328472,0.001328472
14,REU04,BH-BP,REU04_BH-BP,2,0,1,0,0,0,1,1,12.00222222,0.011194212,0.001194212
14,REU04,BH-BP,REU04_BH-BP,2,0,1,0,0,0,1,1,14.00277778,0.011067018,0.001067018
14,REU04,BH-BP,REU04_BH-BP,2,0,1,0,0,0,1,1,16.00277778,0.01079143,0.00079143
14,REU04,BH-BP,REU04_BH-BP,2,0,1,0,0,0,1,1,18.00388889,0.012671078,0.002671078
14,REU04,BH-BP,REU04_BH-BP,2,0,1,0,0,0,1,1,20.00361111,0.013003196,0.003003196
14,REU04,BH-BP,REU04_BH-BP,2,0,1,0,0,0,1,1,22.00444444,0.013540238,0.003540238
14,REU04,BH-BP,REU04_BH-BP,2,0,1,0,0,0,1,1,24.00444444,0.014367,0.004367
15,REU04,BH-BT,REU04_BH-BT,2,0,1,0,0,0,1,1,0,0.01,0
15,REU04,BH-BT,REU04_BH-BT,2,0,1,0,0,0,1,1,2.000277778,0.017365,0.007365
15,REU04,BH-BT,REU04_BH-BT,2,0,1,0,0,0,1,1,4.000277778,0.01463504,0.00463504
15,REU04,BH-BT,REU04_BH-BT,2,0,1,0,0,0,1,1,6.000833333,0.0151064,0.0051064
15,REU04,BH-BT,REU04_BH-BT,2,0,1,0,0,0,1,1,8.001111111,0.02445504,0.01445504
15,REU04,BH-BT,REU04_BH-BT,2,0,1,0,0,0,1,1,10.00166667,0.01453684,0.00453684
15,REU04,BH-BT,REU04_BH-BT,2,0,1,0,0,0,1,1,12.00222222,0.01430116,0.00430116
15,REU04,BH-BT,REU04_BH-BT,2,0,1,0,0,0,1,1,14.00277778,0.0140262,0.0040262
15,REU04,BH-BT,REU04_BH-BT,2,0,1,0,0,0,1,1,16.00277778,0.01286744,0.00286744
15,REU04,BH-BT,REU04_BH-BT,2,0,1,0,0,0,1,1,18.00388889,0.02107696,0.01107696
15,REU04,BH-BT,REU04_BH-BT,2,0,1,0,0,0,1,1,20.00361111,0.02215716,0.01215716
15,REU04,BH-BT,REU04_BH-BT,2,0,1,0,0,0,1,1,22.00444444,0.02488712,0.01488712
15,REU04,BH-BT,REU04_BH-BT,2,0,1,0,0,0,1,1,24.00444444,0.028167,0.018167
16,REU04,BH-ER,REU04_BH-ER,2,0,1,0,0,0,1,1,0,0.01,0
16,REU04,BH-ER,REU04_BH-ER,2,0,1,0,0,0,1,1,2.000277778,0.008209716,-0.001790284
16,REU04,BH-ER,REU04_BH-ER,2,0,1,0,0,0,1,1,4.000277778,0.010295786,0.000295786
16,REU04,BH-ER,REU04_BH-ER,2,0,1,0,0,0,1,1,6.000833333,0.009968865,-3.11349999999998E-05
16,REU04,BH-ER,REU04_BH-ER,2,0,1,0,0,0,1,1,8.001111111,0.002309563,-0.007690437
16,REU04,BH-ER,REU04_BH-ER,2,0,1,0,0,0,1,1,10.00166667,0.010918493,0.000918493
16,REU04,BH-ER,REU04_BH-ER,2,0,1,0,0,0,1,1,12.00222222,0.011245415,0.001245415
16,REU04,BH-ER,REU04_BH-ER,2,0,1,0,0,0,1,1,14.00277778,0.011556769,0.001556769
16,REU04,BH-ER,REU04_BH-ER,2,0,1,0,0,0,1,1,16.00277778,0.012132773,0.002132773
16,REU04,BH-ER,REU04_BH-ER,2,0,1,0,0,0,1,1,18.00388889,0.006217052,-0.003782948
16,REU04,BH-ER,REU04_BH-ER,2,0,1,0,0,0,1,1,20.00361111,0.005750022,-0.004249978
16,REU04,BH-ER,REU04_BH-ER,2,0,1,0,0,0,1,1,22.00444444,0.004255524,-0.005744476
16,REU04,BH-ER,REU04_BH-ER,2,0,1,0,0,0,1,1,24.00444444,0.00287,-0.00713
17,REU04,BH,REU04_BH,3,0,1,0,0,0,1,1,0,0.01,0
17,REU04,BH,REU04_BH,3,0,1,0,0,0,1,1,2.000277778,0.010088075,8.8075E-05
17,REU04,BH,REU04_BH,3,0,1,0,0,0,1,1,4.000277778,0.00960366,-0.00039634
17,REU04,BH,REU04_BH,3,0,1,0,0,0,1,1,6.000833333,0.00980183,-0.00019817
17,REU04,BH,REU04_BH,3,0,1,0,0,0,1,1,8.001111111,0.010660566,0.000660566
17,REU04,BH,REU04_BH,3,0,1,0,0,0,1,1,10.00166667,0.009317415,-0.000682585
17,REU04,BH,REU04_BH,3,0,1,0,0,0,1,1,12.00222222,0.009559623,-0.000440377
17,REU04,BH,REU04_BH,3,0,1,0,0,0,1,1,14.00277778,0.009493566,-0.000506434
17,REU04,BH,REU04_BH,3,0,1,0,0,0,1,1,16.00277778,0.009383472,-0.000616528
17,REU04,BH,REU04_BH,3,0,1,0,0,0,1,1,18.00388889,0.00980183,-0.00019817
17,REU04,BH,REU04_BH,3,0,1,0,0,0,1,1,20.00361111,0.010176151,0.000176151
17,REU04,BH,REU04_BH,3,0,1,0,0,0,1,1,22.00444444,0.010550472,0.000550472
17,REU04,BH,REU04_BH,3,0,1,0,0,0,1,1,24.00444444,0.011167,0.001167
18,REU04,BP,REU04_BP,3,0,1,0,0,0,1,1,0,0.01,0
18,REU04,BP,REU04_BP,3,0,1,0,0,0,1,1,2.000277778,0.012495597,0.002495597
18,REU04,BP,REU04_BP,3,0,1,0,0,0,1,1,4.000277778,0.012113618,0.002113618
18,REU04,BP,REU04_BP,3,0,1,0,0,0,1,1,6.000833333,0.01231734,0.00231734
18,REU04,BP,REU04_BP,3,0,1,0,0,0,1,1,8.001111111,0.012521063,0.002521063
18,REU04,BP,REU04_BP,3,0,1,0,0,0,1,1,10.00166667,0.012342806,0.002342806
18,REU04,BP,REU04_BP,3,0,1,0,0,0,1,1,12.00222222,0.01231734,0.00231734
18,REU04,BP,REU04_BP,3,0,1,0,0,0,1,1,14.00277778,0.012571993,0.002571993
18,REU04,BP,REU04_BP,3,0,1,0,0,0,1,1,16.00277778,0.012419201,0.002419201
18,REU04,BP,REU04_BP,3,0,1,0,0,0,1,1,18.00388889,0.012444667,0.002444667
18,REU04,BP,REU04_BP,3,0,1,0,0,0,1,1,20.00361111,0.013081299,0.003081299
18,REU04,BP,REU04_BP,3,0,1,0,0,0,1,1,22.00444444,0.01318316,0.00318316
18,REU04,BP,REU04_BP,3,0,1,0,0,0,1,1,24.00444444,0.013667,0.003667
19,REU04,BT,REU04_BT,3,0,1,0,0,0,1,1,0,0.01,0
19,REU04,BT,REU04_BT,3,0,1,0,0,0,1,1,2.000277778,0.011979249,0.001979249
19,REU04,BT,REU04_BT,3,0,1,0,0,0,1,1,4.000277778,0.011833716,0.001833716
19,REU04,BT,REU04_BT,3,0,1,0,0,0,1,1,6.000833333,0.012124782,0.002124782
19,REU04,BT,REU04_BT,3,0,1,0,0,0,1,1,8.001111111,0.012168442,0.002168442
19,REU04,BT,REU04_BT,3,0,1,0,0,0,1,1,10.00166667,0.012037462,0.002037462
19,REU04,BT,REU04_BT,3,0,1,0,0,0,1,1,12.00222222,0.011877376,0.001877376
19,REU04,BT,REU04_BT,3,0,1,0,0,0,1,1,14.00277778,0.012153888,0.002153888
19,REU04,BT,REU04_BT,3,0,1,0,0,0,1,1,16.00277778,0.011964695,0.001964695
19,REU04,BT,REU04_BT,3,0,1,0,0,0,1,1,18.00388889,0.011950142,0.001950142
19,REU04,BT,REU04_BT,3,0,1,0,0,0,1,1,20.00361111,0.012503168,0.002503168
19,REU04,BT,REU04_BT,3,0,1,0,0,0,1,1,22.00444444,0.012677807,0.002677807
19,REU04,BT,REU04_BT,3,0,1,0,0,0,1,1,24.00444444,0.012867,0.002867
20,REU04,ER,REU04_ER,3,0,1,0,0,0,1,1,0,0.01,0
20,REU04,ER,REU04_ER,3,0,1,0,0,0,1,1,2.000277778,-0.023910962,-0.033910962
20,REU04,ER,REU04_ER,3,0,1,0,0,0,1,1,4.000277778,-0.005430385,-0.015430385
20,REU04,ER,REU04_ER,3,0,1,0,0,0,1,1,6.000833333,-0.003277308,-0.013277308
20,REU04,ER,REU04_ER,3,0,1,0,0,0,1,1,8.001111111,-0.009018846,-0.019018846
20,REU04,ER,REU04_ER,3,0,1,0,0,0,1,1,10.00166667,-0.002559615,-0.012559615
20,REU04,ER,REU04_ER,3,0,1,0,0,0,1,1,12.00222222,0.006411538,-0.003588462
20,REU04,ER,REU04_ER,3,0,1,0,0,0,1,1,14.00277778,0.006770385,-0.003229615
20,REU04,ER,REU04_ER,3,0,1,0,0,0,1,1,16.00277778,0.010358846,0.000358846
20,REU04,ER,REU04_ER,3,0,1,0,0,0,1,1,18.00388889,0.006949808,-0.003050192
20,REU04,ER,REU04_ER,3,0,1,0,0,0,1,1,20.00361111,0.005693846,-0.004306154
20,REU04,ER,REU04_ER,3,0,1,0,0,0,1,1,22.00444444,0.001208269,-0.008791731
20,REU04,ER,REU04_ER,3,0,1,0,0,0,1,1,24.00444444,0.00067,-0.00933
21,REU04,FP,REU04_FP,3,0,1,0,0,0,1,1,0,0.01,0
21,REU04,FP,REU04_FP,3,0,1,0,0,0,1,1,2.000277778,0.012484614,0.002484614
21,REU04,FP,REU04_FP,3,0,1,0,0,0,1,1,4.000277778,0.0120202,0.0020202
21,REU04,FP,REU04_FP,3,0,1,0,0,0,1,1,6.000833333,0.01200859,0.00200859
21,REU04,FP,REU04_FP,3,0,1,0,0,0,1,1,8.001111111,0.013169624,0.003169624
21,REU04,FP,REU04_FP,3,0,1,0,0,0,1,1,10.00166667,0.012275628,0.002275628
21,REU04,FP,REU04_FP,3,0,1,0,0,0,1,1,12.00222222,0.012252407,0.002252407
21,REU04,FP,REU04_FP,3,0,1,0,0,0,1,1,14.00277778,0.012205966,0.002205966
21,REU04,FP,REU04_FP,3,0,1,0,0,0,1,1,16.00277778,0.012147914,0.002147914
21,REU04,FP,REU04_FP,3,0,1,0,0,0,1,1,18.00388889,0.012600717,0.002600717
21,REU04,FP,REU04_FP,3,0,1,0,0,0,1,1,20.00361111,0.012740041,0.002740041
21,REU04,FP,REU04_FP,3,0,1,0,0,0,1,1,22.00444444,0.013158014,0.003158014
21,REU04,FP,REU04_FP,3,0,1,0,0,0,1,1,24.00444444,0.013367,0.003367
22,REU04,BH-BP,REU04_BH-BP,3,0,1,0,0,0,1,1,0,0.01,0
22,REU04,BH-BP,REU04_BH-BP,3,0,1,0,0,0,1,1,2.000277778,0.012978,0.002978
22,REU04,BH-BP,REU04_BH-BP,3,0,1,0,0,0,1,1,4.000277778,0.011796645,0.001796645
22,REU04,BH-BP,REU04_BH-BP,3,0,1,0,0,0,1,1,6.000833333,0.011821256,0.001821256
22,REU04,BH-BP,REU04_BH-BP,3,0,1,0,0,0,1,1,8.001111111,0.015057678,0.005057678
22,REU04,BH-BP,REU04_BH-BP,3,0,1,0,0,0,1,1,10.00166667,0.011747421,0.001747421
22,REU04,BH-BP,REU04_BH-BP,3,0,1,0,0,0,1,1,12.00222222,0.011747421,0.001747421
22,REU04,BH-BP,REU04_BH-BP,3,0,1,0,0,0,1,1,14.00277778,0.011661281,0.001661281
22,REU04,BH-BP,REU04_BH-BP,3,0,1,0,0,0,1,1,16.00277778,0.011525917,0.001525917
22,REU04,BH-BP,REU04_BH-BP,3,0,1,0,0,0,1,1,18.00388889,0.012756496,0.002756496
22,REU04,BH-BP,REU04_BH-BP,3,0,1,0,0,0,1,1,20.00361111,0.013113364,0.003113364
22,REU04,BH-BP,REU04_BH-BP,3,0,1,0,0,0,1,1,22.00444444,0.013777876,0.003777876
22,REU04,BH-BP,REU04_BH-BP,3,0,1,0,0,0,1,1,24.00444444,0.014467,0.004467
23,REU04,BH-BT,REU04_BH-BT,3,0,1,0,0,0,1,1,0,0.01,0
23,REU04,BH-BT,REU04_BH-BT,3,0,1,0,0,0,1,1,2.000277778,0.01541755,0.00541755
23,REU04,BH-BT,REU04_BH-BT,3,0,1,0,0,0,1,1,4.000277778,0.013412353,0.003412353
23,REU04,BH-BT,REU04_BH-BT,3,0,1,0,0,0,1,1,6.000833333,0.013306816,0.003306816
23,REU04,BH-BT,REU04_BH-BT,3,0,1,0,0,0,1,1,8.001111111,0.021714571,0.011714571
23,REU04,BH-BT,REU04_BH-BT,3,0,1,0,0,0,1,1,10.00166667,0.012919848,0.002919848
23,REU04,BH-BT,REU04_BH-BT,3,0,1,0,0,0,1,1,12.00222222,0.013130921,0.003130921
23,REU04,BH-BT,REU04_BH-BT,3,0,1,0,0,0,1,1,14.00277778,0.012955027,0.002955027
23,REU04,BH-BT,REU04_BH-BT,3,0,1,0,0,0,1,1,16.00277778,0.012304218,0.002304218
23,REU04,BH-BT,REU04_BH-BT,3,0,1,0,0,0,1,1,18.00388889,0.017545873,0.007545873
23,REU04,BH-BT,REU04_BH-BT,3,0,1,0,0,0,1,1,20.00361111,0.018917849,0.008917849
23,REU04,BH-BT,REU04_BH-BT,3,0,1,0,0,0,1,1,22.00444444,0.02111653,0.01111653
23,REU04,BH-BT,REU04_BH-BT,3,0,1,0,0,0,1,1,24.00444444,0.023667,0.013667
24,REU04,BH-ER,REU04_BH-ER,3,0,1,0,0,0,1,1,0,0.01,0
24,REU04,BH-ER,REU04_BH-ER,3,0,1,0,0,0,1,1,2.000277778,0.00655814,-0.00344186
24,REU04,BH-ER,REU04_BH-ER,3,0,1,0,0,0,1,1,4.000277778,0.009288872,-0.000711128
24,REU04,BH-ER,REU04_BH-ER,3,0,1,0,0,0,1,1,6.000833333,0.009743994,-0.000256006
24,REU04,BH-ER,REU04_BH-ER,3,0,1,0,0,0,1,1,8.001111111,-0.000809146,-0.010809146
24,REU04,BH-ER,REU04_BH-ER,3,0,1,0,0,0,1,1,10.00166667,0.010711128,0.000711128
24,REU04,BH-ER,REU04_BH-ER,3,0,1,0,0,0,1,1,12.00222222,0.010654238,0.000654238
24,REU04,BH-ER,REU04_BH-ER,3,0,1,0,0,0,1,1,14.00277778,0.010910244,0.000910244
24,REU04,BH-ER,REU04_BH-ER,3,0,1,0,0,0,1,1,16.00277778,0.011649817,0.001649817
24,REU04,BH-ER,REU04_BH-ER,3,0,1,0,0,0,1,1,18.00388889,0.005704787,-0.004295213
24,REU04,BH-ER,REU04_BH-ER,3,0,1,0,0,0,1,1,20.00361111,0.004737652,-0.005262348
24,REU04,BH-ER,REU04_BH-ER,3,0,1,0,0,0,1,1,22.00444444,0.00288872,-0.00711128
24,REU04,BH-ER,REU04_BH-ER,3,0,1,0,0,0,1,1,24.00444444,0.00067,-0.00933
25,REU04,BH-FP,REU04_BH-FP,1,0,1,0,0,0,1,1,0,0.01,0
25,REU04,BH-FP,REU04_BH-FP,1,0,1,0,0,0,1,1,2.000277778,0.010057667,5.76670000000008E-05
25,REU04,BH-FP,REU04_BH-FP,1,0,1,0,0,0,1,1,4.000277778,0.0104325,0.0004325
25,REU04,BH-FP,REU04_BH-FP,1,0,1,0,0,0,1,1,6.000833333,0.010346,0.000346
25,REU04,BH-FP,REU04_BH-FP,1,0,1,0,0,0,1,1,8.001111111,0.010201833,0.000201833
25,REU04,BH-FP,REU04_BH-FP,1,0,1,0,0,0,1,1,10.00166667,0.010893833,0.000893833
25,REU04,BH-FP,REU04_BH-FP,1,0,1,0,0,0,1,1,12.00222222,0.010749667,0.000749667
25,REU04,BH-FP,REU04_BH-FP,1,0,1,0,0,0,1,1,14.00277778,0.010692,0.000692
25,REU04,BH-FP,REU04_BH-FP,1,0,1,0,0,0,1,1,16.00277778,0.0106055,0.0006055
25,REU04,BH-FP,REU04_BH-FP,1,0,1,0,0,0,1,1,18.00388889,0.009711667,-0.000288333
25,REU04,BH-FP,REU04_BH-FP,1,0,1,0,0,0,1,1,20.00361111,0.0092215,-0.0007785
25,REU04,BH-FP,REU04_BH-FP,1,0,1,0,0,0,1,1,22.00444444,0.008673667,-0.001326333
25,REU04,BH-FP,REU04_BH-FP,1,0,1,0,0,0,1,1,24.00444444,0.00827,-0.00173
26,REU04,BP-BT,REU04_BP-BT,1,0,1,0,0,0,1,1,0,0.01,0
26,REU04,BP-BT,REU04_BP-BT,1,0,1,0,0,0,1,1,2.000277778,0.011435345,0.001435345
26,REU04,BP-BT,REU04_BP-BT,1,0,1,0,0,0,1,1,4.000277778,0.010941945,0.000941945
26,REU04,BP-BT,REU04_BP-BT,1,0,1,0,0,0,1,1,6.000833333,0.011255927,0.001255927
26,REU04,BP-BT,REU04_BP-BT,1,0,1,0,0,0,1,1,8.001111111,0.011435345,0.001435345
26,REU04,BP-BT,REU04_BP-BT,1,0,1,0,0,0,1,1,10.00166667,0.010919518,0.000919518
26,REU04,BP-BT,REU04_BP-BT,1,0,1,0,0,0,1,1,12.00222222,0.0109868,0.0009868
26,REU04,BP-BT,REU04_BP-BT,1,0,1,0,0,0,1,1,14.00277778,0.011098936,0.001098936
26,REU04,BP-BT,REU04_BP-BT,1,0,1,0,0,0,1,1,16.00277778,0.011143791,0.001143791
26,REU04,BP-BT,REU04_BP-BT,1,0,1,0,0,0,1,1,18.00388889,0.011525055,0.001525055
26,REU04,BP-BT,REU04_BP-BT,1,0,1,0,0,0,1,1,20.00361111,0.011816609,0.001816609
26,REU04,BP-BT,REU04_BP-BT,1,0,1,0,0,0,1,1,22.00444444,0.012018455,0.002018455
26,REU04,BP-BT,REU04_BP-BT,1,0,1,0,0,0,1,1,24.00444444,0.012467,0.002467
27,REU04,BP-ER,REU04_BP-ER,1,0,1,0,0,0,1,1,0,0.01,0
27,REU04,BP-ER,REU04_BP-ER,1,0,1,0,0,0,1,1,2.000277778,-0.013846364,-0.023846364
27,REU04,BP-ER,REU04_BP-ER,1,0,1,0,0,0,1,1,4.000277778,-0.00543,-0.01543
27,REU04,BP-ER,REU04_BP-ER,1,0,1,0,0,0,1,1,6.000833333,-0.005079318,-0.015079318
27,REU04,BP-ER,REU04_BP-ER,1,0,1,0,0,0,1,1,8.001111111,-0.002975227,-0.012975227
27,REU04,BP-ER,REU04_BP-ER,1,0,1,0,0,0,1,1,10.00166667,0.003687727,-0.006312273
27,REU04,BP-ER,REU04_BP-ER,1,0,1,0,0,0,1,1,12.00222222,0.008947955,-0.001052045
27,REU04,BP-ER,REU04_BP-ER,1,0,1,0,0,0,1,1,14.00277778,0.005090455,-0.004909545
27,REU04,BP-ER,REU04_BP-ER,1,0,1,0,0,0,1,1,16.00277778,0.012454773,0.002454773
27,REU04,BP-ER,REU04_BP-ER,1,0,1,0,0,0,1,1,18.00388889,0.010701364,0.000701364
27,REU04,BP-ER,REU04_BP-ER,1,0,1,0,0,0,1,1,20.00361111,0.004389091,-0.005610909
27,REU04,BP-ER,REU04_BP-ER,1,0,1,0,0,0,1,1,22.00444444,0.000882273,-0.009117727
27,REU04,BP-ER,REU04_BP-ER,1,0,1,0,0,0,1,1,24.00444444,-0.00543,-0.01543
28,REU04,BP-FP,REU04_BP-FP,1,0,1,0,0,0,1,1,0,0.01,0
28,REU04,BP-FP,REU04_BP-FP,1,0,1,0,0,0,1,1,2.000277778,0.009402043,-0.000597957
28,REU04,BP-FP,REU04_BP-FP,1,0,1,0,0,0,1,1,4.000277778,0.009473441,-0.000526559
28,REU04,BP-FP,REU04_BP-FP,1,0,1,0,0,0,1,1,6.000833333,0.009473441,-0.000526559
28,REU04,BP-FP,REU04_BP-FP,1,0,1,0,0,0,1,1,8.001111111,0.009379731,-0.000620269
28,REU04,BP-FP,REU04_BP-FP,1,0,1,0,0,0,1,1,10.00166667,0.009388656,-0.000611344
28,REU04,BP-FP,REU04_BP-FP,1,0,1,0,0,0,1,1,12.00222222,0.009451129,-0.000548871
28,REU04,BP-FP,REU04_BP-FP,1,0,1,0,0,0,1,1,14.00277778,0.009402043,-0.000597957
28,REU04,BP-FP,REU04_BP-FP,1,0,1,0,0,0,1,1,16.00277778,0.009424355,-0.000575645
28,REU04,BP-FP,REU04_BP-FP,1,0,1,0,0,0,1,1,18.00388889,0.009348495,-0.000651505
28,REU04,BP-FP,REU04_BP-FP,1,0,1,0,0,0,1,1,20.00361111,0.009326183,-0.000673817
28,REU04,BP-FP,REU04_BP-FP,1,0,1,0,0,0,1,1,22.00444444,0.009205699,-0.000794301
28,REU04,BP-FP,REU04_BP-FP,1,0,1,0,0,0,1,1,24.00444444,0.00917,-0.00083
29,REU04,BT-ER,REU04_BT-ER,1,0,1,0,0,0,1,1,0,0.01,0
29,REU04,BT-ER,REU04_BT-ER,1,0,1,0,0,0,1,1,2.000277778,0.023982825,0.013982825
29,REU04,BT-ER,REU04_BT-ER,1,0,1,0,0,0,1,1,4.000277778,0.018618345,0.008618345
29,REU04,BT-ER,REU04_BT-ER,1,0,1,0,0,0,1,1,6.000833333,0.01650773,0.00650773
29,REU04,BT-ER,REU04_BT-ER,1,0,1,0,0,0,1,1,8.001111111,0.020113364,0.010113364
29,REU04,BT-ER,REU04_BT-ER,1,0,1,0,0,0,1,1,10.00166667,0.016859499,0.006859499
29,REU04,BT-ER,REU04_BT-ER,1,0,1,0,0,0,1,1,12.00222222,0.013781519,0.003781519
29,REU04,BT-ER,REU04_BT-ER,1,0,1,0,0,0,1,1,14.00277778,0.01536448,0.00536448
29,REU04,BT-ER,REU04_BT-ER,1,0,1,0,0,0,1,1,16.00277778,0.018706287,0.008706287
29,REU04,BT-ER,REU04_BT-ER,1,0,1,0,0,0,1,1,18.00388889,0.030842323,0.020842323
29,REU04,BT-ER,REU04_BT-ER,1,0,1,0,0,0,1,1,20.00361111,0.048518724,0.038518724
29,REU04,BT-ER,REU04_BT-ER,1,0,1,0,0,0,1,1,22.00444444,0.10321883,0.09321883
29,REU04,BT-ER,REU04_BT-ER,1,0,1,0,0,0,1,1,24.00444444,0.237067,0.227067
30,REU04,BT-FP,REU04_BT-FP,1,0,1,0,0,0,1,1,0,0.01,0
30,REU04,BT-FP,REU04_BT-FP,1,0,1,0,0,0,1,1,2.000277778,0.028707966,0.018707966
30,REU04,BT-FP,REU04_BT-FP,1,0,1,0,0,0,1,1,4.000277778,0.020393315,0.010393315
30,REU04,BT-FP,REU04_BT-FP,1,0,1,0,0,0,1,1,6.000833333,0.019623439,0.009623439
30,REU04,BT-FP,REU04_BT-FP,1,0,1,0,0,0,1,1,8.001111111,0.030632654,0.020632654
30,REU04,BT-FP,REU04_BT-FP,1,0,1,0,0,0,1,1,10.00166667,0.019469464,0.009469464
30,REU04,BT-FP,REU04_BT-FP,1,0,1,0,0,0,1,1,12.00222222,0.018468627,0.008468627
30,REU04,BT-FP,REU04_BT-FP,1,0,1,0,0,0,1,1,14.00277778,0.018468627,0.008468627
30,REU04,BT-FP,REU04_BT-FP,1,0,1,0,0,0,1,1,16.00277778,0.018622602,0.008622602
30,REU04,BT-FP,REU04_BT-FP,1,0,1,0,0,0,1,1,18.00388889,0.024935578,0.014935578
30,REU04,BT-FP,REU04_BT-FP,1,0,1,0,0,0,1,1,20.00361111,0.030786629,0.020786629
30,REU04,BT-FP,REU04_BT-FP,1,0,1,0,0,0,1,1,22.00444444,0.041410906,0.031410906
30,REU04,BT-FP,REU04_BT-FP,1,0,1,0,0,0,1,1,24.00444444,0.071667,0.061667
31,REU04,ER-FP,REU04_ER-FP,1,0,1,0,0,0,1,1,0,0.01,0
31,REU04,ER-FP,REU04_ER-FP,1,0,1,0,0,0,1,1,2.000277778,0.00075195,-0.00924805
31,REU04,ER-FP,REU04_ER-FP,1,0,1,0,0,0,1,1,4.000277778,0.006429823,-0.003570177
31,REU04,ER-FP,REU04_ER-FP,1,0,1,0,0,0,1,1,6.000833333,0.00763422,-0.00236578
31,REU04,ER-FP,REU04_ER-FP,1,0,1,0,0,0,1,1,8.001111111,-0.004538794,-0.014538794
31,REU04,ER-FP,REU04_ER-FP,1,0,1,0,0,0,1,1,10.00166667,0.009010674,-0.000989326
31,REU04,ER-FP,REU04_ER-FP,1,0,1,0,0,0,1,1,12.00222222,0.009096702,-0.000903298
31,REU04,ER-FP,REU04_ER-FP,1,0,1,0,0,0,1,1,14.00277778,0.009311773,-0.000688227
31,REU04,ER-FP,REU04_ER-FP,1,0,1,0,0,0,1,1,16.00277778,0.010043014,4.30140000000009E-05
31,REU04,ER-FP,REU04_ER-FP,1,0,1,0,0,0,1,1,18.00388889,0.004193085,-0.005806915
31,REU04,ER-FP,REU04_ER-FP,1,0,1,0,0,0,1,1,20.00361111,0.00311773,-0.00688227
31,REU04,ER-FP,REU04_ER-FP,1,0,1,0,0,0,1,1,22.00444444,0.000364823,-0.009635177
31,REU04,ER-FP,REU04_ER-FP,1,0,1,0,0,0,1,1,24.00444444,-0.00213,-0.01213
32,REU04,BH-BP-BT,REU04_BH-BP-BT,1,0,1,0,0,0,1,1,0,0.01,0
32,REU04,BH-BP-BT,REU04_BH-BP-BT,1,0,1,0,0,0,1,1,2.000277778,0.017758381,0.007758381
32,REU04,BH-BP-BT,REU04_BH-BP-BT,1,0,1,0,0,0,1,1,4.000277778,0.013656817,0.003656817
32,REU04,BH-BP-BT,REU04_BH-BP-BT,1,0,1,0,0,0,1,1,6.000833333,0.013706233,0.003706233
32,REU04,BH-BP-BT,REU04_BH-BP-BT,1,0,1,0,0,0,1,1,8.001111111,0.031150237,0.021150237
32,REU04,BH-BP-BT,REU04_BH-BP-BT,1,0,1,0,0,0,1,1,10.00166667,0.012964987,0.002964987
32,REU04,BH-BP-BT,REU04_BH-BP-BT,1,0,1,0,0,0,1,1,12.00222222,0.01429923,0.00429923
32,REU04,BH-BP-BT,REU04_BH-BP-BT,1,0,1,0,0,0,1,1,14.00277778,0.014496896,0.004496896
32,REU04,BH-BP-BT,REU04_BH-BP-BT,1,0,1,0,0,0,1,1,16.00277778,0.013113236,0.003113236
32,REU04,BH-BP-BT,REU04_BH-BP-BT,1,0,1,0,0,0,1,1,18.00388889,0.024231935,0.014231935
32,REU04,BH-BP-BT,REU04_BH-BP-BT,1,0,1,0,0,0,1,1,20.00361111,0.028086418,0.018086418
32,REU04,BH-BP-BT,REU04_BH-BP-BT,1,0,1,0,0,0,1,1,22.00444444,0.034115224,0.024115224
32,REU04,BH-BP-BT,REU04_BH-BP-BT,1,0,1,0,0,0,1,1,24.00444444,0.046667,0.036667
33,REU04,BH-FP,REU04_BH-FP,2,0,1,0,0,0,1,1,0,0.01,0
33,REU04,BH-FP,REU04_BH-FP,2,0,1,0,0,0,1,1,2.000277778,0.009630163,-0.000369837
33,REU04,BH-FP,REU04_BH-FP,2,0,1,0,0,0,1,1,4.000277778,0.009095953,-0.000904047
33,REU04,BH-FP,REU04_BH-FP,2,0,1,0,0,0,1,1,6.000833333,0.00917814,-0.00082186
33,REU04,BH-FP,REU04_BH-FP,2,0,1,0,0,0,1,1,8.001111111,0.010041093,4.10930000000007E-05
33,REU04,BH-FP,REU04_BH-FP,2,0,1,0,0,0,1,1,10.00166667,0.009260326,-0.000739674
33,REU04,BH-FP,REU04_BH-FP,2,0,1,0,0,0,1,1,12.00222222,0.009424698,-0.000575302
33,REU04,BH-FP,REU04_BH-FP,2,0,1,0,0,0,1,1,14.00277778,0.009260326,-0.000739674
33,REU04,BH-FP,REU04_BH-FP,2,0,1,0,0,0,1,1,16.00277778,0.00917814,-0.00082186
33,REU04,BH-FP,REU04_BH-FP,2,0,1,0,0,0,1,1,18.00388889,0.01,0
33,REU04,BH-FP,REU04_BH-FP,2,0,1,0,0,0,1,1,20.00361111,0.010452023,0.000452023
33,REU04,BH-FP,REU04_BH-FP,2,0,1,0,0,0,1,1,22.00444444,0.010986233,0.000986233
33,REU04,BH-FP,REU04_BH-FP,2,0,1,0,0,0,1,1,24.00444444,0.011767,0.001767
34,REU04,BP-BT,REU04_BP-BT,2,0,1,0,0,0,1,1,0,0.01,0
34,REU04,BP-BT,REU04_BP-BT,2,0,1,0,0,0,1,1,2.000277778,0.011576221,0.001576221
34,REU04,BP-BT,REU04_BP-BT,2,0,1,0,0,0,1,1,4.000277778,0.011495389,0.001495389
34,REU04,BP-BT,REU04_BP-BT,2,0,1,0,0,0,1,1,6.000833333,0.011616637,0.001616637
34,REU04,BP-BT,REU04_BP-BT,2,0,1,0,0,0,1,1,8.001111111,0.012667451,0.002667451
34,REU04,BP-BT,REU04_BP-BT,2,0,1,0,0,0,1,1,10.00166667,0.011374142,0.001374142
34,REU04,BP-BT,REU04_BP-BT,2,0,1,0,0,0,1,1,12.00222222,0.011414558,0.001414558
34,REU04,BP-BT,REU04_BP-BT,2,0,1,0,0,0,1,1,14.00277778,0.011374142,0.001374142
34,REU04,BP-BT,REU04_BP-BT,2,0,1,0,0,0,1,1,16.00277778,0.011212478,0.001212478
34,REU04,BP-BT,REU04_BP-BT,2,0,1,0,0,0,1,1,18.00388889,0.011859133,0.001859133
34,REU04,BP-BT,REU04_BP-BT,2,0,1,0,0,0,1,1,20.00361111,0.012707867,0.002707867
34,REU04,BP-BT,REU04_BP-BT,2,0,1,0,0,0,1,1,22.00444444,0.013394938,0.003394938
34,REU04,BP-BT,REU04_BP-BT,2,0,1,0,0,0,1,1,24.00444444,0.014567,0.004567
35,REU04,BP-ER,REU04_BP-ER,2,0,1,0,0,0,1,1,0,0.01,0
35,REU04,BP-ER,REU04_BP-ER,2,0,1,0,0,0,1,1,2.000277778,-0.001877059,-0.011877059
35,REU04,BP-ER,REU04_BP-ER,2,0,1,0,0,0,1,1,4.000277778,0.002211765,-0.007788235
35,REU04,BP-ER,REU04_BP-ER,2,0,1,0,0,0,1,1,6.000833333,0.004548235,-0.005451765
35,REU04,BP-ER,REU04_BP-ER,2,0,1,0,0,0,1,1,8.001111111,0.002017059,-0.007982941
35,REU04,BP-ER,REU04_BP-ER,2,0,1,0,0,0,1,1,10.00166667,0.008637059,-0.001362941
35,REU04,BP-ER,REU04_BP-ER,2,0,1,0,0,0,1,1,12.00222222,0.011168235,0.001168235
35,REU04,BP-ER,REU04_BP-ER,2,0,1,0,0,0,1,1,14.00277778,0.010194706,0.000194706
35,REU04,BP-ER,REU04_BP-ER,2,0,1,0,0,0,1,1,16.00277778,0.012336471,0.002336471
35,REU04,BP-ER,REU04_BP-ER,2,0,1,0,0,0,1,1,18.00388889,0.009610588,-0.000389412
35,REU04,BP-ER,REU04_BP-ER,2,0,1,0,0,0,1,1,20.00361111,0.004937647,-0.005062353
35,REU04,BP-ER,REU04_BP-ER,2,0,1,0,0,0,1,1,22.00444444,0.002601176,-0.007398824
35,REU04,BP-ER,REU04_BP-ER,2,0,1,0,0,0,1,1,24.00444444,7E-05,-0.00993
36,REU04,BP-FP,REU04_BP-FP,2,0,1,0,0,0,1,1,0,0.01,0
36,REU04,BP-FP,REU04_BP-FP,2,0,1,0,0,0,1,1,2.000277778,0.011538405,0.001538405
36,REU04,BP-FP,REU04_BP-FP,2,0,1,0,0,0,1,1,4.000277778,0.011058687,0.001058687
36,REU04,BP-FP,REU04_BP-FP,2,0,1,0,0,0,1,1,6.000833333,0.011042145,0.001042145
36,REU04,BP-FP,REU04_BP-FP,2,0,1,0,0,0,1,1,8.001111111,0.011604573,0.001604573
36,REU04,BP-FP,REU04_BP-FP,2,0,1,0,0,0,1,1,10.00166667,0.011157939,0.001157939
36,REU04,BP-FP,REU04_BP-FP,2,0,1,0,0,0,1,1,12.00222222,0.010975977,0.000975977
36,REU04,BP-FP,REU04_BP-FP,2,0,1,0,0,0,1,1,14.00277778,0.011157939,0.001157939
36,REU04,BP-FP,REU04_BP-FP,2,0,1,0,0,0,1,1,16.00277778,0.011124855,0.001124855
36,REU04,BP-FP,REU04_BP-FP,2,0,1,0,0,0,1,1,18.00388889,0.011455695,0.001455695
36,REU04,BP-FP,REU04_BP-FP,2,0,1,0,0,0,1,1,20.00361111,0.011422611,0.001422611
36,REU04,BP-FP,REU04_BP-FP,2,0,1,0,0,0,1,1,22.00444444,0.011852702,0.001852702
36,REU04,BP-FP,REU04_BP-FP,2,0,1,0,0,0,1,1,24.00444444,0.012167,0.002167
37,REU04,BT-ER,REU04_BT-ER,2,0,1,0,0,0,1,1,0,0.01,0
37,REU04,BT-ER,REU04_BT-ER,2,0,1,0,0,0,1,1,2.000277778,0.021,0.011
37,REU04,BT-ER,REU04_BT-ER,2,0,1,0,0,0,1,1,4.000277778,0.0181,0.0081
37,REU04,BT-ER,REU04_BT-ER,2,0,1,0,0,0,1,1,6.000833333,0.0166,0.0066
37,REU04,BT-ER,REU04_BT-ER,2,0,1,0,0,0,1,1,8.001111111,0.019,0.009
37,REU04,BT-ER,REU04_BT-ER,2,0,1,0,0,0,1,1,10.00166667,0.0167,0.0067
37,REU04,BT-ER,REU04_BT-ER,2,0,1,0,0,0,1,1,12.00222222,0.0159,0.0059
37,REU04,BT-ER,REU04_BT-ER,2,0,1,0,0,0,1,1,14.00277778,0.0162,0.0062
37,REU04,BT-ER,REU04_BT-ER,2,0,1,0,0,0,1,1,16.00277778,0.0193,0.0093
37,REU04,BT-ER,REU04_BT-ER,2,0,1,0,0,0,1,1,18.00388889,0.032,0.022
37,REU04,BT-ER,REU04_BT-ER,2,0,1,0,0,0,1,1,20.00361111,0.048,0.038
37,REU04,BT-ER,REU04_BT-ER,2,0,1,0,0,0,1,1,22.00444444,0.1001,0.0901
37,REU04,BT-ER,REU04_BT-ER,2,0,1,0,0,0,1,1,24.00444444,0.2385,0.2285
38,REU04,BT-FP,REU04_BT-FP,2,0,1,0,0,0,1,1,0,0.01,0
38,REU04,BT-FP,REU04_BT-FP,2,0,1,0,0,0,1,1,2.000277778,0.022990435,0.012990435
38,REU04,BT-FP,REU04_BT-FP,2,0,1,0,0,0,1,1,4.000277778,0.018986534,0.008986534
38,REU04,BT-FP,REU04_BT-FP,2,0,1,0,0,0,1,1,6.000833333,0.01845268,0.00845268
38,REU04,BT-FP,REU04_BT-FP,2,0,1,0,0,0,1,1,8.001111111,0.022100679,0.012100679
38,REU04,BT-FP,REU04_BT-FP,2,0,1,0,0,0,1,1,10.00166667,0.019609363,0.009609363
38,REU04,BT-FP,REU04_BT-FP,2,0,1,0,0,0,1,1,12.00222222,0.019431412,0.009431412
38,REU04,BT-FP,REU04_BT-FP,2,0,1,0,0,0,1,1,14.00277778,0.01987629,0.00987629
38,REU04,BT-FP,REU04_BT-FP,2,0,1,0,0,0,1,1,16.00277778,0.02067707,0.01067707
38,REU04,BT-FP,REU04_BT-FP,2,0,1,0,0,0,1,1,18.00388889,0.0253038,0.0153038
38,REU04,BT-FP,REU04_BT-FP,2,0,1,0,0,0,1,1,20.00361111,0.032510822,0.022510822
38,REU04,BT-FP,REU04_BT-FP,2,0,1,0,0,0,1,1,22.00444444,0.046479989,0.036479989
38,REU04,BT-FP,REU04_BT-FP,2,0,1,0,0,0,1,1,24.00444444,0.090167,0.080167
39,REU04,ER-FP,REU04_ER-FP,2,0,1,0,0,0,1,1,0,0.01,0
39,REU04,ER-FP,REU04_ER-FP,2,0,1,0,0,0,1,1,2.000277778,-0.006518667,-0.016518667
39,REU04,ER-FP,REU04_ER-FP,2,0,1,0,0,0,1,1,4.000277778,0.004027867,-0.005972133
39,REU04,ER-FP,REU04_ER-FP,2,0,1,0,0,0,1,1,6.000833333,0.007077467,-0.002922533
39,REU04,ER-FP,REU04_ER-FP,2,0,1,0,0,0,1,1,8.001111111,-0.0021984,-0.0121984
39,REU04,ER-FP,REU04_ER-FP,2,0,1,0,0,0,1,1,10.00166667,0.0077128,-0.0022872
39,REU04,ER-FP,REU04_ER-FP,2,0,1,0,0,0,1,1,12.00222222,0.0069504,-0.0030496
39,REU04,ER-FP,REU04_ER-FP,2,0,1,0,0,0,1,1,14.00277778,0.0084752,-0.0015248
39,REU04,ER-FP,REU04_ER-FP,2,0,1,0,0,0,1,1,16.00277778,0.0103812,0.0003812
39,REU04,ER-FP,REU04_ER-FP,2,0,1,0,0,0,1,1,18.00388889,0.006823333,-0.003176667
39,REU04,ER-FP,REU04_ER-FP,2,0,1,0,0,0,1,1,20.00361111,0.004282,-0.005718
39,REU04,ER-FP,REU04_ER-FP,2,0,1,0,0,0,1,1,22.00444444,0.003011333,-0.006988667
39,REU04,ER-FP,REU04_ER-FP,2,0,1,0,0,0,1,1,24.00444444,0.00047,-0.00953
40,REU04,BH-BP-BT,REU04_BH-BP-BT,2,0,1,0,0,0,1,1,0,0.01,0
40,REU04,BH-BP-BT,REU04_BH-BP-BT,2,0,1,0,0,0,1,1,2.000277778,0.016383613,0.006383613
40,REU04,BH-BP-BT,REU04_BH-BP-BT,2,0,1,0,0,0,1,1,4.000277778,0.013122419,0.003122419
40,REU04,BH-BP-BT,REU04_BH-BP-BT,2,0,1,0,0,0,1,1,6.000833333,0.013608129,0.003608129
40,REU04,BH-BP-BT,REU04_BH-BP-BT,2,0,1,0,0,0,1,1,8.001111111,0.021171323,0.011171323
40,REU04,BH-BP-BT,REU04_BH-BP-BT,2,0,1,0,0,0,1,1,10.00166667,0.013955065,0.003955065
40,REU04,BH-BP-BT,REU04_BH-BP-BT,2,0,1,0,0,0,1,1,12.00222222,0.015134645,0.005134645
40,REU04,BH-BP-BT,REU04_BH-BP-BT,2,0,1,0,0,0,1,1,14.00277778,0.015550968,0.005550968
40,REU04,BH-BP-BT,REU04_BH-BP-BT,2,0,1,0,0,0,1,1,16.00277778,0.014926484,0.004926484
40,REU04,BH-BP-BT,REU04_BH-BP-BT,2,0,1,0,0,0,1,1,18.00388889,0.018950935,0.008950935
40,REU04,BH-BP-BT,REU04_BH-BP-BT,2,0,1,0,0,0,1,1,20.00361111,0.022628452,0.012628452
40,REU04,BH-BP-BT,REU04_BH-BP-BT,2,0,1,0,0,0,1,1,22.00444444,0.030538581,0.020538581
40,REU04,BH-BP-BT,REU04_BH-BP-BT,2,0,1,0,0,0,1,1,24.00444444,0.046567,0.036567
41,REU04,BH-FP,REU04_BH-FP,3,0,1,0,0,0,1,1,0,0.01,0
41,REU04,BH-FP,REU04_BH-FP,3,0,1,0,0,0,1,1,2.000277778,0.009940632,-5.93679999999989E-05
41,REU04,BH-FP,REU04_BH-FP,3,0,1,0,0,0,1,1,4.000277778,0.00990825,-9.17499999999998E-05
41,REU04,BH-FP,REU04_BH-FP,3,0,1,0,0,0,1,1,6.000833333,0.009924441,-7.55589999999993E-05
41,REU04,BH-FP,REU04_BH-FP,3,0,1,0,0,0,1,1,8.001111111,0.010070162,7.01620000000003E-05
41,REU04,BH-FP,REU04_BH-FP,3,0,1,0,0,0,1,1,10.00166667,0.009940632,-5.93679999999989E-05
41,REU04,BH-FP,REU04_BH-FP,3,0,1,0,0,0,1,1,12.00222222,0.009951426,-4.85739999999991E-05
41,REU04,BH-FP,REU04_BH-FP,3,0,1,0,0,0,1,1,14.00277778,0.009924441,-7.55589999999993E-05
41,REU04,BH-FP,REU04_BH-FP,3,0,1,0,0,0,1,1,16.00277778,0.009897456,-0.000102544
41,REU04,BH-FP,REU04_BH-FP,3,0,1,0,0,0,1,1,18.00388889,0.010053971,5.39709999999999E-05
41,REU04,BH-FP,REU04_BH-FP,3,0,1,0,0,0,1,1,20.00361111,0.010124132,0.000124132
41,REU04,BH-FP,REU04_BH-FP,3,0,1,0,0,0,1,1,22.00444444,0.010210485,0.000210485
41,REU04,BH-FP,REU04_BH-FP,3,0,1,0,0,0,1,1,24.00444444,0.010367,0.000367
42,REU04,BP-BT,REU04_BP-BT,3,0,1,0,0,0,1,1,0,0.01,0
42,REU04,BP-BT,REU04_BP-BT,3,0,1,0,0,0,1,1,2.000277778,0.011446898,0.001446898
42,REU04,BP-BT,REU04_BP-BT,3,0,1,0,0,0,1,1,4.000277778,0.011289054,0.001289054
42,REU04,BP-BT,REU04_BP-BT,3,0,1,0,0,0,1,1,6.000833333,0.011473205,0.001473205
42,REU04,BP-BT,REU04_BP-BT,3,0,1,0,0,0,1,1,8.001111111,0.012551801,0.002551801
42,REU04,BP-BT,REU04_BP-BT,3,0,1,0,0,0,1,1,10.00166667,0.011446898,0.001446898
42,REU04,BP-BT,REU04_BP-BT,3,0,1,0,0,0,1,1,12.00222222,0.011657355,0.001657355
42,REU04,BP-BT,REU04_BP-BT,3,0,1,0,0,0,1,1,14.00277778,0.011657355,0.001657355
42,REU04,BP-BT,REU04_BP-BT,3,0,1,0,0,0,1,1,16.00277778,0.011631048,0.001631048
42,REU04,BP-BT,REU04_BP-BT,3,0,1,0,0,0,1,1,18.00388889,0.012446572,0.002446572
42,REU04,BP-BT,REU04_BP-BT,3,0,1,0,0,0,1,1,20.00361111,0.012867488,0.002867488
42,REU04,BP-BT,REU04_BP-BT,3,0,1,0,0,0,1,1,22.00444444,0.01341994,0.00341994
42,REU04,BP-BT,REU04_BP-BT,3,0,1,0,0,0,1,1,24.00444444,0.014367,0.004367
43,REU04,BP-ER,REU04_BP-ER,3,0,1,0,0,0,1,1,0,0.01,0
43,REU04,BP-ER,REU04_BP-ER,3,0,1,0,0,0,1,1,2.000277778,0.001743951,-0.008256049
43,REU04,BP-ER,REU04_BP-ER,3,0,1,0,0,0,1,1,4.000277778,0.004590864,-0.005409136
43,REU04,BP-ER,REU04_BP-ER,3,0,1,0,0,0,1,1,6.000833333,0.007153086,-0.002846914
43,REU04,BP-ER,REU04_BP-ER,3,0,1,0,0,0,1,1,8.001111111,0.001459259,-0.008540741
43,REU04,BP-ER,REU04_BP-ER,3,0,1,0,0,0,1,1,10.00166667,0.009572963,-0.000427037
43,REU04,BP-ER,REU04_BP-ER,3,0,1,0,0,0,1,1,12.00222222,0.01,0
43,REU04,BP-ER,REU04_BP-ER,3,0,1,0,0,0,1,1,14.00277778,0.01,0
43,REU04,BP-ER,REU04_BP-ER,3,0,1,0,0,0,1,1,16.00277778,0.011850494,0.001850494
43,REU04,BP-ER,REU04_BP-ER,3,0,1,0,0,0,1,1,18.00388889,0.007437778,-0.002562222
43,REU04,BP-ER,REU04_BP-ER,3,0,1,0,0,0,1,1,20.00361111,0.006156667,-0.003843333
43,REU04,BP-ER,REU04_BP-ER,3,0,1,0,0,0,1,1,22.00444444,0.003025062,-0.006974938
43,REU04,BP-ER,REU04_BP-ER,3,0,1,0,0,0,1,1,24.00444444,-0.00153,-0.01153
44,REU04,BP-FP,REU04_BP-FP,3,0,1,0,0,0,1,1,0,0.01,0
44,REU04,BP-FP,REU04_BP-FP,3,0,1,0,0,0,1,1,2.000277778,0.011181339,0.001181339
44,REU04,BP-FP,REU04_BP-FP,3,0,1,0,0,0,1,1,4.000277778,0.010603795,0.000603795
44,REU04,BP-FP,REU04_BP-FP,3,0,1,0,0,0,1,1,6.000833333,0.010603795,0.000603795
44,REU04,BP-FP,REU04_BP-FP,3,0,1,0,0,0,1,1,8.001111111,0.011982024,0.001982024
44,REU04,BP-FP,REU04_BP-FP,3,0,1,0,0,0,1,1,10.00166667,0.010564417,0.000564417
44,REU04,BP-FP,REU04_BP-FP,3,0,1,0,0,0,1,1,12.00222222,0.010538165,0.000538165
44,REU04,BP-FP,REU04_BP-FP,3,0,1,0,0,0,1,1,14.00277778,0.010485661,0.000485661
44,REU04,BP-FP,REU04_BP-FP,3,0,1,0,0,0,1,1,16.00277778,0.010564417,0.000564417
44,REU04,BP-FP,REU04_BP-FP,3,0,1,0,0,0,1,1,18.00388889,0.010931945,0.000931945
44,REU04,BP-FP,REU04_BP-FP,3,0,1,0,0,0,1,1,20.00361111,0.010984449,0.000984449
44,REU04,BP-FP,REU04_BP-FP,3,0,1,0,0,0,1,1,22.00444444,0.011351976,0.001351976
44,REU04,BP-FP,REU04_BP-FP,3,0,1,0,0,0,1,1,24.00444444,0.011667,0.001667
45,REU04,BT-ER,REU04_BT-ER,3,0,1,0,0,0,1,1,0,0.01,0
45,REU04,BT-ER,REU04_BT-ER,3,0,1,0,0,0,1,1,2.000277778,0.0168,0.0068
45,REU04,BT-ER,REU04_BT-ER,3,0,1,0,0,0,1,1,4.000277778,0.0123,0.0023
45,REU04,BT-ER,REU04_BT-ER,3,0,1,0,0,0,1,1,6.000833333,0.01,0
45,REU04,BT-ER,REU04_BT-ER,3,0,1,0,0,0,1,1,8.001111111,0.0165,0.0065
45,REU04,BT-ER,REU04_BT-ER,3,0,1,0,0,0,1,1,10.00166667,0.0084,-0.0016
45,REU04,BT-ER,REU04_BT-ER,3,0,1,0,0,0,1,1,12.00222222,0.0079,-0.0021
45,REU04,BT-ER,REU04_BT-ER,3,0,1,0,0,0,1,1,14.00277778,0.0088,-0.0012
45,REU04,BT-ER,REU04_BT-ER,3,0,1,0,0,0,1,1,16.00277778,0.0116,0.0016
45,REU04,BT-ER,REU04_BT-ER,3,0,1,0,0,0,1,1,18.00388889,0.024,0.014
45,REU04,BT-ER,REU04_BT-ER,3,0,1,0,0,0,1,1,20.00361111,0.0417,0.0317
45,REU04,BT-ER,REU04_BT-ER,3,0,1,0,0,0,1,1,22.00444444,0.0938,0.0838
45,REU04,BT-ER,REU04_BT-ER,3,0,1,0,0,0,1,1,24.00444444,0.2288,0.2188
46,REU04,BT-FP,REU04_BT-FP,3,0,1,0,0,0,1,1,0,0.01,0
46,REU04,BT-FP,REU04_BT-FP,3,0,1,0,0,0,1,1,2.000277778,0.020867211,0.010867211
46,REU04,BT-FP,REU04_BT-FP,3,0,1,0,0,0,1,1,4.000277778,0.01508305,0.00508305
46,REU04,BT-FP,REU04_BT-FP,3,0,1,0,0,0,1,1,6.000833333,0.014119024,0.004119024
46,REU04,BT-FP,REU04_BT-FP,3,0,1,0,0,0,1,1,8.001111111,0.026563733,0.016563733
46,REU04,BT-FP,REU04_BT-FP,3,0,1,0,0,0,1,1,10.00166667,0.01508305,0.00508305
46,REU04,BT-FP,REU04_BT-FP,3,0,1,0,0,0,1,1,12.00222222,0.015170689,0.005170689
46,REU04,BT-FP,REU04_BT-FP,3,0,1,0,0,0,1,1,14.00277778,0.016047077,0.006047077
46,REU04,BT-FP,REU04_BT-FP,3,0,1,0,0,0,1,1,16.00277778,0.017011104,0.007011104
46,REU04,BT-FP,REU04_BT-FP,3,0,1,0,0,0,1,1,18.00388889,0.022882904,0.012882904
46,REU04,BT-FP,REU04_BT-FP,3,0,1,0,0,0,1,1,20.00361111,0.030858034,0.020858034
46,REU04,BT-FP,REU04_BT-FP,3,0,1,0,0,0,1,1,22.00444444,0.045844269,0.035844269
46,REU04,BT-FP,REU04_BT-FP,3,0,1,0,0,0,1,1,24.00444444,0.091767,0.081767
47,REU04,ER-FP,REU04_ER-FP,3,0,1,0,0,0,1,1,0,0.01,0
47,REU04,ER-FP,REU04_ER-FP,3,0,1,0,0,0,1,1,2.000277778,0.005226885,-0.004773115
47,REU04,ER-FP,REU04_ER-FP,3,0,1,0,0,0,1,1,4.000277778,0.009012459,-0.000987541
47,REU04,ER-FP,REU04_ER-FP,3,0,1,0,0,0,1,1,6.000833333,0.009711967,-0.000288033
47,REU04,ER-FP,REU04_ER-FP,3,0,1,0,0,0,1,1,8.001111111,0.001276721,-0.008723279
47,REU04,ER-FP,REU04_ER-FP,3,0,1,0,0,0,1,1,10.00166667,0.01049377,0.00049377
47,REU04,ER-FP,REU04_ER-FP,3,0,1,0,0,0,1,1,12.00222222,0.010534918,0.000534918
47,REU04,ER-FP,REU04_ER-FP,3,0,1,0,0,0,1,1,14.00277778,0.010617213,0.000617213
47,REU04,ER-FP,REU04_ER-FP,3,0,1,0,0,0,1,1,16.00277778,0.011028689,0.001028689
47,REU04,ER-FP,REU04_ER-FP,3,0,1,0,0,0,1,1,18.00388889,0.009053607,-0.000946393
47,REU04,ER-FP,REU04_ER-FP,3,0,1,0,0,0,1,1,20.00361111,0.007201967,-0.002798033
47,REU04,ER-FP,REU04_ER-FP,3,0,1,0,0,0,1,1,22.00444444,0.005720656,-0.004279344
47,REU04,ER-FP,REU04_ER-FP,3,0,1,0,0,0,1,1,24.00444444,0.00247,-0.00753
48,REU04,BH-BP-BT,REU04_BH-BP-BT,3,0,1,0,0,0,1,1,0,0.01,0
48,REU04,BH-BP-BT,REU04_BH-BP-BT,3,0,1,0,0,0,1,1,2.000277778,0.014325528,0.004325528
48,REU04,BH-BP-BT,REU04_BH-BP-BT,3,0,1,0,0,0,1,1,4.000277778,0.011953464,0.001953464
48,REU04,BH-BP-BT,REU04_BH-BP-BT,3,0,1,0,0,0,1,1,6.000833333,0.012232531,0.002232531
48,REU04,BH-BP-BT,REU04_BH-BP-BT,3,0,1,0,0,0,1,1,8.001111111,0.027813733,0.017813733
48,REU04,BH-BP-BT,REU04_BH-BP-BT,3,0,1,0,0,0,1,1,10.00166667,0.012465086,0.002465086
48,REU04,BH-BP-BT,REU04_BH-BP-BT,3,0,1,0,0,0,1,1,12.00222222,0.012744152,0.002744152
48,REU04,BH-BP-BT,REU04_BH-BP-BT,3,0,1,0,0,0,1,1,14.00277778,0.013116241,0.003116241
48,REU04,BH-BP-BT,REU04_BH-BP-BT,3,0,1,0,0,0,1,1,16.00277778,0.012837174,0.002837174
48,REU04,BH-BP-BT,REU04_BH-BP-BT,3,0,1,0,0,0,1,1,18.00388889,0.018465012,0.008465012
48,REU04,BH-BP-BT,REU04_BH-BP-BT,3,0,1,0,0,0,1,1,20.00361111,0.023488205,0.013488205
48,REU04,BH-BP-BT,REU04_BH-BP-BT,3,0,1,0,0,0,1,1,22.00444444,0.03162764,0.02162764
48,REU04,BH-BP-BT,REU04_BH-BP-BT,3,0,1,0,0,0,1,1,24.00444444,0.045767,0.035767
49,REU04,BH-BP-ER,REU04_BH-BP-ER,1,0,1,0,0,0,1,1,0,0.01,0
49,REU04,BH-BP-ER,REU04_BH-BP-ER,1,0,1,0,0,0,1,1,2.000277778,0.010469672,0.000469672
49,REU04,BH-BP-ER,REU04_BH-BP-ER,1,0,1,0,0,0,1,1,4.000277778,0.010814098,0.000814098
49,REU04,BH-BP-ER,REU04_BH-BP-ER,1,0,1,0,0,0,1,1,6.000833333,0.010970656,0.000970656
49,REU04,BH-BP-ER,REU04_BH-BP-ER,1,0,1,0,0,0,1,1,8.001111111,0.010579262,0.000579262
49,REU04,BH-BP-ER,REU04_BH-BP-ER,1,0,1,0,0,0,1,1,10.00166667,0.011189836,0.001189836
49,REU04,BH-BP-ER,REU04_BH-BP-ER,1,0,1,0,0,0,1,1,12.00222222,0.01128377,0.00128377
49,REU04,BH-BP-ER,REU04_BH-BP-ER,1,0,1,0,0,0,1,1,14.00277778,0.010986311,0.000986311
49,REU04,BH-BP-ER,REU04_BH-BP-ER,1,0,1,0,0,0,1,1,16.00277778,0.011048934,0.001048934
49,REU04,BH-BP-ER,REU04_BH-BP-ER,1,0,1,0,0,0,1,1,18.00388889,0.009953033,-4.69670000000002E-05
49,REU04,BH-BP-ER,REU04_BH-BP-ER,1,0,1,0,0,0,1,1,20.00361111,0.009248525,-0.000751475
49,REU04,BH-BP-ER,REU04_BH-BP-ER,1,0,1,0,0,0,1,1,22.00444444,0.007228934,-0.002771066
49,REU04,BH-BP-ER,REU04_BH-BP-ER,1,0,1,0,0,0,1,1,24.00444444,0.00427,-0.00573
50,REU04,BH-BP-FP,REU04_BH-BP-FP,1,0,1,0,0,0,1,1,0,0.01,0
50,REU04,BH-BP-FP,REU04_BH-BP-FP,1,0,1,0,0,0,1,1,2.000277778,0.010234796,0.000234796
50,REU04,BH-BP-FP,REU04_BH-BP-FP,1,0,1,0,0,0,1,1,4.000277778,0.010125224,0.000125224
50,REU04,BH-BP-FP,REU04_BH-BP-FP,1,0,1,0,0,0,1,1,6.000833333,0.010177401,0.000177401
50,REU04,BH-BP-FP,REU04_BH-BP-FP,1,0,1,0,0,0,1,1,8.001111111,0.010448721,0.000448721
50,REU04,BH-BP-FP,REU04_BH-BP-FP,1,0,1,0,0,0,1,1,10.00166667,0.010177401,0.000177401
50,REU04,BH-BP-FP,REU04_BH-BP-FP,1,0,1,0,0,0,1,1,12.00222222,0.010208707,0.000208707
50,REU04,BH-BP-FP,REU04_BH-BP-FP,1,0,1,0,0,0,1,1,14.00277778,0.010172184,0.000172184
50,REU04,BH-BP-FP,REU04_BH-BP-FP,1,0,1,0,0,0,1,1,16.00277778,0.010172184,0.000172184
50,REU04,BH-BP-FP,REU04_BH-BP-FP,1,0,1,0,0,0,1,1,18.00388889,0.010370456,0.000370456
50,REU04,BH-BP-FP,REU04_BH-BP-FP,1,0,1,0,0,0,1,1,20.00361111,0.010453939,0.000453939
50,REU04,BH-BP-FP,REU04_BH-BP-FP,1,0,1,0,0,0,1,1,22.00444444,0.010542639,0.000542639
50,REU04,BH-BP-FP,REU04_BH-BP-FP,1,0,1,0,0,0,1,1,24.00444444,0.010767,0.000767
51,REU04,BH-BT-ER,REU04_BH-BT-ER,1,0,1,0,0,0,1,1,0,0.01,0
51,REU04,BH-BT-ER,REU04_BH-BT-ER,1,0,1,0,0,0,1,1,2.000277778,0.012572281,0.002572281
51,REU04,BH-BT-ER,REU04_BH-BT-ER,1,0,1,0,0,0,1,1,4.000277778,0.009632531,-0.000367469
51,REU04,BH-BT-ER,REU04_BH-BT-ER,1,0,1,0,0,0,1,1,6.000833333,0.010367469,0.000367469
51,REU04,BH-BT-ER,REU04_BH-BT-ER,1,0,1,0,0,0,1,1,8.001111111,0.017165639,0.007165639
51,REU04,BH-BT-ER,REU04_BH-BT-ER,1,0,1,0,0,0,1,1,10.00166667,0.009724398,-0.000275602
51,REU04,BH-BT-ER,REU04_BH-BT-ER,1,0,1,0,0,0,1,1,12.00222222,0.016614436,0.006614436
51,REU04,BH-BT-ER,REU04_BH-BT-ER,1,0,1,0,0,0,1,1,14.00277778,0.019829787,0.009829787
51,REU04,BH-BT-ER,REU04_BH-BT-ER,1,0,1,0,0,0,1,1,16.00277778,0.035722808,0.025722808
51,REU04,BH-BT-ER,REU04_BH-BT-ER,1,0,1,0,0,0,1,1,18.00388889,0.094609666,0.084609666
51,REU04,BH-BT-ER,REU04_BH-BT-ER,1,0,1,0,0,0,1,1,20.00361111,0.21890595,0.20890595
51,REU04,BH-BT-ER,REU04_BH-BT-ER,1,0,1,0,0,0,1,1,22.00444444,0.312518598,0.302518598
51,REU04,BH-BT-ER,REU04_BH-BT-ER,1,0,1,0,0,0,1,1,24.00444444,0.433967,0.423967
52,REU04,BH-BT-FP,REU04_BH-BT-FP,1,0,1,0,0,0,1,1,0,0.01,0
52,REU04,BH-BT-FP,REU04_BH-BT-FP,1,0,1,0,0,0,1,1,2.000277778,0.01841583,0.00841583
52,REU04,BH-BT-FP,REU04_BH-BT-FP,1,0,1,0,0,0,1,1,4.000277778,0.016334495,0.006334495
52,REU04,BH-BT-FP,REU04_BH-BT-FP,1,0,1,0,0,0,1,1,6.000833333,0.017239423,0.007239423
52,REU04,BH-BT-FP,REU04_BH-BT-FP,1,0,1,0,0,0,1,1,8.001111111,0.029727429,0.019727429
52,REU04,BH-BT-FP,REU04_BH-BT-FP,1,0,1,0,0,0,1,1,10.00166667,0.01841583,0.00841583
52,REU04,BH-BT-FP,REU04_BH-BT-FP,1,0,1,0,0,0,1,1,12.00222222,0.020316178,0.010316178
52,REU04,BH-BT-FP,REU04_BH-BT-FP,1,0,1,0,0,0,1,1,14.00277778,0.026650674,0.016650674
52,REU04,BH-BT-FP,REU04_BH-BT-FP,1,0,1,0,0,0,1,1,16.00277778,0.042305927,0.032305927
52,REU04,BH-BT-FP,REU04_BH-BT-FP,1,0,1,0,0,0,1,1,18.00388889,0.091353019,0.081353019
52,REU04,BH-BT-FP,REU04_BH-BT-FP,1,0,1,0,0,0,1,1,20.00361111,0.203745066,0.193745066
52,REU04,BH-BT-FP,REU04_BH-BT-FP,1,0,1,0,0,0,1,1,22.00444444,0.331973352,0.321973352
52,REU04,BH-BT-FP,REU04_BH-BT-FP,1,0,1,0,0,0,1,1,24.00444444,0.530967,0.520967
53,REU04,BH-ER-FP,REU04_BH-ER-FP,1,0,1,0,0,0,1,1,0,0.01,0
53,REU04,BH-ER-FP,REU04_BH-ER-FP,1,0,1,0,0,0,1,1,2.000277778,0.004453596,-0.005546404
53,REU04,BH-ER-FP,REU04_BH-ER-FP,1,0,1,0,0,0,1,1,4.000277778,0.010523246,0.000523246
53,REU04,BH-ER-FP,REU04_BH-ER-FP,1,0,1,0,0,0,1,1,6.000833333,0.012092982,0.002092982
53,REU04,BH-ER-FP,REU04_BH-ER-FP,1,0,1,0,0,0,1,1,8.001111111,-0.007267105,-0.017267105
53,REU04,BH-ER-FP,REU04_BH-ER-FP,1,0,1,0,0,0,1,1,10.00166667,0.012511579,0.002511579
53,REU04,BH-ER-FP,REU04_BH-ER-FP,1,0,1,0,0,0,1,1,12.00222222,0.014709211,0.004709211
53,REU04,BH-ER-FP,REU04_BH-ER-FP,1,0,1,0,0,0,1,1,14.00277778,0.015337105,0.005337105
53,REU04,BH-ER-FP,REU04_BH-ER-FP,1,0,1,0,0,0,1,1,16.00277778,0.016383596,0.006383596
53,REU04,BH-ER-FP,REU04_BH-ER-FP,1,0,1,0,0,0,1,1,18.00388889,0.011360439,0.001360439
53,REU04,BH-ER-FP,REU04_BH-ER-FP,1,0,1,0,0,0,1,1,20.00361111,0.007174474,-0.002825526
53,REU04,BH-ER-FP,REU04_BH-ER-FP,1,0,1,0,0,0,1,1,22.00444444,0.00162807,-0.00837193
53,REU04,BH-ER-FP,REU04_BH-ER-FP,1,0,1,0,0,0,1,1,24.00444444,-0.00193,-0.01193
54,REU04,BP-BT-ER,REU04_BP-BT-ER,1,0,1,0,0,0,1,1,0,0.01,0
54,REU04,BP-BT-ER,REU04_BP-BT-ER,1,0,1,0,0,0,1,1,2.000277778,0.013331031,0.003331031
54,REU04,BP-BT-ER,REU04_BP-BT-ER,1,0,1,0,0,0,1,1,4.000277778,0.010999309,0.000999309
54,REU04,BP-BT-ER,REU04_BP-BT-ER,1,0,1,0,0,0,1,1,6.000833333,0.010555172,0.000555172
54,REU04,BP-BT-ER,REU04_BP-BT-ER,1,0,1,0,0,0,1,1,8.001111111,0.021288495,0.011288495
54,REU04,BP-BT-ER,REU04_BP-BT-ER,1,0,1,0,0,0,1,1,10.00166667,0.010592183,0.000592183
54,REU04,BP-BT-ER,REU04_BP-BT-ER,1,0,1,0,0,0,1,1,12.00222222,0.011665516,0.001665516
54,REU04,BP-BT-ER,REU04_BP-BT-ER,1,0,1,0,0,0,1,1,14.00277778,0.015773787,0.005773787
54,REU04,BP-BT-ER,REU04_BP-BT-ER,1,0,1,0,0,0,1,1,16.00277778,0.038979971,0.028979971
54,REU04,BP-BT-ER,REU04_BP-BT-ER,1,0,1,0,0,0,1,1,18.00388889,0.076768669,0.066768669
54,REU04,BP-BT-ER,REU04_BP-BT-ER,1,0,1,0,0,0,1,1,20.00361111,0.1524571,0.1424571
54,REU04,BP-BT-ER,REU04_BP-BT-ER,1,0,1,0,0,0,1,1,22.00444444,0.264638827,0.254638827
54,REU04,BP-BT-ER,REU04_BP-BT-ER,1,0,1,0,0,0,1,1,24.00444444,0.368567,0.358567
55,REU04,BP-BT-FP,REU04_BP-BT-FP,1,0,1,0,0,0,1,1,0,0.01,0
55,REU04,BP-BT-FP,REU04_BP-BT-FP,1,0,1,0,0,0,1,1,2.000277778,0.017462428,0.007462428
55,REU04,BP-BT-FP,REU04_BP-BT-FP,1,0,1,0,0,0,1,1,4.000277778,0.013374315,0.003374315
55,REU04,BP-BT-FP,REU04_BP-BT-FP,1,0,1,0,0,0,1,1,6.000833333,0.013698768,0.003698768
55,REU04,BP-BT-FP,REU04_BP-BT-FP,1,0,1,0,0,0,1,1,8.001111111,0.050686453,0.040686453
55,REU04,BP-BT-FP,REU04_BP-BT-FP,1,0,1,0,0,0,1,1,10.00166667,0.014217894,0.004217894
55,REU04,BP-BT-FP,REU04_BP-BT-FP,1,0,1,0,0,0,1,1,12.00222222,0.014542347,0.004542347
55,REU04,BP-BT-FP,REU04_BP-BT-FP,1,0,1,0,0,0,1,1,14.00277778,0.015515707,0.005515707
55,REU04,BP-BT-FP,REU04_BP-BT-FP,1,0,1,0,0,0,1,1,16.00277778,0.016099723,0.006099723
55,REU04,BP-BT-FP,REU04_BP-BT-FP,1,0,1,0,0,0,1,1,18.00388889,0.031673486,0.021673486
55,REU04,BP-BT-FP,REU04_BP-BT-FP,1,0,1,0,0,0,1,1,20.00361111,0.048869514,0.038869514
55,REU04,BP-BT-FP,REU04_BP-BT-FP,1,0,1,0,0,0,1,1,22.00444444,0.078005428,0.068005428
55,REU04,BP-BT-FP,REU04_BP-BT-FP,1,0,1,0,0,0,1,1,24.00444444,0.151267,0.141267
56,REU04,BP-ER-FP,REU04_BP-ER-FP,1,0,1,0,0,0,1,1,0,0.01,0
56,REU04,BP-ER-FP,REU04_BP-ER-FP,1,0,1,0,0,0,1,1,2.000277778,0.010175124,0.000175124
56,REU04,BP-ER-FP,REU04_BP-ER-FP,1,0,1,0,0,0,1,1,4.000277778,0.009877744,-0.000122256
56,REU04,BP-ER-FP,REU04_BP-ER-FP,1,0,1,0,0,0,1,1,6.000833333,0.009834789,-0.000165211
56,REU04,BP-ER-FP,REU04_BP-ER-FP,1,0,1,0,0,0,1,1,8.001111111,0.012111396,0.002111396
56,REU04,BP-ER-FP,REU04_BP-ER-FP,1,0,1,0,0,0,1,1,10.00166667,0.009762096,-0.000237904
56,REU04,BP-ER-FP,REU04_BP-ER-FP,1,0,1,0,0,0,1,1,12.00222222,0.009732358,-0.000267642
56,REU04,BP-ER-FP,REU04_BP-ER-FP,1,0,1,0,0,0,1,1,14.00277778,0.009775313,-0.000224687
56,REU04,BP-ER-FP,REU04_BP-ER-FP,1,0,1,0,0,0,1,1,16.00277778,0.009729054,-0.000270946
56,REU04,BP-ER-FP,REU04_BP-ER-FP,1,0,1,0,0,0,1,1,18.00388889,0.010819447,0.000819447
56,REU04,BP-ER-FP,REU04_BP-ER-FP,1,0,1,0,0,0,1,1,20.00361111,0.011638893,0.001638893
56,REU04,BP-ER-FP,REU04_BP-ER-FP,1,0,1,0,0,0,1,1,22.00444444,0.012421993,0.002421993
56,REU04,BP-ER-FP,REU04_BP-ER-FP,1,0,1,0,0,0,1,1,24.00444444,0.013367,0.003367
57,REU04,BH-BP-ER,REU04_BH-BP-ER,2,0,1,0,0,0,1,1,0,0.01,0
57,REU04,BH-BP-ER,REU04_BH-BP-ER,2,0,1,0,0,0,1,1,2.000277778,0.011357409,0.001357409
57,REU04,BH-BP-ER,REU04_BH-BP-ER,2,0,1,0,0,0,1,1,4.000277778,0.012022805,0.002022805
57,REU04,BH-BP-ER,REU04_BH-BP-ER,2,0,1,0,0,0,1,1,6.000833333,0.012688201,0.002688201
57,REU04,BH-BP-ER,REU04_BH-BP-ER,2,0,1,0,0,0,1,1,8.001111111,0.011996189,0.001996189
57,REU04,BH-BP-ER,REU04_BH-BP-ER,2,0,1,0,0,0,1,1,10.00166667,0.012688201,0.002688201
57,REU04,BH-BP-ER,REU04_BH-BP-ER,2,0,1,0,0,0,1,1,12.00222222,0.012714817,0.002714817
57,REU04,BH-BP-ER,REU04_BH-BP-ER,2,0,1,0,0,0,1,1,14.00277778,0.012688201,0.002688201
57,REU04,BH-BP-ER,REU04_BH-BP-ER,2,0,1,0,0,0,1,1,16.00277778,0.011942957,0.001942957
57,REU04,BH-BP-ER,REU04_BH-BP-ER,2,0,1,0,0,0,1,1,18.00388889,0.011623567,0.001623567
57,REU04,BH-BP-ER,REU04_BH-BP-ER,2,0,1,0,0,0,1,1,20.00361111,0.009520915,-0.000479085
57,REU04,BH-BP-ER,REU04_BH-BP-ER,2,0,1,0,0,0,1,1,22.00444444,0.007418262,-0.002581738
57,REU04,BH-BP-ER,REU04_BH-BP-ER,2,0,1,0,0,0,1,1,24.00444444,0.00127,-0.00873
58,REU04,BH-BP-FP,REU04_BH-BP-FP,2,0,1,0,0,0,1,1,0,0.01,0
58,REU04,BH-BP-FP,REU04_BH-BP-FP,2,0,1,0,0,0,1,1,2.000277778,0.010303511,0.000303511
58,REU04,BH-BP-FP,REU04_BH-BP-FP,2,0,1,0,0,0,1,1,4.000277778,0.010134109,0.000134109
58,REU04,BH-BP-FP,REU04_BH-BP-FP,2,0,1,0,0,0,1,1,6.000833333,0.010169401,0.000169401
58,REU04,BH-BP-FP,REU04_BH-BP-FP,2,0,1,0,0,0,1,1,8.001111111,0.010663489,0.000663489
58,REU04,BH-BP-FP,REU04_BH-BP-FP,2,0,1,0,0,0,1,1,10.00166667,0.010169401,0.000169401
58,REU04,BH-BP-FP,REU04_BH-BP-FP,2,0,1,0,0,0,1,1,12.00222222,0.010155285,0.000155285
58,REU04,BH-BP-FP,REU04_BH-BP-FP,2,0,1,0,0,0,1,1,14.00277778,0.010162343,0.000162343
58,REU04,BH-BP-FP,REU04_BH-BP-FP,2,0,1,0,0,0,1,1,16.00277778,0.010127051,0.000127051
58,REU04,BH-BP-FP,REU04_BH-BP-FP,2,0,1,0,0,0,1,1,18.00388889,0.010381153,0.000381153
58,REU04,BH-BP-FP,REU04_BH-BP-FP,2,0,1,0,0,0,1,1,20.00361111,0.01057173,0.00057173
58,REU04,BH-BP-FP,REU04_BH-BP-FP,2,0,1,0,0,0,1,1,22.00444444,0.010649372,0.000649372
58,REU04,BH-BP-FP,REU04_BH-BP-FP,2,0,1,0,0,0,1,1,24.00444444,0.010967,0.000967
59,REU04,BH-BT-ER,REU04_BH-BT-ER,2,0,1,0,0,0,1,1,0,0.01,0
59,REU04,BH-BT-ER,REU04_BH-BT-ER,2,0,1,0,0,0,1,1,2.000277778,0.01337185,0.00337185
59,REU04,BH-BT-ER,REU04_BH-BT-ER,2,0,1,0,0,0,1,1,4.000277778,0.00950414,-0.00049586
59,REU04,BH-BT-ER,REU04_BH-BT-ER,2,0,1,0,0,0,1,1,6.000833333,0.00950414,-0.00049586
59,REU04,BH-BT-ER,REU04_BH-BT-ER,2,0,1,0,0,0,1,1,8.001111111,0.018032937,0.008032937
59,REU04,BH-BT-ER,REU04_BH-BT-ER,2,0,1,0,0,0,1,1,10.00166667,0.010694204,0.000694204
59,REU04,BH-BT-ER,REU04_BH-BT-ER,2,0,1,0,0,0,1,1,12.00222222,0.015057775,0.005057775
59,REU04,BH-BT-ER,REU04_BH-BT-ER,2,0,1,0,0,0,1,1,14.00277778,0.016644528,0.006644528
59,REU04,BH-BT-ER,REU04_BH-BT-ER,2,0,1,0,0,0,1,1,16.00277778,0.033007918,0.023007918
59,REU04,BH-BT-ER,REU04_BH-BT-ER,2,0,1,0,0,0,1,1,18.00388889,0.084775733,0.074775733
59,REU04,BH-BT-ER,REU04_BH-BT-ER,2,0,1,0,0,0,1,1,20.00361111,0.198526086,0.188526086
59,REU04,BH-BT-ER,REU04_BH-BT-ER,2,0,1,0,0,0,1,1,22.00444444,0.316342494,0.306342494
59,REU04,BH-BT-ER,REU04_BH-BT-ER,2,0,1,0,0,0,1,1,24.00444444,0.445167,0.435167
60,REU04,BH-BT-FP,REU04_BH-BT-FP,2,0,1,0,0,0,1,1,0,0.01,0
60,REU04,BH-BT-FP,REU04_BH-BT-FP,2,0,1,0,0,0,1,1,2.000277778,0.016531156,0.006531156
60,REU04,BH-BT-FP,REU04_BH-BT-FP,2,0,1,0,0,0,1,1,4.000277778,0.014026055,0.004026055
60,REU04,BH-BT-FP,REU04_BH-BT-FP,2,0,1,0,0,0,1,1,6.000833333,0.014920734,0.004920734
60,REU04,BH-BT-FP,REU04_BH-BT-FP,2,0,1,0,0,0,1,1,8.001111111,0.032993249,0.022993249
60,REU04,BH-BT-FP,REU04_BH-BT-FP,2,0,1,0,0,0,1,1,10.00166667,0.01679956,0.00679956
60,REU04,BH-BT-FP,REU04_BH-BT-FP,2,0,1,0,0,0,1,1,12.00222222,0.018320514,0.008320514
60,REU04,BH-BT-FP,REU04_BH-BT-FP,2,0,1,0,0,0,1,1,14.00277778,0.024135927,0.014135927
60,REU04,BH-BT-FP,REU04_BH-BT-FP,2,0,1,0,0,0,1,1,16.00277778,0.038271855,0.028271855
60,REU04,BH-BT-FP,REU04_BH-BT-FP,2,0,1,0,0,0,1,1,18.00388889,0.084884628,0.074884628
60,REU04,BH-BT-FP,REU04_BH-BT-FP,2,0,1,0,0,0,1,1,20.00361111,0.195824817,0.185824817
60,REU04,BH-BT-FP,REU04_BH-BT-FP,2,0,1,0,0,0,1,1,22.00444444,0.328505705,0.318505705
60,REU04,BH-BT-FP,REU04_BH-BT-FP,2,0,1,0,0,0,1,1,24.00444444,0.519967,0.509967
61,REU04,BH-ER-FP,REU04_BH-ER-FP,2,0,1,0,0,0,1,1,0,0.01,0
61,REU04,BH-ER-FP,REU04_BH-ER-FP,2,0,1,0,0,0,1,1,2.000277778,0.006855455,-0.003144545
61,REU04,BH-ER-FP,REU04_BH-ER-FP,2,0,1,0,0,0,1,1,4.000277778,0.011946623,0.001946623
61,REU04,BH-ER-FP,REU04_BH-ER-FP,2,0,1,0,0,0,1,1,6.000833333,0.012620455,0.002620455
61,REU04,BH-ER-FP,REU04_BH-ER-FP,2,0,1,0,0,0,1,1,8.001111111,-0.009466234,-0.019466234
61,REU04,BH-ER-FP,REU04_BH-ER-FP,2,0,1,0,0,0,1,1,10.00166667,0.013518896,0.003518896
61,REU04,BH-ER-FP,REU04_BH-ER-FP,2,0,1,0,0,0,1,1,12.00222222,0.013893247,0.003893247
61,REU04,BH-ER-FP,REU04_BH-ER-FP,2,0,1,0,0,0,1,1,14.00277778,0.014417338,0.004417338
61,REU04,BH-ER-FP,REU04_BH-ER-FP,2,0,1,0,0,0,1,1,16.00277778,0.015091169,0.005091169
61,REU04,BH-ER-FP,REU04_BH-ER-FP,2,0,1,0,0,0,1,1,18.00388889,0.011946623,0.001946623
61,REU04,BH-ER-FP,REU04_BH-ER-FP,2,0,1,0,0,0,1,1,20.00361111,0.007529286,-0.002470714
61,REU04,BH-ER-FP,REU04_BH-ER-FP,2,0,1,0,0,0,1,1,22.00444444,0.001839156,-0.008160844
61,REU04,BH-ER-FP,REU04_BH-ER-FP,2,0,1,0,0,0,1,1,24.00444444,-0.00153,-0.01153
62,REU04,BP-BT-ER,REU04_BP-BT-ER,2,0,1,0,0,0,1,1,0,0.01,0
62,REU04,BP-BT-ER,REU04_BP-BT-ER,2,0,1,0,0,0,1,1,2.000277778,0.014187372,0.004187372
62,REU04,BP-BT-ER,REU04_BP-BT-ER,2,0,1,0,0,0,1,1,4.000277778,0.009762081,-0.000237919
62,REU04,BP-BT-ER,REU04_BP-BT-ER,2,0,1,0,0,0,1,1,6.000833333,0.009476579,-0.000523421
62,REU04,BP-BT-ER,REU04_BP-BT-ER,2,0,1,0,0,0,1,1,8.001111111,0.031555447,0.021555447
62,REU04,BP-BT-ER,REU04_BP-BT-ER,2,0,1,0,0,0,1,1,10.00166667,0.010095168,9.51679999999996E-05
62,REU04,BP-BT-ER,REU04_BP-BT-ER,2,0,1,0,0,0,1,1,12.00222222,0.011760599,0.001760599
62,REU04,BP-BT-ER,REU04_BP-BT-ER,2,0,1,0,0,0,1,1,14.00277778,0.019707089,0.009707089
62,REU04,BP-BT-ER,REU04_BP-BT-ER,2,0,1,0,0,0,1,1,16.00277778,0.043023135,0.033023135
62,REU04,BP-BT-ER,REU04_BP-BT-ER,2,0,1,0,0,0,1,1,18.00388889,0.101170501,0.091170501
62,REU04,BP-BT-ER,REU04_BP-BT-ER,2,0,1,0,0,0,1,1,20.00361111,0.200906079,0.190906079
62,REU04,BP-BT-ER,REU04_BP-BT-ER,2,0,1,0,0,0,1,1,22.00444444,0.330667016,0.320667016
62,REU04,BP-BT-ER,REU04_BP-BT-ER,2,0,1,0,0,0,1,1,24.00444444,0.465567,0.455567
63,REU04,BP-BT-FP,REU04_BP-BT-FP,2,0,1,0,0,0,1,1,0,0.01,0
63,REU04,BP-BT-FP,REU04_BP-BT-FP,2,0,1,0,0,0,1,1,2.000277778,0.017523752,0.007523752
63,REU04,BP-BT-FP,REU04_BP-BT-FP,2,0,1,0,0,0,1,1,4.000277778,0.012176292,0.002176292
63,REU04,BP-BT-FP,REU04_BP-BT-FP,2,0,1,0,0,0,1,1,6.000833333,0.01267373,0.00267373
63,REU04,BP-BT-FP,REU04_BP-BT-FP,2,0,1,0,0,0,1,1,8.001111111,0.054893791,0.044893791
63,REU04,BP-BT-FP,REU04_BP-BT-FP,2,0,1,0,0,0,1,1,10.00166667,0.013171168,0.003171168
63,REU04,BP-BT-FP,REU04_BP-BT-FP,2,0,1,0,0,0,1,1,12.00222222,0.013730786,0.003730786
63,REU04,BP-BT-FP,REU04_BP-BT-FP,2,0,1,0,0,0,1,1,14.00277778,0.015658359,0.005658359
63,REU04,BP-BT-FP,REU04_BP-BT-FP,2,0,1,0,0,0,1,1,16.00277778,0.017150673,0.007150673
63,REU04,BP-BT-FP,REU04_BP-BT-FP,2,0,1,0,0,0,1,1,18.00388889,0.037110378,0.027110378
63,REU04,BP-BT-FP,REU04_BP-BT-FP,2,0,1,0,0,0,1,1,20.00361111,0.063474598,0.053474598
63,REU04,BP-BT-FP,REU04_BP-BT-FP,2,0,1,0,0,0,1,1,22.00444444,0.122296657,0.112296657
63,REU04,BP-BT-FP,REU04_BP-BT-FP,2,0,1,0,0,0,1,1,24.00444444,0.227567,0.217567
64,REU04,BP-ER-FP,REU04_BP-ER-FP,2,0,1,0,0,0,1,1,0,0.01,0
64,REU04,BP-ER-FP,REU04_BP-ER-FP,2,0,1,0,0,0,1,1,2.000277778,0.009816645,-0.000183355
64,REU04,BP-ER-FP,REU04_BP-ER-FP,2,0,1,0,0,0,1,1,4.000277778,0.010178654,0.000178654
64,REU04,BP-ER-FP,REU04_BP-ER-FP,2,0,1,0,0,0,1,1,6.000833333,0.010235071,0.000235071
64,REU04,BP-ER-FP,REU04_BP-ER-FP,2,0,1,0,0,0,1,1,8.001111111,0.006817144,-0.003182856
64,REU04,BP-ER-FP,REU04_BP-ER-FP,2,0,1,0,0,0,1,1,10.00166667,0.010343203,0.000343203
64,REU04,BP-ER-FP,REU04_BP-ER-FP,2,0,1,0,0,0,1,1,12.00222222,0.010352606,0.000352606
64,REU04,BP-ER-FP,REU04_BP-ER-FP,2,0,1,0,0,0,1,1,14.00277778,0.010314995,0.000314995
64,REU04,BP-ER-FP,REU04_BP-ER-FP,2,0,1,0,0,0,1,1,16.00277778,0.010437231,0.000437231
64,REU04,BP-ER-FP,REU04_BP-ER-FP,2,0,1,0,0,0,1,1,18.00388889,0.008965689,-0.001034311
64,REU04,BP-ER-FP,REU04_BP-ER-FP,2,0,1,0,0,0,1,1,20.00361111,0.007696308,-0.002303692
64,REU04,BP-ER-FP,REU04_BP-ER-FP,2,0,1,0,0,0,1,1,22.00444444,0.006577372,-0.003422628
64,REU04,BP-ER-FP,REU04_BP-ER-FP,2,0,1,0,0,0,1,1,24.00444444,0.00567,-0.00433
65,REU04,BH-BP-ER,REU04_BH-BP-ER,3,0,1,0,0,0,1,1,0,0.01,0
65,REU04,BH-BP-ER,REU04_BH-BP-ER,3,0,1,0,0,0,1,1,2.000277778,0.009018444,-0.000981556
65,REU04,BH-BP-ER,REU04_BH-BP-ER,3,0,1,0,0,0,1,1,4.000277778,0.00860317,-0.00139683
65,REU04,BH-BP-ER,REU04_BH-BP-ER,3,0,1,0,0,0,1,1,6.000833333,0.008187897,-0.001812103
65,REU04,BH-BP-ER,REU04_BH-BP-ER,3,0,1,0,0,0,1,1,8.001111111,0.008395534,-0.001604466
65,REU04,BH-BP-ER,REU04_BH-BP-ER,3,0,1,0,0,0,1,1,10.00166667,0.007904756,-0.002095244
65,REU04,BH-BP-ER,REU04_BH-BP-ER,3,0,1,0,0,0,1,1,12.00222222,0.00788588,-0.00211412
65,REU04,BH-BP-ER,REU04_BH-BP-ER,3,0,1,0,0,0,1,1,14.00277778,0.008055764,-0.001944236
65,REU04,BH-BP-ER,REU04_BH-BP-ER,3,0,1,0,0,0,1,1,16.00277778,0.008848559,-0.001151441
65,REU04,BH-BP-ER,REU04_BH-BP-ER,3,0,1,0,0,0,1,1,18.00388889,0.009735735,-0.000264265
65,REU04,BH-BP-ER,REU04_BH-BP-ER,3,0,1,0,0,0,1,1,20.00361111,0.011547838,0.001547838
65,REU04,BH-BP-ER,REU04_BH-BP-ER,3,0,1,0,0,0,1,1,22.00444444,0.015681699,0.005681699
65,REU04,BH-BP-ER,REU04_BH-BP-ER,3,0,1,0,0,0,1,1,24.00444444,0.020967,0.010967
66,REU04,BH-BP-FP,REU04_BH-BP-FP,3,0,1,0,0,0,1,1,0,0.01,0
66,REU04,BH-BP-FP,REU04_BH-BP-FP,3,0,1,0,0,0,1,1,2.000277778,0.010264,0.000264
66,REU04,BH-BP-FP,REU04_BH-BP-FP,3,0,1,0,0,0,1,1,4.000277778,0.010044,4.39999999999989E-05
66,REU04,BH-BP-FP,REU04_BH-BP-FP,3,0,1,0,0,0,1,1,6.000833333,0.010121,0.000121
66,REU04,BH-BP-FP,REU04_BH-BP-FP,3,0,1,0,0,0,1,1,8.001111111,0.010704,0.000704
66,REU04,BH-BP-FP,REU04_BH-BP-FP,3,0,1,0,0,0,1,1,10.00166667,0.01011,0.00011
66,REU04,BH-BP-FP,REU04_BH-BP-FP,3,0,1,0,0,0,1,1,12.00222222,0.010066,6.60000000000001E-05
66,REU04,BH-BP-FP,REU04_BH-BP-FP,3,0,1,0,0,0,1,1,14.00277778,0.010132,0.000132
66,REU04,BH-BP-FP,REU04_BH-BP-FP,3,0,1,0,0,0,1,1,16.00277778,0.010154,0.000154
66,REU04,BH-BP-FP,REU04_BH-BP-FP,3,0,1,0,0,0,1,1,18.00388889,0.010385,0.000385
66,REU04,BH-BP-FP,REU04_BH-BP-FP,3,0,1,0,0,0,1,1,20.00361111,0.010715,0.000715
66,REU04,BH-BP-FP,REU04_BH-BP-FP,3,0,1,0,0,0,1,1,22.00444444,0.01077,0.00077
66,REU04,BH-BP-FP,REU04_BH-BP-FP,3,0,1,0,0,0,1,1,24.00444444,0.011067,0.001067
67,REU04,BH-BT-ER,REU04_BH-BT-ER,3,0,1,0,0,0,1,1,0,0.01,0
67,REU04,BH-BT-ER,REU04_BH-BT-ER,3,0,1,0,0,0,1,1,2.000277778,0.011568769,0.001568769
67,REU04,BH-BT-ER,REU04_BH-BT-ER,3,0,1,0,0,0,1,1,4.000277778,0.008921471,-0.001078529
67,REU04,BH-BT-ER,REU04_BH-BT-ER,3,0,1,0,0,0,1,1,6.000833333,0.008333183,-0.001666817
67,REU04,BH-BT-ER,REU04_BH-BT-ER,3,0,1,0,0,0,1,1,8.001111111,0.011960961,0.001960961
67,REU04,BH-BT-ER,REU04_BH-BT-ER,3,0,1,0,0,0,1,1,10.00166667,0.006862462,-0.003137538
67,REU04,BH-BT-ER,REU04_BH-BT-ER,3,0,1,0,0,0,1,1,12.00222222,0.007842943,-0.002157057
67,REU04,BH-BT-ER,REU04_BH-BT-ER,3,0,1,0,0,0,1,1,14.00277778,0.011862913,0.001862913
67,REU04,BH-BT-ER,REU04_BH-BT-ER,3,0,1,0,0,0,1,1,16.00277778,0.01607898,0.00607898
67,REU04,BH-BT-ER,REU04_BH-BT-ER,3,0,1,0,0,0,1,1,18.00388889,0.041179283,0.031179283
67,REU04,BH-BT-ER,REU04_BH-BT-ER,3,0,1,0,0,0,1,1,20.00361111,0.091575985,0.081575985
67,REU04,BH-BT-ER,REU04_BH-BT-ER,3,0,1,0,0,0,1,1,22.00444444,0.212861433,0.202861433
67,REU04,BH-BT-ER,REU04_BH-BT-ER,3,0,1,0,0,0,1,1,24.00444444,0.318067,0.308067
68,REU04,BH-BT-FP,REU04_BH-BT-FP,3,0,1,0,0,0,1,1,0,0.01,0
68,REU04,BH-BT-FP,REU04_BH-BT-FP,3,0,1,0,0,0,1,1,2.000277778,0.015917861,0.005917861
68,REU04,BH-BT-FP,REU04_BH-BT-FP,3,0,1,0,0,0,1,1,4.000277778,0.014365635,0.004365635
68,REU04,BH-BT-FP,REU04_BH-BT-FP,3,0,1,0,0,0,1,1,6.000833333,0.015529805,0.005529805
68,REU04,BH-BT-FP,REU04_BH-BT-FP,3,0,1,0,0,0,1,1,8.001111111,0.021835722,0.011835722
68,REU04,BH-BT-FP,REU04_BH-BT-FP,3,0,1,0,0,0,1,1,10.00166667,0.016014875,0.006014875
68,REU04,BH-BT-FP,REU04_BH-BT-FP,3,0,1,0,0,0,1,1,12.00222222,0.017955158,0.007955158
68,REU04,BH-BT-FP,REU04_BH-BT-FP,3,0,1,0,0,0,1,1,14.00277778,0.021253638,0.011253638
68,REU04,BH-BT-FP,REU04_BH-BT-FP,3,0,1,0,0,0,1,1,16.00277778,0.029014767,0.019014767
68,REU04,BH-BT-FP,REU04_BH-BT-FP,3,0,1,0,0,0,1,1,18.00388889,0.052783226,0.042783226
68,REU04,BH-BT-FP,REU04_BH-BT-FP,3,0,1,0,0,0,1,1,20.00361111,0.116909557,0.106909557
68,REU04,BH-BT-FP,REU04_BH-BT-FP,3,0,1,0,0,0,1,1,22.00444444,0.249818897,0.239818897
68,REU04,BH-BT-FP,REU04_BH-BT-FP,3,0,1,0,0,0,1,1,24.00444444,0.387967,0.377967
69,REU04,BH-ER-FP,REU04_BH-ER-FP,3,0,1,0,0,0,1,1,0,0.01,0
69,REU04,BH-ER-FP,REU04_BH-ER-FP,3,0,1,0,0,0,1,1,2.000277778,0.000834118,-0.009165882
69,REU04,BH-ER-FP,REU04_BH-ER-FP,3,0,1,0,0,0,1,1,4.000277778,0.013273529,0.003273529
69,REU04,BH-ER-FP,REU04_BH-ER-FP,3,0,1,0,0,0,1,1,6.000833333,0.017856471,0.007856471
69,REU04,BH-ER-FP,REU04_BH-ER-FP,3,0,1,0,0,0,1,1,8.001111111,-0.016842941,-0.026842941
69,REU04,BH-ER-FP,REU04_BH-ER-FP,3,0,1,0,0,0,1,1,10.00166667,0.019493235,0.009493235
69,REU04,BH-ER-FP,REU04_BH-ER-FP,3,0,1,0,0,0,1,1,12.00222222,0.020475294,0.010475294
69,REU04,BH-ER-FP,REU04_BH-ER-FP,3,0,1,0,0,0,1,1,14.00277778,0.029641176,0.019641176
69,REU04,BH-ER-FP,REU04_BH-ER-FP,3,0,1,0,0,0,1,1,16.00277778,0.032587353,0.022587353
69,REU04,BH-ER-FP,REU04_BH-ER-FP,3,0,1,0,0,0,1,1,18.00388889,0.021457353,0.011457353
69,REU04,BH-ER-FP,REU04_BH-ER-FP,3,0,1,0,0,0,1,1,20.00361111,0.015237647,0.005237647
69,REU04,BH-ER-FP,REU04_BH-ER-FP,3,0,1,0,0,0,1,1,22.00444444,0.005089706,-0.004910294
69,REU04,BH-ER-FP,REU04_BH-ER-FP,3,0,1,0,0,0,1,1,24.00444444,-0.00113,-0.01113
70,REU04,BP-BT-ER,REU04_BP-BT-ER,3,0,1,0,0,0,1,1,0,0.01,0
70,REU04,BP-BT-ER,REU04_BP-BT-ER,3,0,1,0,0,0,1,1,2.000277778,0.014142123,0.004142123
70,REU04,BP-BT-ER,REU04_BP-BT-ER,3,0,1,0,0,0,1,1,4.000277778,0.010290675,0.000290675
70,REU04,BP-BT-ER,REU04_BP-BT-ER,3,0,1,0,0,0,1,1,6.000833333,0.009563987,-0.000436013
70,REU04,BP-BT-ER,REU04_BP-BT-ER,3,0,1,0,0,0,1,1,8.001111111,0.018647591,0.008647591
70,REU04,BP-BT-ER,REU04_BP-BT-ER,3,0,1,0,0,0,1,1,10.00166667,0.009127974,-0.000872026
70,REU04,BP-BT-ER,REU04_BP-BT-ER,3,0,1,0,0,0,1,1,12.00222222,0.009709325,-0.000290675
70,REU04,BP-BT-ER,REU04_BP-BT-ER,3,0,1,0,0,0,1,1,14.00277778,0.013996786,0.003996786
70,REU04,BP-BT-ER,REU04_BP-BT-ER,3,0,1,0,0,0,1,1,16.00277778,0.026568493,0.016568493
70,REU04,BP-BT-ER,REU04_BP-BT-ER,3,0,1,0,0,0,1,1,18.00388889,0.06900709,0.05900709
70,REU04,BP-BT-ER,REU04_BP-BT-ER,3,0,1,0,0,0,1,1,20.00361111,0.141385245,0.131385245
70,REU04,BP-BT-ER,REU04_BP-BT-ER,3,0,1,0,0,0,1,1,22.00444444,0.301474677,0.291474677
70,REU04,BP-BT-ER,REU04_BP-BT-ER,3,0,1,0,0,0,1,1,24.00444444,0.446667,0.436667
71,REU04,BP-BT-FP,REU04_BP-BT-FP,3,0,1,0,0,0,1,1,0,0.01,0
71,REU04,BP-BT-FP,REU04_BP-BT-FP,3,0,1,0,0,0,1,1,2.000277778,0.014977214,0.004977214
71,REU04,BP-BT-FP,REU04_BP-BT-FP,3,0,1,0,0,0,1,1,4.000277778,0.011305499,0.001305499
71,REU04,BP-BT-FP,REU04_BP-BT-FP,3,0,1,0,0,0,1,1,6.000833333,0.011958248,0.001958248
71,REU04,BP-BT-FP,REU04_BP-BT-FP,3,0,1,0,0,0,1,1,8.001111111,0.035620414,0.025620414
71,REU04,BP-BT-FP,REU04_BP-BT-FP,3,0,1,0,0,0,1,1,10.00166667,0.011958248,0.001958248
71,REU04,BP-BT-FP,REU04_BP-BT-FP,3,0,1,0,0,0,1,1,12.00222222,0.013671715,0.003671715
71,REU04,BP-BT-FP,REU04_BP-BT-FP,3,0,1,0,0,0,1,1,14.00277778,0.015058808,0.005058808
71,REU04,BP-BT-FP,REU04_BP-BT-FP,3,0,1,0,0,0,1,1,16.00277778,0.019138492,0.009138492
71,REU04,BP-BT-FP,REU04_BP-BT-FP,3,0,1,0,0,0,1,1,18.00388889,0.030398419,0.020398419
71,REU04,BP-BT-FP,REU04_BP-BT-FP,3,0,1,0,0,0,1,1,20.00361111,0.049899307,0.039899307
71,REU04,BP-BT-FP,REU04_BP-BT-FP,3,0,1,0,0,0,1,1,22.00444444,0.121783336,0.111783336
71,REU04,BP-BT-FP,REU04_BP-BT-FP,3,0,1,0,0,0,1,1,24.00444444,0.249967,0.239967
72,REU04,BP-ER-FP,REU04_BP-ER-FP,3,0,1,0,0,0,1,1,0,0.01,0
72,REU04,BP-ER-FP,REU04_BP-ER-FP,3,0,1,0,0,0,1,1,2.000277778,0.009927787,-7.22129999999998E-05
72,REU04,BP-ER-FP,REU04_BP-ER-FP,3,0,1,0,0,0,1,1,4.000277778,0.010353043,0.000353043
72,REU04,BP-ER-FP,REU04_BP-ER-FP,3,0,1,0,0,0,1,1,6.000833333,0.010457352,0.000457352
72,REU04,BP-ER-FP,REU04_BP-ER-FP,3,0,1,0,0,0,1,1,8.001111111,0.009671028,-0.000328972
72,REU04,BP-ER-FP,REU04_BP-ER-FP,3,0,1,0,0,0,1,1,10.00166667,0.010682016,0.000682016
72,REU04,BP-ER-FP,REU04_BP-ER-FP,3,0,1,0,0,0,1,1,12.00222222,0.010762253,0.000762253
72,REU04,BP-ER-FP,REU04_BP-ER-FP,3,0,1,0,0,0,1,1,14.00277778,0.010698063,0.000698063
72,REU04,BP-ER-FP,REU04_BP-ER-FP,3,0,1,0,0,0,1,1,16.00277778,0.010858538,0.000858538
72,REU04,BP-ER-FP,REU04_BP-ER-FP,3,0,1,0,0,0,1,1,18.00388889,0.010192569,0.000192569
72,REU04,BP-ER-FP,REU04_BP-ER-FP,3,0,1,0,0,0,1,1,20.00361111,0.010304901,0.000304901
72,REU04,BP-ER-FP,REU04_BP-ER-FP,3,0,1,0,0,0,1,1,22.00444444,0.009446364,-0.000553636
72,REU04,BP-ER-FP,REU04_BP-ER-FP,3,0,1,0,0,0,1,1,24.00444444,0.00797,-0.00203
73,REU04,BT-ER-FP,REU04_BT-ER-FP,1,0,1,0,0,0,1,1,0,0.01,0
73,REU04,BT-ER-FP,REU04_BT-ER-FP,1,0,1,0,0,0,1,1,2.000277778,0.0155,0.0055
73,REU04,BT-ER-FP,REU04_BT-ER-FP,1,0,1,0,0,0,1,1,4.000277778,0.0118,0.0018
73,REU04,BT-ER-FP,REU04_BT-ER-FP,1,0,1,0,0,0,1,1,6.000833333,0.0101,0.0001
73,REU04,BT-ER-FP,REU04_BT-ER-FP,1,0,1,0,0,0,1,1,8.001111111,0.0033,-0.0067
73,REU04,BT-ER-FP,REU04_BT-ER-FP,1,0,1,0,0,0,1,1,10.00166667,0.0095,-0.0005
73,REU04,BT-ER-FP,REU04_BT-ER-FP,1,0,1,0,0,0,1,1,12.00222222,0.0111,0.0011
73,REU04,BT-ER-FP,REU04_BT-ER-FP,1,0,1,0,0,0,1,1,14.00277778,0.0153,0.0053
73,REU04,BT-ER-FP,REU04_BT-ER-FP,1,0,1,0,0,0,1,1,16.00277778,0.024,0.014
73,REU04,BT-ER-FP,REU04_BT-ER-FP,1,0,1,0,0,0,1,1,18.00388889,0.0391,0.0291
73,REU04,BT-ER-FP,REU04_BT-ER-FP,1,0,1,0,0,0,1,1,20.00361111,0.0752,0.0652
73,REU04,BT-ER-FP,REU04_BT-ER-FP,1,0,1,0,0,0,1,1,22.00444444,0.1747,0.1647
73,REU04,BT-ER-FP,REU04_BT-ER-FP,1,0,1,0,0,0,1,1,24.00444444,0.2969,0.2869
74,REU04,BH-BP-BT-ER,REU04_BH-BP-BT-ER,1,0,1,0,0,0,1,1,0,0.01,0
74,REU04,BH-BP-BT-ER,REU04_BH-BP-BT-ER,1,0,1,0,0,0,1,1,2.000277778,0.009581487,-0.000418513
74,REU04,BH-BP-BT-ER,REU04_BH-BP-BT-ER,1,0,1,0,0,0,1,1,4.000277778,0.009539636,-0.000460364
74,REU04,BH-BP-BT-ER,REU04_BH-BP-BT-ER,1,0,1,0,0,0,1,1,6.000833333,0.007949289,-0.002050711
74,REU04,BH-BP-BT-ER,REU04_BH-BP-BT-ER,1,0,1,0,0,0,1,1,8.001111111,0.008284099,-0.001715901
74,REU04,BH-BP-BT-ER,REU04_BH-BP-BT-ER,1,0,1,0,0,0,1,1,10.00166667,0.00832595,-0.00167405
74,REU04,BH-BP-BT-ER,REU04_BH-BP-BT-ER,1,0,1,0,0,0,1,1,12.00222222,0.008870016,-0.001129984
74,REU04,BH-BP-BT-ER,REU04_BH-BP-BT-ER,1,0,1,0,0,0,1,1,14.00277778,0.014226977,0.004226977
74,REU04,BH-BP-BT-ER,REU04_BH-BP-BT-ER,1,0,1,0,0,0,1,1,16.00277778,0.027242716,0.017242716
74,REU04,BH-BP-BT-ER,REU04_BH-BP-BT-ER,1,0,1,0,0,0,1,1,18.00388889,0.053525303,0.043525303
74,REU04,BH-BP-BT-ER,REU04_BH-BP-BT-ER,1,0,1,0,0,0,1,1,20.00361111,0.115465157,0.105465157
74,REU04,BH-BP-BT-ER,REU04_BH-BP-BT-ER,1,0,1,0,0,0,1,1,22.00444444,0.19205295,0.18205295
74,REU04,BH-BP-BT-ER,REU04_BH-BP-BT-ER,1,0,1,0,0,0,1,1,24.00444444,0.297267,0.287267
75,REU04,BH-BP-BT-FP,REU04_BH-BP-BT-FP,1,0,1,0,0,0,1,1,0,0.01,0
75,REU04,BH-BP-BT-FP,REU04_BH-BP-BT-FP,1,0,1,0,0,0,1,1,2.000277778,0.012337364,0.002337364
75,REU04,BH-BP-BT-FP,REU04_BH-BP-BT-FP,1,0,1,0,0,0,1,1,4.000277778,0.017495683,0.007495683
75,REU04,BH-BP-BT-FP,REU04_BH-BP-BT-FP,1,0,1,0,0,0,1,1,6.000833333,0.013949339,0.003949339
75,REU04,BH-BP-BT-FP,REU04_BH-BP-BT-FP,1,0,1,0,0,0,1,1,8.001111111,0.012740357,0.002740357
75,REU04,BH-BP-BT-FP,REU04_BH-BP-BT-FP,1,0,1,0,0,0,1,1,10.00166667,0.018946461,0.008946461
75,REU04,BH-BP-BT-FP,REU04_BH-BP-BT-FP,1,0,1,0,0,0,1,1,12.00222222,0.018301671,0.008301671
75,REU04,BH-BP-BT-FP,REU04_BH-BP-BT-FP,1,0,1,0,0,0,1,1,14.00277778,0.022976398,0.012976398
75,REU04,BH-BP-BT-FP,REU04_BH-BP-BT-FP,1,0,1,0,0,0,1,1,16.00277778,0.028295916,0.018295916
75,REU04,BH-BP-BT-FP,REU04_BH-BP-BT-FP,1,0,1,0,0,0,1,1,18.00388889,0.041191715,0.031191715
75,REU04,BH-BP-BT-FP,REU04_BH-BP-BT-FP,1,0,1,0,0,0,1,1,20.00361111,0.081088095,0.071088095
75,REU04,BH-BP-BT-FP,REU04_BH-BP-BT-FP,1,0,1,0,0,0,1,1,22.00444444,0.16950492,0.15950492
75,REU04,BH-BP-BT-FP,REU04_BH-BP-BT-FP,1,0,1,0,0,0,1,1,24.00444444,0.280167,0.270167
76,REU04,BH-BP-ER-FP,REU04_BH-BP-ER-FP,1,0,1,0,0,0,1,1,0,0.01,0
76,REU04,BH-BP-ER-FP,REU04_BH-BP-ER-FP,1,0,1,0,0,0,1,1,2.000277778,0.010252832,0.000252832
76,REU04,BH-BP-ER-FP,REU04_BH-BP-ER-FP,1,0,1,0,0,0,1,1,4.000277778,0.008946533,-0.001053467
76,REU04,BH-BP-ER-FP,REU04_BH-BP-ER-FP,1,0,1,0,0,0,1,1,6.000833333,0.008145898,-0.001854102
76,REU04,BH-BP-ER-FP,REU04_BH-BP-ER-FP,1,0,1,0,0,0,1,1,8.001111111,0.008567285,-0.001432715
76,REU04,BH-BP-ER-FP,REU04_BH-BP-ER-FP,1,0,1,0,0,0,1,1,10.00166667,0.006966015,-0.003033985
76,REU04,BH-BP-ER-FP,REU04_BH-BP-ER-FP,1,0,1,0,0,0,1,1,12.00222222,0.007682373,-0.002317627
76,REU04,BH-BP-ER-FP,REU04_BH-BP-ER-FP,1,0,1,0,0,0,1,1,14.00277778,0.008440869,-0.001559131
76,REU04,BH-BP-ER-FP,REU04_BH-BP-ER-FP,1,0,1,0,0,0,1,1,16.00277778,0.014845948,0.004845948
76,REU04,BH-BP-ER-FP,REU04_BH-BP-ER-FP,1,0,1,0,0,0,1,1,18.00388889,0.028541017,0.018541017
76,REU04,BH-BP-ER-FP,REU04_BH-BP-ER-FP,1,0,1,0,0,0,1,1,20.00361111,0.045522903,0.035522903
76,REU04,BH-BP-ER-FP,REU04_BH-BP-ER-FP,1,0,1,0,0,0,1,1,22.00444444,0.080118754,0.070118754
76,REU04,BH-BP-ER-FP,REU04_BH-BP-ER-FP,1,0,1,0,0,0,1,1,24.00444444,0.140967,0.130967
77,REU04,BH-BT-ER-FP,REU04_BH-BT-ER-FP,1,0,1,0,0,0,1,1,0,0.01,0
77,REU04,BH-BT-ER-FP,REU04_BH-BT-ER-FP,1,0,1,0,0,0,1,1,2.000277778,0.01140076,0.00140076
77,REU04,BH-BT-ER-FP,REU04_BH-BT-ER-FP,1,0,1,0,0,0,1,1,4.000277778,0.009159544,-0.000840456
77,REU04,BH-BT-ER-FP,REU04_BH-BT-ER-FP,1,0,1,0,0,0,1,1,6.000833333,0.0076654,-0.0023346
77,REU04,BH-BT-ER-FP,REU04_BH-BT-ER-FP,1,0,1,0,0,0,1,1,8.001111111,0.00953308,-0.00046692
77,REU04,BH-BT-ER-FP,REU04_BH-BT-ER-FP,1,0,1,0,0,0,1,1,10.00166667,0.00906616,-0.00093384
77,REU04,BH-BT-ER-FP,REU04_BH-BT-ER-FP,1,0,1,0,0,0,1,1,12.00222222,0.013175056,0.003175056
77,REU04,BH-BT-ER-FP,REU04_BH-BT-ER-FP,1,0,1,0,0,0,1,1,14.00277778,0.026062049,0.016062049
77,REU04,BH-BT-ER-FP,REU04_BH-BT-ER-FP,1,0,1,0,0,0,1,1,16.00277778,0.06621717,0.05621717
77,REU04,BH-BT-ER-FP,REU04_BH-BT-ER-FP,1,0,1,0,0,0,1,1,18.00388889,0.138683156,0.128683156
77,REU04,BH-BT-ER-FP,REU04_BH-BT-ER-FP,1,0,1,0,0,0,1,1,20.00361111,0.263257416,0.253257416
77,REU04,BH-BT-ER-FP,REU04_BH-BT-ER-FP,1,0,1,0,0,0,1,1,22.00444444,0.359816475,0.349816475
77,REU04,BH-BT-ER-FP,REU04_BH-BT-ER-FP,1,0,1,0,0,0,1,1,24.00444444,0.514367,0.504367
78,REU04,BP-BT-ER-FP,REU04_BP-BT-ER-FP,1,0,1,0,0,0,1,1,0,0.01,0
78,REU04,BP-BT-ER-FP,REU04_BP-BT-ER-FP,1,0,1,0,0,0,1,1,2.000277778,0.011195631,0.001195631
78,REU04,BP-BT-ER-FP,REU04_BP-BT-ER-FP,1,0,1,0,0,0,1,1,4.000277778,0.009601456,-0.000398544
78,REU04,BP-BT-ER-FP,REU04_BP-BT-ER-FP,1,0,1,0,0,0,1,1,6.000833333,0.009481893,-0.000518107
78,REU04,BP-BT-ER-FP,REU04_BP-BT-ER-FP,1,0,1,0,0,0,1,1,8.001111111,0.010557961,0.000557961
78,REU04,BP-BT-ER-FP,REU04_BP-BT-ER-FP,1,0,1,0,0,0,1,1,10.00166667,0.009721019,-0.000278981
78,REU04,BP-BT-ER-FP,REU04_BP-BT-ER-FP,1,0,1,0,0,0,1,1,12.00222222,0.012231844,0.002231844
78,REU04,BP-BT-ER-FP,REU04_BP-BT-ER-FP,1,0,1,0,0,0,1,1,14.00277778,0.022275144,0.012275144
78,REU04,BP-BT-ER-FP,REU04_BP-BT-ER-FP,1,0,1,0,0,0,1,1,16.00277778,0.051847083,0.041847083
78,REU04,BP-BT-ER-FP,REU04_BP-BT-ER-FP,1,0,1,0,0,0,1,1,18.00388889,0.116849551,0.106849551
78,REU04,BP-BT-ER-FP,REU04_BP-BT-ER-FP,1,0,1,0,0,0,1,1,20.00361111,0.218797016,0.208797016
78,REU04,BP-BT-ER-FP,REU04_BP-BT-ER-FP,1,0,1,0,0,0,1,1,22.00444444,0.304284627,0.294284627
78,REU04,BP-BT-ER-FP,REU04_BP-BT-ER-FP,1,0,1,0,0,0,1,1,24.00444444,0.358367,0.348367
79,REU04,BH-BP-BT-ER-FP,REU04_BH-BP-BT-ER-FP,1,0,1,0,0,0,1,1,0,0.01,0
79,REU04,BH-BP-BT-ER-FP,REU04_BH-BP-BT-ER-FP,1,0,1,0,0,0,1,1,2.000277778,0.011452738,0.001452738
79,REU04,BH-BP-BT-ER-FP,REU04_BH-BP-BT-ER-FP,1,0,1,0,0,0,1,1,4.000277778,0.009339664,-0.000660336
79,REU04,BH-BP-BT-ER-FP,REU04_BH-BP-BT-ER-FP,1,0,1,0,0,0,1,1,6.000833333,0.008987485,-0.001012515
79,REU04,BH-BP-BT-ER-FP,REU04_BH-BP-BT-ER-FP,1,0,1,0,0,0,1,1,8.001111111,0.012157096,0.002157096
79,REU04,BH-BP-BT-ER-FP,REU04_BH-BP-BT-ER-FP,1,0,1,0,0,0,1,1,10.00166667,0.010440224,0.000440224
79,REU04,BH-BP-BT-ER-FP,REU04_BH-BP-BT-ER-FP,1,0,1,0,0,0,1,1,12.00222222,0.016911513,0.006911513
79,REU04,BH-BP-BT-ER-FP,REU04_BH-BP-BT-ER-FP,1,0,1,0,0,0,1,1,14.00277778,0.040595552,0.030595552
79,REU04,BH-BP-BT-ER-FP,REU04_BH-BP-BT-ER-FP,1,0,1,0,0,0,1,1,16.00277778,0.102667104,0.092667104
79,REU04,BH-BP-BT-ER-FP,REU04_BH-BP-BT-ER-FP,1,0,1,0,0,0,1,1,18.00388889,0.205239243,0.195239243
79,REU04,BH-BP-BT-ER-FP,REU04_BH-BP-BT-ER-FP,1,0,1,0,0,0,1,1,20.00361111,0.316175633,0.306175633
79,REU04,BH-BP-BT-ER-FP,REU04_BH-BP-BT-ER-FP,1,0,1,0,0,0,1,1,22.00444444,0.387315795,0.377315795
79,REU04,BH-BP-BT-ER-FP,REU04_BH-BP-BT-ER-FP,1,0,1,0,0,0,1,1,24.00444444,0.432967,0.422967
81,REU04,BT-ER-FP,REU04_BT-ER-FP,2,0,1,0,0,0,1,1,0,0.01,0
81,REU04,BT-ER-FP,REU04_BT-ER-FP,2,0,1,0,0,0,1,1,2.000277778,0.0093,-0.0007
81,REU04,BT-ER-FP,REU04_BT-ER-FP,2,0,1,0,0,0,1,1,4.000277778,0.0042,-0.0058
81,REU04,BT-ER-FP,REU04_BT-ER-FP,2,0,1,0,0,0,1,1,6.000833333,0.0035,-0.0065
81,REU04,BT-ER-FP,REU04_BT-ER-FP,2,0,1,0,0,0,1,1,8.001111111,0.0041,-0.0059
81,REU04,BT-ER-FP,REU04_BT-ER-FP,2,0,1,0,0,0,1,1,10.00166667,0.0014,-0.0086
81,REU04,BT-ER-FP,REU04_BT-ER-FP,2,0,1,0,0,0,1,1,12.00222222,0.0007,-0.0093
81,REU04,BT-ER-FP,REU04_BT-ER-FP,2,0,1,0,0,0,1,1,14.00277778,0.0046,-0.0054
81,REU04,BT-ER-FP,REU04_BT-ER-FP,2,0,1,0,0,0,1,1,16.00277778,0.0142,0.0042
81,REU04,BT-ER-FP,REU04_BT-ER-FP,2,0,1,0,0,0,1,1,18.00388889,0.0318,0.0218
81,REU04,BT-ER-FP,REU04_BT-ER-FP,2,0,1,0,0,0,1,1,20.00361111,0.0806,0.0706
81,REU04,BT-ER-FP,REU04_BT-ER-FP,2,0,1,0,0,0,1,1,22.00444444,0.181,0.171
81,REU04,BT-ER-FP,REU04_BT-ER-FP,2,0,1,0,0,0,1,1,24.00444444,0.301,0.291
82,REU04,BH-BP-BT-ER,REU04_BH-BP-BT-ER,2,0,1,0,0,0,1,1,0,0.01,0
82,REU04,BH-BP-BT-ER,REU04_BH-BP-BT-ER,2,0,1,0,0,0,1,1,2.000277778,0.007090749,-0.002909251
82,REU04,BH-BP-BT-ER,REU04_BH-BP-BT-ER,2,0,1,0,0,0,1,1,4.000277778,0.005716936,-0.004283064
82,REU04,BH-BP-BT-ER,REU04_BH-BP-BT-ER,2,0,1,0,0,0,1,1,6.000833333,0.003534998,-0.006465002
82,REU04,BH-BP-BT-ER,REU04_BH-BP-BT-ER,2,0,1,0,0,0,1,1,8.001111111,0.003292561,-0.006707439
82,REU04,BH-BP-BT-ER,REU04_BH-BP-BT-ER,2,0,1,0,0,0,1,1,10.00166667,0.004343124,-0.005656876
82,REU04,BH-BP-BT-ER,REU04_BH-BP-BT-ER,2,0,1,0,0,0,1,1,12.00222222,0.008545375,-0.001454625
82,REU04,BH-BP-BT-ER,REU04_BH-BP-BT-ER,2,0,1,0,0,0,1,1,14.00277778,0.016707439,0.006707439
82,REU04,BH-BP-BT-ER,REU04_BH-BP-BT-ER,2,0,1,0,0,0,1,1,16.00277778,0.046446447,0.036446447
82,REU04,BH-BP-BT-ER,REU04_BH-BP-BT-ER,2,0,1,0,0,0,1,1,18.00388889,0.108914526,0.098914526
82,REU04,BH-BP-BT-ER,REU04_BH-BP-BT-ER,2,0,1,0,0,0,1,1,20.00361111,0.216233553,0.206233553
82,REU04,BH-BP-BT-ER,REU04_BH-BP-BT-ER,2,0,1,0,0,0,1,1,22.00444444,0.348927713,0.338927713
82,REU04,BH-BP-BT-ER,REU04_BH-BP-BT-ER,2,0,1,0,0,0,1,1,24.00444444,0.494067,0.484067
83,REU04,BH-BP-BT-FP,REU04_BH-BP-BT-FP,2,0,1,0,0,0,1,1,0,0.01,0
83,REU04,BH-BP-BT-FP,REU04_BH-BP-BT-FP,2,0,1,0,0,0,1,1,2.000277778,0.014,0.004
83,REU04,BH-BP-BT-FP,REU04_BH-BP-BT-FP,2,0,1,0,0,0,1,1,4.000277778,0.0205,0.0105
83,REU04,BH-BP-BT-FP,REU04_BH-BP-BT-FP,2,0,1,0,0,0,1,1,6.000833333,0.019,0.009
83,REU04,BH-BP-BT-FP,REU04_BH-BP-BT-FP,2,0,1,0,0,0,1,1,8.001111111,0.0114,0.0014
83,REU04,BH-BP-BT-FP,REU04_BH-BP-BT-FP,2,0,1,0,0,0,1,1,10.00166667,0.0207,0.0107
83,REU04,BH-BP-BT-FP,REU04_BH-BP-BT-FP,2,0,1,0,0,0,1,1,12.00222222,0.022,0.012
83,REU04,BH-BP-BT-FP,REU04_BH-BP-BT-FP,2,0,1,0,0,0,1,1,14.00277778,0.025,0.015
83,REU04,BH-BP-BT-FP,REU04_BH-BP-BT-FP,2,0,1,0,0,0,1,1,16.00277778,0.0299,0.0199
83,REU04,BH-BP-BT-FP,REU04_BH-BP-BT-FP,2,0,1,0,0,0,1,1,18.00388889,0.0468,0.0368
83,REU04,BH-BP-BT-FP,REU04_BH-BP-BT-FP,2,0,1,0,0,0,1,1,20.00361111,0.0938,0.0838
83,REU04,BH-BP-BT-FP,REU04_BH-BP-BT-FP,2,0,1,0,0,0,1,1,22.00444444,0.188,0.178
83,REU04,BH-BP-BT-FP,REU04_BH-BP-BT-FP,2,0,1,0,0,0,1,1,24.00444444,0.3279,0.3179
84,REU04,BH-BP-ER-FP,REU04_BH-BP-ER-FP,2,0,1,0,0,0,1,1,0,0.01,0
84,REU04,BH-BP-ER-FP,REU04_BH-BP-ER-FP,2,0,1,0,0,0,1,1,2.000277778,0.010133674,0.000133674
84,REU04,BH-BP-ER-FP,REU04_BH-BP-ER-FP,2,0,1,0,0,0,1,1,4.000277778,0.008796935,-0.001203065
84,REU04,BH-BP-ER-FP,REU04_BH-BP-ER-FP,2,0,1,0,0,0,1,1,6.000833333,0.008173124,-0.001826876
84,REU04,BH-BP-ER-FP,REU04_BH-BP-ER-FP,2,0,1,0,0,0,1,1,8.001111111,0.008440472,-0.001559528
84,REU04,BH-BP-ER-FP,REU04_BH-BP-ER-FP,2,0,1,0,0,0,1,1,10.00166667,0.007727545,-0.002272455
84,REU04,BH-BP-ER-FP,REU04_BH-BP-ER-FP,2,0,1,0,0,0,1,1,12.00222222,0.008173124,-0.001826876
84,REU04,BH-BP-ER-FP,REU04_BH-BP-ER-FP,2,0,1,0,0,0,1,1,14.00277778,0.009153399,-0.000846601
84,REU04,BH-BP-ER-FP,REU04_BH-BP-ER-FP,2,0,1,0,0,0,1,1,16.00277778,0.014277563,0.004277563
84,REU04,BH-BP-ER-FP,REU04_BH-BP-ER-FP,2,0,1,0,0,0,1,1,18.00388889,0.028268757,0.018268757
84,REU04,BH-BP-ER-FP,REU04_BH-BP-ER-FP,2,0,1,0,0,0,1,1,20.00361111,0.048498064,0.038498064
84,REU04,BH-BP-ER-FP,REU04_BH-BP-ER-FP,2,0,1,0,0,0,1,1,22.00444444,0.075366505,0.065366505
84,REU04,BH-BP-ER-FP,REU04_BH-BP-ER-FP,2,0,1,0,0,0,1,1,24.00444444,0.132267,0.122267
85,REU04,BH-BT-ER-FP,REU04_BH-BT-ER-FP,2,0,1,0,0,0,1,1,0,0.01,0
85,REU04,BH-BT-ER-FP,REU04_BH-BT-ER-FP,2,0,1,0,0,0,1,1,2.000277778,0.0165,0.0065
85,REU04,BH-BT-ER-FP,REU04_BH-BT-ER-FP,2,0,1,0,0,0,1,1,4.000277778,0.0166,0.0066
85,REU04,BH-BT-ER-FP,REU04_BH-BT-ER-FP,2,0,1,0,0,0,1,1,6.000833333,0.0136,0.0036
85,REU04,BH-BT-ER-FP,REU04_BH-BT-ER-FP,2,0,1,0,0,0,1,1,8.001111111,0.0057,-0.0043
85,REU04,BH-BT-ER-FP,REU04_BH-BT-ER-FP,2,0,1,0,0,0,1,1,10.00166667,0.0166,0.0066
85,REU04,BH-BT-ER-FP,REU04_BH-BT-ER-FP,2,0,1,0,0,0,1,1,12.00222222,0.0204,0.0104
85,REU04,BH-BT-ER-FP,REU04_BH-BT-ER-FP,2,0,1,0,0,0,1,1,14.00277778,0.0293,0.0193
85,REU04,BH-BT-ER-FP,REU04_BH-BT-ER-FP,2,0,1,0,0,0,1,1,16.00277778,0.0529,0.0429
85,REU04,BH-BT-ER-FP,REU04_BH-BT-ER-FP,2,0,1,0,0,0,1,1,18.00388889,0.1298,0.1198
85,REU04,BH-BT-ER-FP,REU04_BH-BT-ER-FP,2,0,1,0,0,0,1,1,20.00361111,0.273,0.263
85,REU04,BH-BT-ER-FP,REU04_BH-BT-ER-FP,2,0,1,0,0,0,1,1,22.00444444,0.3683,0.3583
85,REU04,BH-BT-ER-FP,REU04_BH-BT-ER-FP,2,0,1,0,0,0,1,1,24.00444444,0.5325,0.5225
86,REU04,BP-BT-ER-FP,REU04_BP-BT-ER-FP,2,0,1,0,0,0,1,1,0,0.01,0
86,REU04,BP-BT-ER-FP,REU04_BP-BT-ER-FP,2,0,1,0,0,0,1,1,2.000277778,0.01,0
86,REU04,BP-BT-ER-FP,REU04_BP-BT-ER-FP,2,0,1,0,0,0,1,1,4.000277778,0.010951338,0.000951338
86,REU04,BP-BT-ER-FP,REU04_BP-BT-ER-FP,2,0,1,0,0,0,1,1,6.000833333,0.009365775,-0.000634225
86,REU04,BP-BT-ER-FP,REU04_BP-BT-ER-FP,2,0,1,0,0,0,1,1,8.001111111,0.006511762,-0.003488238
86,REU04,BP-BT-ER-FP,REU04_BP-BT-ER-FP,2,0,1,0,0,0,1,1,10.00166667,0.006908153,-0.003091847
86,REU04,BP-BT-ER-FP,REU04_BP-BT-ER-FP,2,0,1,0,0,0,1,1,12.00222222,0.015311635,0.005311635
86,REU04,BP-BT-ER-FP,REU04_BP-BT-ER-FP,2,0,1,0,0,0,1,1,14.00277778,0.037826624,0.027826624
86,REU04,BP-BT-ER-FP,REU04_BP-BT-ER-FP,2,0,1,0,0,0,1,1,16.00277778,0.105767982,0.095767982
86,REU04,BP-BT-ER-FP,REU04_BP-BT-ER-FP,2,0,1,0,0,0,1,1,18.00388889,0.234198553,0.224198553
86,REU04,BP-BT-ER-FP,REU04_BP-BT-ER-FP,2,0,1,0,0,0,1,1,20.00361111,0.404725811,0.394725811
86,REU04,BP-BT-ER-FP,REU04_BP-BT-ER-FP,2,0,1,0,0,0,1,1,22.00444444,0.443017148,0.433017148
86,REU04,BP-BT-ER-FP,REU04_BP-BT-ER-FP,2,0,1,0,0,0,1,1,24.00444444,0.422167,0.412167
87,REU04,BH-BP-BT-ER-FP,REU04_BH-BP-BT-ER-FP,2,0,1,0,0,0,1,1,0,0.01,0
87,REU04,BH-BP-BT-ER-FP,REU04_BH-BP-BT-ER-FP,2,0,1,0,0,0,1,1,2.000277778,0.015334136,0.005334136
87,REU04,BH-BP-BT-ER-FP,REU04_BH-BP-BT-ER-FP,2,0,1,0,0,0,1,1,4.000277778,0.011432314,0.001432314
87,REU04,BH-BP-BT-ER-FP,REU04_BH-BP-BT-ER-FP,2,0,1,0,0,0,1,1,6.000833333,0.011629875,0.001629875
87,REU04,BH-BP-BT-ER-FP,REU04_BH-BP-BT-ER-FP,2,0,1,0,0,0,1,1,8.001111111,0.013901821,0.003901821
87,REU04,BH-BP-BT-ER-FP,REU04_BH-BP-BT-ER-FP,2,0,1,0,0,0,1,1,10.00166667,0.014741454,0.004741454
87,REU04,BH-BP-BT-ER-FP,REU04_BH-BP-BT-ER-FP,2,0,1,0,0,0,1,1,12.00222222,0.019680468,0.009680468
87,REU04,BH-BP-BT-ER-FP,REU04_BH-BP-BT-ER-FP,2,0,1,0,0,0,1,1,14.00277778,0.046252366,0.036252366
87,REU04,BH-BP-BT-ER-FP,REU04_BH-BP-BT-ER-FP,2,0,1,0,0,0,1,1,16.00277778,0.106063831,0.096063831
87,REU04,BH-BP-BT-ER-FP,REU04_BH-BP-BT-ER-FP,2,0,1,0,0,0,1,1,18.00388889,0.186619156,0.176619156
87,REU04,BH-BP-BT-ER-FP,REU04_BH-BP-BT-ER-FP,2,0,1,0,0,0,1,1,20.00361111,0.273842151,0.263842151
87,REU04,BH-BP-BT-ER-FP,REU04_BH-BP-BT-ER-FP,2,0,1,0,0,0,1,1,22.00444444,0.320762788,0.310762788
87,REU04,BH-BP-BT-ER-FP,REU04_BH-BP-BT-ER-FP,2,0,1,0,0,0,1,1,24.00444444,0.348767,0.338767
89,REU04,BT-ER-FP,REU04_BT-ER-FP,3,0,1,0,0,0,1,1,0,0.01,0
89,REU04,BT-ER-FP,REU04_BT-ER-FP,3,0,1,0,0,0,1,1,2.000277778,0.0025,-0.0075
89,REU04,BT-ER-FP,REU04_BT-ER-FP,3,0,1,0,0,0,1,1,4.000277778,-0.0006,-0.0106
89,REU04,BT-ER-FP,REU04_BT-ER-FP,3,0,1,0,0,0,1,1,6.000833333,-0.0017,-0.0117
89,REU04,BT-ER-FP,REU04_BT-ER-FP,3,0,1,0,0,0,1,1,8.001111111,-0.003,-0.013
89,REU04,BT-ER-FP,REU04_BT-ER-FP,3,0,1,0,0,0,1,1,10.00166667,-0.0034,-0.0134
89,REU04,BT-ER-FP,REU04_BT-ER-FP,3,0,1,0,0,0,1,1,12.00222222,0.0005,-0.0095
89,REU04,BT-ER-FP,REU04_BT-ER-FP,3,0,1,0,0,0,1,1,14.00277778,0.0017,-0.0083
89,REU04,BT-ER-FP,REU04_BT-ER-FP,3,0,1,0,0,0,1,1,16.00277778,0.0154,0.0054
89,REU04,BT-ER-FP,REU04_BT-ER-FP,3,0,1,0,0,0,1,1,18.00388889,0.0418,0.0318
89,REU04,BT-ER-FP,REU04_BT-ER-FP,3,0,1,0,0,0,1,1,20.00361111,0.0861,0.0761
89,REU04,BT-ER-FP,REU04_BT-ER-FP,3,0,1,0,0,0,1,1,22.00444444,0.1663,0.1563
89,REU04,BT-ER-FP,REU04_BT-ER-FP,3,0,1,0,0,0,1,1,24.00444444,0.2865,0.2765
90,REU04,BH-BP-BT-ER,REU04_BH-BP-BT-ER,3,0,1,0,0,0,1,1,0,0.01,0
90,REU04,BH-BP-BT-ER,REU04_BH-BP-BT-ER,3,0,1,0,0,0,1,1,2.000277778,0.013380513,0.003380513
90,REU04,BH-BP-BT-ER,REU04_BH-BP-BT-ER,3,0,1,0,0,0,1,1,4.000277778,0.009436581,-0.000563419
90,REU04,BH-BP-BT-ER,REU04_BH-BP-BT-ER,3,0,1,0,0,0,1,1,6.000833333,0.008873162,-0.001126838
90,REU04,BH-BP-BT-ER,REU04_BH-BP-BT-ER,3,0,1,0,0,0,1,1,8.001111111,0.007276809,-0.002723191
90,REU04,BH-BP-BT-ER,REU04_BH-BP-BT-ER,3,0,1,0,0,0,1,1,10.00166667,0.007746325,-0.002253675
90,REU04,BH-BP-BT-ER,REU04_BH-BP-BT-ER,3,0,1,0,0,0,1,1,12.00222222,0.006995099,-0.003004901
90,REU04,BH-BP-BT-ER,REU04_BH-BP-BT-ER,3,0,1,0,0,0,1,1,14.00277778,0.015446382,0.005446382
90,REU04,BH-BP-BT-ER,REU04_BH-BP-BT-ER,3,0,1,0,0,0,1,1,16.00277778,0.044556357,0.034556357
90,REU04,BH-BP-BT-ER,REU04_BH-BP-BT-ER,3,0,1,0,0,0,1,1,18.00388889,0.092259154,0.082259154
90,REU04,BH-BP-BT-ER,REU04_BH-BP-BT-ER,3,0,1,0,0,0,1,1,20.00361111,0.182687881,0.172687881
90,REU04,BH-BP-BT-ER,REU04_BH-BP-BT-ER,3,0,1,0,0,0,1,1,22.00444444,0.347018382,0.337018382
90,REU04,BH-BP-BT-ER,REU04_BH-BP-BT-ER,3,0,1,0,0,0,1,1,24.00444444,0.487967,0.477967
91,REU04,BH-BP-BT-FP,REU04_BH-BP-BT-FP,3,0,1,0,0,0,1,1,0,0.01,0
91,REU04,BH-BP-BT-FP,REU04_BH-BP-BT-FP,3,0,1,0,0,0,1,1,2.000277778,0.015001772,0.005001772
91,REU04,BH-BP-BT-FP,REU04_BH-BP-BT-FP,3,0,1,0,0,0,1,1,4.000277778,0.012673361,0.002673361
91,REU04,BH-BP-BT-FP,REU04_BH-BP-BT-FP,3,0,1,0,0,0,1,1,6.000833333,0.013535736,0.003535736
91,REU04,BH-BP-BT-FP,REU04_BH-BP-BT-FP,3,0,1,0,0,0,1,1,8.001111111,0.013449498,0.003449498
91,REU04,BH-BP-BT-FP,REU04_BH-BP-BT-FP,3,0,1,0,0,0,1,1,10.00166667,0.013794448,0.003794448
91,REU04,BH-BP-BT-FP,REU04_BH-BP-BT-FP,3,0,1,0,0,0,1,1,12.00222222,0.013794448,0.003794448
91,REU04,BH-BP-BT-FP,REU04_BH-BP-BT-FP,3,0,1,0,0,0,1,1,14.00277778,0.014225635,0.004225635
91,REU04,BH-BP-BT-FP,REU04_BH-BP-BT-FP,3,0,1,0,0,0,1,1,16.00277778,0.018451271,0.008451271
91,REU04,BH-BP-BT-FP,REU04_BH-BP-BT-FP,3,0,1,0,0,0,1,1,18.00388889,0.027678678,0.017678678
91,REU04,BH-BP-BT-FP,REU04_BH-BP-BT-FP,3,0,1,0,0,0,1,1,20.00361111,0.051997641,0.041997641
91,REU04,BH-BP-BT-FP,REU04_BH-BP-BT-FP,3,0,1,0,0,0,1,1,22.00444444,0.125471953,0.115471953
91,REU04,BH-BP-BT-FP,REU04_BH-BP-BT-FP,3,0,1,0,0,0,1,1,24.00444444,0.228267,0.218267
92,REU04,BH-BP-ER-FP,REU04_BH-BP-ER-FP,3,0,1,0,0,0,1,1,0,0.01,0
92,REU04,BH-BP-ER-FP,REU04_BH-BP-ER-FP,3,0,1,0,0,0,1,1,2.000277778,0.015226142,0.005226142
92,REU04,BH-BP-ER-FP,REU04_BH-BP-ER-FP,3,0,1,0,0,0,1,1,4.000277778,0.012335085,0.002335085
92,REU04,BH-BP-ER-FP,REU04_BH-BP-ER-FP,3,0,1,0,0,0,1,1,6.000833333,0.012335085,0.002335085
92,REU04,BH-BP-ER-FP,REU04_BH-BP-ER-FP,3,0,1,0,0,0,1,1,8.001111111,0.012946655,0.002946655
92,REU04,BH-BP-ER-FP,REU04_BH-BP-ER-FP,3,0,1,0,0,0,1,1,10.00166667,0.011779112,0.001779112
92,REU04,BH-BP-ER-FP,REU04_BH-BP-ER-FP,3,0,1,0,0,0,1,1,12.00222222,0.013280238,0.003280238
92,REU04,BH-BP-ER-FP,REU04_BH-BP-ER-FP,3,0,1,0,0,0,1,1,14.00277778,0.014114197,0.004114197
92,REU04,BH-BP-ER-FP,REU04_BH-BP-ER-FP,3,0,1,0,0,0,1,1,16.00277778,0.021564229,0.011564229
92,REU04,BH-BP-ER-FP,REU04_BH-BP-ER-FP,3,0,1,0,0,0,1,1,18.00388889,0.039244157,0.029244157
92,REU04,BH-BP-ER-FP,REU04_BH-BP-ER-FP,3,0,1,0,0,0,1,1,20.00361111,0.06715398,0.05715398
92,REU04,BH-BP-ER-FP,REU04_BH-BP-ER-FP,3,0,1,0,0,0,1,1,22.00444444,0.10546049,0.09546049
92,REU04,BH-BP-ER-FP,REU04_BH-BP-ER-FP,3,0,1,0,0,0,1,1,24.00444444,0.143767,0.133767
93,REU04,BH-BT-ER-FP,REU04_BH-BT-ER-FP,3,0,1,0,0,0,1,1,0,0.01,0
93,REU04,BH-BT-ER-FP,REU04_BH-BT-ER-FP,3,0,1,0,0,0,1,1,2.000277778,0.0127,0.0027
93,REU04,BH-BT-ER-FP,REU04_BH-BT-ER-FP,3,0,1,0,0,0,1,1,4.000277778,0.0085,-0.0015
93,REU04,BH-BT-ER-FP,REU04_BH-BT-ER-FP,3,0,1,0,0,0,1,1,6.000833333,0.0077,-0.0023
93,REU04,BH-BT-ER-FP,REU04_BH-BT-ER-FP,3,0,1,0,0,0,1,1,8.001111111,0.01,0
93,REU04,BH-BT-ER-FP,REU04_BH-BT-ER-FP,3,0,1,0,0,0,1,1,10.00166667,0.0079,-0.0021
93,REU04,BH-BT-ER-FP,REU04_BH-BT-ER-FP,3,0,1,0,0,0,1,1,12.00222222,0.0112,0.0012
93,REU04,BH-BT-ER-FP,REU04_BH-BT-ER-FP,3,0,1,0,0,0,1,1,14.00277778,0.0229,0.0129
93,REU04,BH-BT-ER-FP,REU04_BH-BT-ER-FP,3,0,1,0,0,0,1,1,16.00277778,0.0382,0.0282
93,REU04,BH-BT-ER-FP,REU04_BH-BT-ER-FP,3,0,1,0,0,0,1,1,18.00388889,0.0939,0.0839
93,REU04,BH-BT-ER-FP,REU04_BH-BT-ER-FP,3,0,1,0,0,0,1,1,20.00361111,0.2065,0.1965
93,REU04,BH-BT-ER-FP,REU04_BH-BT-ER-FP,3,0,1,0,0,0,1,1,22.00444444,0.3181,0.3081
93,REU04,BH-BT-ER-FP,REU04_BH-BT-ER-FP,3,0,1,0,0,0,1,1,24.00444444,0.4771,0.4671
94,REU04,BP-BT-ER-FP,REU04_BP-BT-ER-FP,3,0,1,0,0,0,1,1,0,0.01,0
94,REU04,BP-BT-ER-FP,REU04_BP-BT-ER-FP,3,0,1,0,0,0,1,1,2.000277778,0.015442209,0.005442209
94,REU04,BP-BT-ER-FP,REU04_BP-BT-ER-FP,3,0,1,0,0,0,1,1,4.000277778,0.010647882,0.000647882
94,REU04,BP-BT-ER-FP,REU04_BP-BT-ER-FP,3,0,1,0,0,0,1,1,6.000833333,0.010777458,0.000777458
94,REU04,BP-BT-ER-FP,REU04_BP-BT-ER-FP,3,0,1,0,0,0,1,1,8.001111111,0.014016869,0.004016869
94,REU04,BP-BT-ER-FP,REU04_BP-BT-ER-FP,3,0,1,0,0,0,1,1,10.00166667,0.011554917,0.001554917
94,REU04,BP-BT-ER-FP,REU04_BP-BT-ER-FP,3,0,1,0,0,0,1,1,12.00222222,0.014081657,0.004081657
94,REU04,BP-BT-ER-FP,REU04_BP-BT-ER-FP,3,0,1,0,0,0,1,1,14.00277778,0.032481508,0.022481508
94,REU04,BP-BT-ER-FP,REU04_BP-BT-ER-FP,3,0,1,0,0,0,1,1,16.00277778,0.07109528,0.06109528
94,REU04,BP-BT-ER-FP,REU04_BP-BT-ER-FP,3,0,1,0,0,0,1,1,18.00388889,0.16477903,0.15477903
94,REU04,BP-BT-ER-FP,REU04_BP-BT-ER-FP,3,0,1,0,0,0,1,1,20.00361111,0.292541376,0.282541376
94,REU04,BP-BT-ER-FP,REU04_BP-BT-ER-FP,3,0,1,0,0,0,1,1,22.00444444,0.360245054,0.350245054
94,REU04,BP-BT-ER-FP,REU04_BP-BT-ER-FP,3,0,1,0,0,0,1,1,24.00444444,0.433067,0.423067
95,REU04,BH-BP-BT-ER-FP,REU04_BH-BP-BT-ER-FP,3,0,1,0,0,0,1,1,0,0.01,0
95,REU04,BH-BP-BT-ER-FP,REU04_BH-BP-BT-ER-FP,3,0,1,0,0,0,1,1,2.000277778,0.011514718,0.001514718
95,REU04,BH-BP-BT-ER-FP,REU04_BH-BP-BT-ER-FP,3,0,1,0,0,0,1,1,4.000277778,0.007803658,-0.002196342
95,REU04,BH-BP-BT-ER-FP,REU04_BH-BP-BT-ER-FP,3,0,1,0,0,0,1,1,6.000833333,0.008106602,-0.001893398
95,REU04,BH-BP-BT-ER-FP,REU04_BH-BP-BT-ER-FP,3,0,1,0,0,0,1,1,8.001111111,0.010605887,0.000605887
95,REU04,BH-BP-BT-ER-FP,REU04_BH-BP-BT-ER-FP,3,0,1,0,0,0,1,1,10.00166667,0.011514718,0.001514718
95,REU04,BH-BP-BT-ER-FP,REU04_BH-BP-BT-ER-FP,3,0,1,0,0,0,1,1,12.00222222,0.019694198,0.009694198
95,REU04,BH-BP-BT-ER-FP,REU04_BH-BP-BT-ER-FP,3,0,1,0,0,0,1,1,14.00277778,0.0519577,0.0419577
95,REU04,BH-BP-BT-ER-FP,REU04_BH-BP-BT-ER-FP,3,0,1,0,0,0,1,1,16.00277778,0.132162041,0.122162041
95,REU04,BH-BP-BT-ER-FP,REU04_BH-BP-BT-ER-FP,3,0,1,0,0,0,1,1,18.00388889,0.257126311,0.247126311
95,REU04,BH-BP-BT-ER-FP,REU04_BH-BP-BT-ER-FP,3,0,1,0,0,0,1,1,20.00361111,0.359975693,0.349975693
95,REU04,BH-BP-BT-ER-FP,REU04_BH-BP-BT-ER-FP,3,0,1,0,0,0,1,1,22.00444444,0.417686465,0.407686465
95,REU04,BH-BP-BT-ER-FP,REU04_BH-BP-BT-ER-FP,3,0,1,0,0,0,1,1,24.00444444,0.464567,0.454567
