Var1,Well,Experiment,Condition,Treatments,Rep,Inulin,Starch,Pectin,ArGal,Gum,AmAc,pH,Time,OD
0,1,REU04,BH,REU04_BH,1,0,1,0,0,0,1,1,0,0.015266667
1,1,REU04,BH,REU04_BH,1,0,1,0,0,0,1,1,2.000277778,0.0136
2,1,REU04,BH,REU04_BH,1,0,1,0,0,0,1,1,4.000277778,0.011333333
3,1,REU04,BH,REU04_BH,1,0,1,0,0,0,1,1,6.000833333,0.011733333
4,1,REU04,BH,REU04_BH,1,0,1,0,0,0,1,1,8.001111111,0.011066667
5,1,REU04,BH,REU04_BH,1,0,1,0,0,0,1,1,10.00166667,0.006533333
6,1,REU04,BH,REU04_BH,1,0,1,0,0,0,1,1,12.00222222,0.006833333
7,1,REU04,BH,REU04_BH,1,0,1,0,0,0,1,1,14.00277778,0.006466667
8,1,REU04,BH,REU04_BH,1,0,1,0,0,0,1,1,16.00277778,0.0056
9,1,REU04,BH,REU04_BH,1,0,1,0,0,0,1,1,18.00388889,0.009433333
10,1,REU04,BH,REU04_BH,1,0,1,0,0,0,1,1,20.00361111,0.013533333
11,1,REU04,BH,REU04_BH,1,0,1,0,0,0,1,1,22.00444444,0.0114
12,1,REU04,BH,REU04_BH,1,0,1,0,0,0,1,1,24.00444444,0.014933333
13,2,REU04,BP,REU04_BP,1,0,1,0,0,0,1,1,0,0.004866667
14,2,REU04,BP,REU04_BP,1,0,1,0,0,0,1,1,2.000277778,0.00637648
15,2,REU04,BP,REU04_BP,1,0,1,0,0,0,1,1,4.000277778,0.005888413
16,2,REU04,BP,REU04_BP,1,0,1,0,0,0,1,1,6.000833333,0.00631262
17,2,REU04,BP,REU04_BP,1,0,1,0,0,0,1,1,8.001111111,0.005934027
18,2,REU04,BP,REU04_BP,1,0,1,0,0,0,1,1,10.00166667,0.005368417
19,2,REU04,BP,REU04_BP,1,0,1,0,0,0,1,1,12.00222222,0.005108419
20,2,REU04,BP,REU04_BP,1,0,1,0,0,0,1,1,14.00277778,0.005359294
21,2,REU04,BP,REU04_BP,1,0,1,0,0,0,1,1,16.00277778,0.004994385
22,2,REU04,BP,REU04_BP,1,0,1,0,0,0,1,1,18.00388889,0.005313681
23,2,REU04,BP,REU04_BP,1,0,1,0,0,0,1,1,20.00361111,0.006805248
24,2,REU04,BP,REU04_BP,1,0,1,0,0,0,1,1,22.00444444,0.006390164
25,2,REU04,BP,REU04_BP,1,0,1,0,0,0,1,1,24.00444444,0.007133667
26,3,REU04,BT,REU04_BT,1,0,1,0,0,0,1,1,0,0.009766667
27,3,REU04,BT,REU04_BT,1,0,1,0,0,0,1,1,2.000277778,0.011756105
28,3,REU04,BT,REU04_BT,1,0,1,0,0,0,1,1,4.000277778,0.011240033
29,3,REU04,BT,REU04_BT,1,0,1,0,0,0,1,1,6.000833333,0.011890047
30,3,REU04,BT,REU04_BT,1,0,1,0,0,0,1,1,8.001111111,0.011645799
31,3,REU04,BT,REU04_BT,1,0,1,0,0,0,1,1,10.00166667,0.010779113
32,3,REU04,BT,REU04_BT,1,0,1,0,0,0,1,1,12.00222222,0.010554563
33,3,REU04,BT,REU04_BT,1,0,1,0,0,0,1,1,14.00277778,0.010794871
34,3,REU04,BT,REU04_BT,1,0,1,0,0,0,1,1,16.00277778,0.010018793
35,3,REU04,BT,REU04_BT,1,0,1,0,0,0,1,1,18.00388889,0.010495471
36,3,REU04,BT,REU04_BT,1,0,1,0,0,0,1,1,20.00361111,0.010991845
37,3,REU04,BT,REU04_BT,1,0,1,0,0,0,1,1,22.00444444,0.010739719
38,3,REU04,BT,REU04_BT,1,0,1,0,0,0,1,1,24.00444444,0.011133667
39,4,REU04,ER,REU04_ER,1,0,1,0,0,0,1,1,0,0.012466667
40,4,REU04,ER,REU04_ER,1,0,1,0,0,0,1,1,2.000277778,0.0275
41,4,REU04,ER,REU04_ER,1,0,1,0,0,0,1,1,4.000277778,0.017433333
42,4,REU04,ER,REU04_ER,1,0,1,0,0,0,1,1,6.000833333,0.019433333
43,4,REU04,ER,REU04_ER,1,0,1,0,0,0,1,1,8.001111111,0.025466667
44,4,REU04,ER,REU04_ER,1,0,1,0,0,0,1,1,10.00166667,0.012733333
45,4,REU04,ER,REU04_ER,1,0,1,0,0,0,1,1,12.00222222,0.007733333
46,4,REU04,ER,REU04_ER,1,0,1,0,0,0,1,1,14.00277778,0.006366667
47,4,REU04,ER,REU04_ER,1,0,1,0,0,0,1,1,16.00277778,0.0037
48,4,REU04,ER,REU04_ER,1,0,1,0,0,0,1,1,18.00388889,0.010733333
49,4,REU04,ER,REU04_ER,1,0,1,0,0,0,1,1,20.00361111,0.011333333
50,4,REU04,ER,REU04_ER,1,0,1,0,0,0,1,1,22.00444444,0.0135
51,4,REU04,ER,REU04_ER,1,0,1,0,0,0,1,1,24.00444444,0.019633333
52,5,REU04,FP,REU04_FP,1,0,1,0,0,0,1,1,0,0.010666667
53,5,REU04,FP,REU04_FP,1,0,1,0,0,0,1,1,2.000277778,0.011677638
54,5,REU04,FP,REU04_FP,1,0,1,0,0,0,1,1,4.000277778,0.011208763
55,5,REU04,FP,REU04_FP,1,0,1,0,0,0,1,1,6.000833333,0.011397597
56,5,REU04,FP,REU04_FP,1,0,1,0,0,0,1,1,8.001111111,0.012319932
57,5,REU04,FP,REU04_FP,1,0,1,0,0,0,1,1,10.00166667,0.011170225
58,5,REU04,FP,REU04_FP,1,0,1,0,0,0,1,1,12.00222222,0.011097004
59,5,REU04,FP,REU04_FP,1,0,1,0,0,0,1,1,14.00277778,0.011052043
60,5,REU04,FP,REU04_FP,1,0,1,0,0,0,1,1,16.00277778,0.010876055
61,5,REU04,FP,REU04_FP,1,0,1,0,0,0,1,1,18.00388889,0.011574871
62,5,REU04,FP,REU04_FP,1,0,1,0,0,0,1,1,20.00361111,0.011682776
63,5,REU04,FP,REU04_FP,1,0,1,0,0,0,1,1,22.00444444,0.011758567
64,5,REU04,FP,REU04_FP,1,0,1,0,0,0,1,1,24.00444444,0.012133667
65,6,REU04,BH-BP,REU04_BH-BP,1,0,1,0,0,0,1,1,0,0.008566667
66,6,REU04,BH-BP,REU04_BH-BP,1,0,1,0,0,0,1,1,2.000277778,0.010031588
67,6,REU04,BH-BP,REU04_BH-BP,1,0,1,0,0,0,1,1,4.000277778,0.009039099
68,6,REU04,BH-BP,REU04_BH-BP,1,0,1,0,0,0,1,1,6.000833333,0.00928484
69,6,REU04,BH-BP,REU04_BH-BP,1,0,1,0,0,0,1,1,8.001111111,0.01174987
70,6,REU04,BH-BP,REU04_BH-BP,1,0,1,0,0,0,1,1,10.00166667,0.009021954
71,6,REU04,BH-BP,REU04_BH-BP,1,0,1,0,0,0,1,1,12.00222222,0.008953375
72,6,REU04,BH-BP,REU04_BH-BP,1,0,1,0,0,0,1,1,14.00277778,0.008898131
73,6,REU04,BH-BP,REU04_BH-BP,1,0,1,0,0,0,1,1,16.00277778,0.00866001
74,6,REU04,BH-BP,REU04_BH-BP,1,0,1,0,0,0,1,1,18.00388889,0.010387817
75,6,REU04,BH-BP,REU04_BH-BP,1,0,1,0,0,0,1,1,20.00361111,0.010616413
76,6,REU04,BH-BP,REU04_BH-BP,1,0,1,0,0,0,1,1,22.00444444,0.01082596
77,6,REU04,BH-BP,REU04_BH-BP,1,0,1,0,0,0,1,1,24.00444444,0.011633667
78,7,REU04,BH-BT,REU04_BH-BT,1,0,1,0,0,0,1,1,0,0.011766667
79,7,REU04,BH-BT,REU04_BH-BT,1,0,1,0,0,0,1,1,2.000277778,0.018067142
80,7,REU04,BH-BT,REU04_BH-BT,1,0,1,0,0,0,1,1,4.000277778,0.015408175
81,7,REU04,BH-BT,REU04_BH-BT,1,0,1,0,0,0,1,1,6.000833333,0.016324103
82,7,REU04,BH-BT,REU04_BH-BT,1,0,1,0,0,0,1,1,8.001111111,0.023806959
83,7,REU04,BH-BT,REU04_BH-BT,1,0,1,0,0,0,1,1,10.00166667,0.01564132
84,7,REU04,BH-BT,REU04_BH-BT,1,0,1,0,0,0,1,1,12.00222222,0.015274949
85,7,REU04,BH-BT,REU04_BH-BT,1,0,1,0,0,0,1,1,14.00277778,0.015030702
86,7,REU04,BH-BT,REU04_BH-BT,1,0,1,0,0,0,1,1,16.00277778,0.013770606
87,7,REU04,BH-BT,REU04_BH-BT,1,0,1,0,0,0,1,1,18.00388889,0.020520719
88,7,REU04,BH-BT,REU04_BH-BT,1,0,1,0,0,0,1,1,20.00361111,0.021336728
89,7,REU04,BH-BT,REU04_BH-BT,1,0,1,0,0,0,1,1,22.00444444,0.022163839
90,7,REU04,BH-BT,REU04_BH-BT,1,0,1,0,0,0,1,1,24.00444444,0.025133667
91,8,REU04,BH-ER,REU04_BH-ER,1,0,1,0,0,0,1,1,0,0.019266667
92,8,REU04,BH-ER,REU04_BH-ER,1,0,1,0,0,0,1,1,2.000277778,0.017033361
93,8,REU04,BH-ER,REU04_BH-ER,1,0,1,0,0,0,1,1,4.000277778,0.019323151
94,8,REU04,BH-ER,REU04_BH-ER,1,0,1,0,0,0,1,1,6.000833333,0.018606234
95,8,REU04,BH-ER,REU04_BH-ER,1,0,1,0,0,0,1,1,8.001111111,0.011458788
96,8,REU04,BH-ER,REU04_BH-ER,1,0,1,0,0,0,1,1,10.00166667,0.020053103
97,8,REU04,BH-ER,REU04_BH-ER,1,0,1,0,0,0,1,1,12.00222222,0.020405044
98,8,REU04,BH-ER,REU04_BH-ER,1,0,1,0,0,0,1,1,14.00277778,0.020700501
99,8,REU04,BH-ER,REU04_BH-ER,1,0,1,0,0,0,1,1,16.00277778,0.021569491
100,8,REU04,BH-ER,REU04_BH-ER,1,0,1,0,0,0,1,1,18.00388889,0.014643638
101,8,REU04,BH-ER,REU04_BH-ER,1,0,1,0,0,0,1,1,20.00361111,0.014565429
102,8,REU04,BH-ER,REU04_BH-ER,1,0,1,0,0,0,1,1,22.00444444,0.013005591
103,8,REU04,BH-ER,REU04_BH-ER,1,0,1,0,0,0,1,1,24.00444444,0.012036667
104,9,REU04,BH,REU04_BH,2,0,1,0,0,0,1,1,0,0.004866667
105,9,REU04,BH,REU04_BH,2,0,1,0,0,0,1,1,2.000277778,0.012494626
106,9,REU04,BH,REU04_BH,2,0,1,0,0,0,1,1,4.000277778,0.009828799
107,9,REU04,BH,REU04_BH,2,0,1,0,0,0,1,1,6.000833333,0.009512067
108,9,REU04,BH,REU04_BH,2,0,1,0,0,0,1,1,8.001111111,0.013260061
109,9,REU04,BH,REU04_BH,2,0,1,0,0,0,1,1,10.00166667,0.004761089
110,9,REU04,BH,REU04_BH,2,0,1,0,0,0,1,1,12.00222222,0.006028017
111,9,REU04,BH,REU04_BH,2,0,1,0,0,0,1,1,14.00277778,0.004074837
112,9,REU04,BH,REU04_BH,2,0,1,0,0,0,1,1,16.00277778,0.002517572
113,9,REU04,BH,REU04_BH,2,0,1,0,0,0,1,1,18.00388889,0.005790468
114,9,REU04,BH,REU04_BH,2,0,1,0,0,0,1,1,20.00361111,0.011254093
115,9,REU04,BH,REU04_BH,2,0,1,0,0,0,1,1,22.00444444,0.007743648
116,9,REU04,BH,REU04_BH,2,0,1,0,0,0,1,1,24.00444444,0.013233667
117,10,REU04,BP,REU04_BP,2,0,1,0,0,0,1,1,0,0.004366667
118,10,REU04,BP,REU04_BP,2,0,1,0,0,0,1,1,2.000277778,0.0131
119,10,REU04,BP,REU04_BP,2,0,1,0,0,0,1,1,4.000277778,0.008233333
120,10,REU04,BP,REU04_BP,2,0,1,0,0,0,1,1,6.000833333,0.010033333
121,10,REU04,BP,REU04_BP,2,0,1,0,0,0,1,1,8.001111111,0.009566667
122,10,REU04,BP,REU04_BP,2,0,1,0,0,0,1,1,10.00166667,0.005633333
123,10,REU04,BP,REU04_BP,2,0,1,0,0,0,1,1,12.00222222,0.005733333
124,10,REU04,BP,REU04_BP,2,0,1,0,0,0,1,1,14.00277778,0.006166667
125,10,REU04,BP,REU04_BP,2,0,1,0,0,0,1,1,16.00277778,0.0045
126,10,REU04,BP,REU04_BP,2,0,1,0,0,0,1,1,18.00388889,0.007933333
127,10,REU04,BP,REU04_BP,2,0,1,0,0,0,1,1,20.00361111,0.007333333
128,10,REU04,BP,REU04_BP,2,0,1,0,0,0,1,1,22.00444444,0.009
129,10,REU04,BP,REU04_BP,2,0,1,0,0,0,1,1,24.00444444,0.008633333
130,11,REU04,BT,REU04_BT,2,0,1,0,0,0,1,1,0,0.003566667
131,11,REU04,BT,REU04_BT,2,0,1,0,0,0,1,1,2.000277778,0.008840035
132,11,REU04,BT,REU04_BT,2,0,1,0,0,0,1,1,4.000277778,0.007809514
133,11,REU04,BT,REU04_BT,2,0,1,0,0,0,1,1,6.000833333,0.008582404
134,11,REU04,BT,REU04_BT,2,0,1,0,0,0,1,1,8.001111111,0.008083246
135,11,REU04,BT,REU04_BT,2,0,1,0,0,0,1,1,10.00166667,0.006553567
136,11,REU04,BT,REU04_BT,2,0,1,0,0,0,1,1,12.00222222,0.006505261
137,11,REU04,BT,REU04_BT,2,0,1,0,0,0,1,1,14.00277778,0.006827299
138,11,REU04,BT,REU04_BT,2,0,1,0,0,0,1,1,16.00277778,0.005990001
139,11,REU04,BT,REU04_BT,2,0,1,0,0,0,1,1,18.00388889,0.006336191
140,11,REU04,BT,REU04_BT,2,0,1,0,0,0,1,1,20.00361111,0.00701247
141,11,REU04,BT,REU04_BT,2,0,1,0,0,0,1,1,22.00444444,0.007415018
142,11,REU04,BT,REU04_BT,2,0,1,0,0,0,1,1,24.00444444,0.007833667
143,12,REU04,ER,REU04_ER,2,0,1,0,0,0,1,1,0,-0.000133333
144,12,REU04,ER,REU04_ER,2,0,1,0,0,0,1,1,2.000277778,0.0204
145,12,REU04,ER,REU04_ER,2,0,1,0,0,0,1,1,4.000277778,0.009233333
146,12,REU04,ER,REU04_ER,2,0,1,0,0,0,1,1,6.000833333,0.008833333
147,12,REU04,ER,REU04_ER,2,0,1,0,0,0,1,1,8.001111111,0.017066667
148,12,REU04,ER,REU04_ER,2,0,1,0,0,0,1,1,10.00166667,0.005633333
149,12,REU04,ER,REU04_ER,2,0,1,0,0,0,1,1,12.00222222,0.000133333
150,12,REU04,ER,REU04_ER,2,0,1,0,0,0,1,1,14.00277778,-0.000533333
151,12,REU04,ER,REU04_ER,2,0,1,0,0,0,1,1,16.00277778,-0.0015
152,12,REU04,ER,REU04_ER,2,0,1,0,0,0,1,1,18.00388889,0.002633333
153,12,REU04,ER,REU04_ER,2,0,1,0,0,0,1,1,20.00361111,0.002933333
154,12,REU04,ER,REU04_ER,2,0,1,0,0,0,1,1,22.00444444,0.0072
155,12,REU04,ER,REU04_ER,2,0,1,0,0,0,1,1,24.00444444,0.009533333
156,13,REU04,FP,REU04_FP,2,0,1,0,0,0,1,1,0,0.002366667
157,13,REU04,FP,REU04_FP,2,0,1,0,0,0,1,1,2.000277778,0.003719789
158,13,REU04,FP,REU04_FP,2,0,1,0,0,0,1,1,4.000277778,0.003231076
159,13,REU04,FP,REU04_FP,2,0,1,0,0,0,1,1,6.000833333,0.003331873
160,13,REU04,FP,REU04_FP,2,0,1,0,0,0,1,1,8.001111111,0.004364278
161,13,REU04,FP,REU04_FP,2,0,1,0,0,0,1,1,10.00166667,0.003263148
162,13,REU04,FP,REU04_FP,2,0,1,0,0,0,1,1,12.00222222,0.003116534
163,13,REU04,FP,REU04_FP,2,0,1,0,0,0,1,1,14.00277778,0.003067663
164,13,REU04,FP,REU04_FP,2,0,1,0,0,0,1,1,16.00277778,0.00295923
165,13,REU04,FP,REU04_FP,2,0,1,0,0,0,1,1,18.00388889,0.003473905
166,13,REU04,FP,REU04_FP,2,0,1,0,0,0,1,1,20.00361111,0.003538049
167,13,REU04,FP,REU04_FP,2,0,1,0,0,0,1,1,22.00444444,0.003770187
168,13,REU04,FP,REU04_FP,2,0,1,0,0,0,1,1,24.00444444,0.004133667
169,14,REU04,BH-BP,REU04_BH-BP,2,0,1,0,0,0,1,1,0,0.003166667
170,14,REU04,BH-BP,REU04_BH-BP,2,0,1,0,0,0,1,1,2.000277778,0.005592488
171,14,REU04,BH-BP,REU04_BH-BP,2,0,1,0,0,0,1,1,4.000277778,0.004320951
172,14,REU04,BH-BP,REU04_BH-BP,2,0,1,0,0,0,1,1,6.000833333,0.004391303
173,14,REU04,BH-BP,REU04_BH-BP,2,0,1,0,0,0,1,1,8.001111111,0.007825495
174,14,REU04,BH-BP,REU04_BH-BP,2,0,1,0,0,0,1,1,10.00166667,0.004133347
175,14,REU04,BH-BP,REU04_BH-BP,2,0,1,0,0,0,1,1,12.00222222,0.004055179
176,14,REU04,BH-BP,REU04_BH-BP,2,0,1,0,0,0,1,1,14.00277778,0.003932716
177,14,REU04,BH-BP,REU04_BH-BP,2,0,1,0,0,0,1,1,16.00277778,0.003646099
178,14,REU04,BH-BP,REU04_BH-BP,2,0,1,0,0,0,1,1,18.00388889,0.005696713
179,14,REU04,BH-BP,REU04_BH-BP,2,0,1,0,0,0,1,1,20.00361111,0.006001569
180,14,REU04,BH-BP,REU04_BH-BP,2,0,1,0,0,0,1,1,22.00444444,0.00664776
181,14,REU04,BH-BP,REU04_BH-BP,2,0,1,0,0,0,1,1,24.00444444,0.007533667
182,15,REU04,BH-BT,REU04_BH-BT,2,0,1,0,0,0,1,1,0,0.009066667
183,15,REU04,BH-BT,REU04_BH-BT,2,0,1,0,0,0,1,1,2.000277778,0.016187963
184,15,REU04,BH-BT,REU04_BH-BT,2,0,1,0,0,0,1,1,4.000277778,0.012984079
185,15,REU04,BH-BT,REU04_BH-BT,2,0,1,0,0,0,1,1,6.000833333,0.01346676
186,15,REU04,BH-BT,REU04_BH-BT,2,0,1,0,0,0,1,1,8.001111111,0.023673019
187,15,REU04,BH-BT,REU04_BH-BT,2,0,1,0,0,0,1,1,10.00166667,0.012564356
188,15,REU04,BH-BT,REU04_BH-BT,2,0,1,0,0,0,1,1,12.00222222,0.012501398
189,15,REU04,BH-BT,REU04_BH-BT,2,0,1,0,0,0,1,1,14.00277778,0.01225656
190,15,REU04,BH-BT,REU04_BH-BT,2,0,1,0,0,0,1,1,16.00277778,0.011067345
191,15,REU04,BH-BT,REU04_BH-BT,2,0,1,0,0,0,1,1,18.00388889,0.019762602
192,15,REU04,BH-BT,REU04_BH-BT,2,0,1,0,0,0,1,1,20.00361111,0.02074895
193,15,REU04,BH-BT,REU04_BH-BT,2,0,1,0,0,0,1,1,22.00444444,0.023805931
194,15,REU04,BH-BT,REU04_BH-BT,2,0,1,0,0,0,1,1,24.00444444,0.027233667
195,16,REU04,BH-ER,REU04_BH-ER,2,0,1,0,0,0,1,1,0,0.014866667
196,16,REU04,BH-ER,REU04_BH-ER,2,0,1,0,0,0,1,1,2.000277778,0.013447821
197,16,REU04,BH-ER,REU04_BH-ER,2,0,1,0,0,0,1,1,4.000277778,0.016088782
198,16,REU04,BH-ER,REU04_BH-ER,2,0,1,0,0,0,1,1,6.000833333,0.01573109
199,16,REU04,BH-ER,REU04_BH-ER,2,0,1,0,0,0,1,1,8.001111111,0.006747051
200,16,REU04,BH-ER,REU04_BH-ER,2,0,1,0,0,0,1,1,10.00166667,0.017072436
201,16,REU04,BH-ER,REU04_BH-ER,2,0,1,0,0,0,1,1,12.00222222,0.017287051
202,16,REU04,BH-ER,REU04_BH-ER,2,0,1,0,0,0,1,1,14.00277778,0.017603013
203,16,REU04,BH-ER,REU04_BH-ER,2,0,1,0,0,0,1,1,16.00277778,0.018223013
204,16,REU04,BH-ER,REU04_BH-ER,2,0,1,0,0,0,1,1,18.00388889,0.011492436
205,16,REU04,BH-ER,REU04_BH-ER,2,0,1,0,0,0,1,1,20.00361111,0.011098974
206,16,REU04,BH-ER,REU04_BH-ER,2,0,1,0,0,0,1,1,22.00444444,0.009262821
207,16,REU04,BH-ER,REU04_BH-ER,2,0,1,0,0,0,1,1,24.00444444,0.007736667
208,17,REU04,BH,REU04_BH,3,0,1,0,0,0,1,1,0,0.011066667
209,17,REU04,BH,REU04_BH,3,0,1,0,0,0,1,1,2.000277778,0.0079
210,17,REU04,BH,REU04_BH,3,0,1,0,0,0,1,1,4.000277778,0.004333333
211,17,REU04,BH,REU04_BH,3,0,1,0,0,0,1,1,6.000833333,0.005133333
212,17,REU04,BH,REU04_BH,3,0,1,0,0,0,1,1,8.001111111,0.010066667
213,17,REU04,BH,REU04_BH,3,0,1,0,0,0,1,1,10.00166667,0.001533333
214,17,REU04,BH,REU04_BH,3,0,1,0,0,0,1,1,12.00222222,0.003533333
215,17,REU04,BH,REU04_BH,3,0,1,0,0,0,1,1,14.00277778,0.003466667
216,17,REU04,BH,REU04_BH,3,0,1,0,0,0,1,1,16.00277778,0.0032
217,17,REU04,BH,REU04_BH,3,0,1,0,0,0,1,1,18.00388889,0.004733333
218,17,REU04,BH,REU04_BH,3,0,1,0,0,0,1,1,20.00361111,0.005633333
219,17,REU04,BH,REU04_BH,3,0,1,0,0,0,1,1,22.00444444,0.008
220,17,REU04,BH,REU04_BH,3,0,1,0,0,0,1,1,24.00444444,0.010433333
221,18,REU04,BP,REU04_BP,3,0,1,0,0,0,1,1,0,0.005966667
222,18,REU04,BP,REU04_BP,3,0,1,0,0,0,1,1,2.000277778,0.0122
223,18,REU04,BP,REU04_BP,3,0,1,0,0,0,1,1,4.000277778,0.009333333
224,18,REU04,BP,REU04_BP,3,0,1,0,0,0,1,1,6.000833333,0.010033333
225,18,REU04,BP,REU04_BP,3,0,1,0,0,0,1,1,8.001111111,0.011866667
226,18,REU04,BP,REU04_BP,3,0,1,0,0,0,1,1,10.00166667,0.008733333
227,18,REU04,BP,REU04_BP,3,0,1,0,0,0,1,1,12.00222222,0.009533333
228,18,REU04,BP,REU04_BP,3,0,1,0,0,0,1,1,14.00277778,0.010766667
229,18,REU04,BP,REU04_BP,3,0,1,0,0,0,1,1,16.00277778,0.0104
230,18,REU04,BP,REU04_BP,3,0,1,0,0,0,1,1,18.00388889,0.010133333
231,18,REU04,BP,REU04_BP,3,0,1,0,0,0,1,1,20.00361111,0.011833333
232,18,REU04,BP,REU04_BP,3,0,1,0,0,0,1,1,22.00444444,0.0129
233,18,REU04,BP,REU04_BP,3,0,1,0,0,0,1,1,24.00444444,0.014433333
234,19,REU04,BT,REU04_BT,3,0,1,0,0,0,1,1,0,0.000366667
235,19,REU04,BT,REU04_BT,3,0,1,0,0,0,1,1,2.000277778,0.002456175
236,19,REU04,BT,REU04_BT,3,0,1,0,0,0,1,1,4.000277778,0.001963301
237,19,REU04,BT,REU04_BT,3,0,1,0,0,0,1,1,6.000833333,0.002358989
238,19,REU04,BT,REU04_BT,3,0,1,0,0,0,1,1,8.001111111,0.002636664
239,19,REU04,BT,REU04_BT,3,0,1,0,0,0,1,1,10.00166667,0.001942475
240,19,REU04,BT,REU04_BT,3,0,1,0,0,0,1,1,12.00222222,0.001900824
241,19,REU04,BT,REU04_BT,3,0,1,0,0,0,1,1,14.00277778,0.002345105
242,19,REU04,BT,REU04_BT,3,0,1,0,0,0,1,1,16.00277778,0.002122964
243,19,REU04,BT,REU04_BT,3,0,1,0,0,0,1,1,18.00388889,0.002025778
244,19,REU04,BT,REU04_BT,3,0,1,0,0,0,1,1,20.00361111,0.002650548
245,19,REU04,BT,REU04_BT,3,0,1,0,0,0,1,1,22.00444444,0.003039294
246,19,REU04,BT,REU04_BT,3,0,1,0,0,0,1,1,24.00444444,0.003233667
247,20,REU04,ER,REU04_ER,3,0,1,0,0,0,1,1,0,0.001066667
248,20,REU04,ER,REU04_ER,3,0,1,0,0,0,1,1,2.000277778,0.0164
249,20,REU04,ER,REU04_ER,3,0,1,0,0,0,1,1,4.000277778,0.004733333
250,20,REU04,ER,REU04_ER,3,0,1,0,0,0,1,1,6.000833333,0.003433333
251,20,REU04,ER,REU04_ER,3,0,1,0,0,0,1,1,8.001111111,0.007666667
252,20,REU04,ER,REU04_ER,3,0,1,0,0,0,1,1,10.00166667,0.001633333
253,20,REU04,ER,REU04_ER,3,0,1,0,0,0,1,1,12.00222222,-0.002466667
254,20,REU04,ER,REU04_ER,3,0,1,0,0,0,1,1,14.00277778,-0.002433333
255,20,REU04,ER,REU04_ER,3,0,1,0,0,0,1,1,16.00277778,-0.0042
256,20,REU04,ER,REU04_ER,3,0,1,0,0,0,1,1,18.00388889,-0.002666667
257,20,REU04,ER,REU04_ER,3,0,1,0,0,0,1,1,20.00361111,-0.002766667
258,20,REU04,ER,REU04_ER,3,0,1,0,0,0,1,1,22.00444444,0.0004
259,20,REU04,ER,REU04_ER,3,0,1,0,0,0,1,1,24.00444444,0.000333333
260,21,REU04,FP,REU04_FP,3,0,1,0,0,0,1,1,0,0.002266667
261,21,REU04,FP,REU04_FP,3,0,1,0,0,0,1,1,2.000277778,0.004869766
262,21,REU04,FP,REU04_FP,3,0,1,0,0,0,1,1,4.000277778,0.004086404
263,21,REU04,FP,REU04_FP,3,0,1,0,0,0,1,1,6.000833333,0.00405721
264,21,REU04,FP,REU04_FP,3,0,1,0,0,0,1,1,8.001111111,0.005667726
265,21,REU04,FP,REU04_FP,3,0,1,0,0,0,1,1,10.00166667,0.004188581
266,21,REU04,FP,REU04_FP,3,0,1,0,0,0,1,1,12.00222222,0.004290759
267,21,REU04,FP,REU04_FP,3,0,1,0,0,0,1,1,14.00277778,0.004266431
268,21,REU04,FP,REU04_FP,3,0,1,0,0,0,1,1,16.00277778,0.004227506
269,21,REU04,FP,REU04_FP,3,0,1,0,0,0,1,1,18.00388889,0.004743261
270,21,REU04,FP,REU04_FP,3,0,1,0,0,0,1,1,20.00361111,0.004801648
271,21,REU04,FP,REU04_FP,3,0,1,0,0,0,1,1,22.00444444,0.005424446
272,21,REU04,FP,REU04_FP,3,0,1,0,0,0,1,1,24.00444444,0.005633667
273,22,REU04,BH-BP,REU04_BH-BP,3,0,1,0,0,0,1,1,0,0.002266667
274,22,REU04,BH-BP,REU04_BH-BP,3,0,1,0,0,0,1,1,2.000277778,0.005301873
275,22,REU04,BH-BP,REU04_BH-BP,3,0,1,0,0,0,1,1,4.000277778,0.003688653
276,22,REU04,BH-BP,REU04_BH-BP,3,0,1,0,0,0,1,1,6.000833333,0.003703364
277,22,REU04,BH-BP,REU04_BH-BP,3,0,1,0,0,0,1,1,8.001111111,0.007724154
278,22,REU04,BH-BP,REU04_BH-BP,3,0,1,0,0,0,1,1,10.00166667,0.00340916
279,22,REU04,BH-BP,REU04_BH-BP,3,0,1,0,0,0,1,1,12.00222222,0.003541551
280,22,REU04,BH-BP,REU04_BH-BP,3,0,1,0,0,0,1,1,14.00277778,0.003472904
281,22,REU04,BH-BP,REU04_BH-BP,3,0,1,0,0,0,1,1,16.00277778,0.003345415
282,22,REU04,BH-BP,REU04_BH-BP,3,0,1,0,0,0,1,1,18.00388889,0.004762499
283,22,REU04,BH-BP,REU04_BH-BP,3,0,1,0,0,0,1,1,20.00361111,0.005071413
284,22,REU04,BH-BP,REU04_BH-BP,3,0,1,0,0,0,1,1,22.00444444,0.005963832
285,22,REU04,BH-BP,REU04_BH-BP,3,0,1,0,0,0,1,1,24.00444444,0.006733667
286,23,REU04,BH-BT,REU04_BH-BT,3,0,1,0,0,0,1,1,0,0.006966667
287,23,REU04,BH-BT,REU04_BH-BT,3,0,1,0,0,0,1,1,2.000277778,0.01215289
288,23,REU04,BH-BT,REU04_BH-BT,3,0,1,0,0,0,1,1,4.000277778,0.009721649
289,23,REU04,BH-BT,REU04_BH-BT,3,0,1,0,0,0,1,1,6.000833333,0.009588344
290,23,REU04,BH-BT,REU04_BH-BT,3,0,1,0,0,0,1,1,8.001111111,0.018887998
291,23,REU04,BH-BT,REU04_BH-BT,3,0,1,0,0,0,1,1,10.00166667,0.008902772
292,23,REU04,BH-BT,REU04_BH-BT,3,0,1,0,0,0,1,1,12.00222222,0.009302689
293,23,REU04,BH-BT,REU04_BH-BT,3,0,1,0,0,0,1,1,14.00277778,0.009156688
294,23,REU04,BH-BT,REU04_BH-BT,3,0,1,0,0,0,1,1,16.00277778,0.008496507
295,23,REU04,BH-BT,REU04_BH-BT,3,0,1,0,0,0,1,1,18.00388889,0.014101691
296,23,REU04,BH-BT,REU04_BH-BT,3,0,1,0,0,0,1,1,20.00361111,0.015434747
297,23,REU04,BH-BT,REU04_BH-BT,3,0,1,0,0,0,1,1,22.00444444,0.017942163
298,23,REU04,BH-BT,REU04_BH-BT,3,0,1,0,0,0,1,1,24.00444444,0.020633667
299,24,REU04,BH-ER,REU04_BH-ER,3,0,1,0,0,0,1,1,0,0.006066667
300,24,REU04,BH-ER,REU04_BH-ER,3,0,1,0,0,0,1,1,2.000277778,0.003103292
301,24,REU04,BH-ER,REU04_BH-ER,3,0,1,0,0,0,1,1,4.000277778,0.006911691
302,24,REU04,BH-ER,REU04_BH-ER,3,0,1,0,0,0,1,1,6.000833333,0.007502051
303,24,REU04,BH-ER,REU04_BH-ER,3,0,1,0,0,0,1,1,8.001111111,-0.005740529
304,24,REU04,BH-ER,REU04_BH-ER,3,0,1,0,0,0,1,1,10.00166667,0.00916895
305,24,REU04,BH-ER,REU04_BH-ER,3,0,1,0,0,0,1,1,12.00222222,0.008786952
306,24,REU04,BH-ER,REU04_BH-ER,3,0,1,0,0,0,1,1,14.00277778,0.009018466
307,24,REU04,BH-ER,REU04_BH-ER,3,0,1,0,0,0,1,1,16.00277778,0.009840339
308,24,REU04,BH-ER,REU04_BH-ER,3,0,1,0,0,0,1,1,18.00388889,0.002709719
309,24,REU04,BH-ER,REU04_BH-ER,3,0,1,0,0,0,1,1,20.00361111,0.001806816
310,24,REU04,BH-ER,REU04_BH-ER,3,0,1,0,0,0,1,1,22.00444444,-0.000681956
311,24,REU04,BH-ER,REU04_BH-ER,3,0,1,0,0,0,1,1,24.00444444,-0.003263333
312,25,REU04,BH-FP,REU04_BH-FP,1,0,1,0,0,0,1,1,0,0.007266667
313,25,REU04,BH-FP,REU04_BH-FP,1,0,1,0,0,0,1,1,2.000277778,0.0035
314,25,REU04,BH-FP,REU04_BH-FP,1,0,1,0,0,0,1,1,4.000277778,0.000833333
315,25,REU04,BH-FP,REU04_BH-FP,1,0,1,0,0,0,1,1,6.000833333,0.001033333
316,25,REU04,BH-FP,REU04_BH-FP,1,0,1,0,0,0,1,1,8.001111111,0.002566667
317,25,REU04,BH-FP,REU04_BH-FP,1,0,1,0,0,0,1,1,10.00166667,-0.002266667
318,25,REU04,BH-FP,REU04_BH-FP,1,0,1,0,0,0,1,1,12.00222222,-0.000866667
319,25,REU04,BH-FP,REU04_BH-FP,1,0,1,0,0,0,1,1,14.00277778,-0.000433333
320,25,REU04,BH-FP,REU04_BH-FP,1,0,1,0,0,0,1,1,16.00277778,0.0001
321,25,REU04,BH-FP,REU04_BH-FP,1,0,1,0,0,0,1,1,18.00388889,0.002833333
322,25,REU04,BH-FP,REU04_BH-FP,1,0,1,0,0,0,1,1,20.00361111,0.003733333
323,25,REU04,BH-FP,REU04_BH-FP,1,0,1,0,0,0,1,1,22.00444444,0.0063
324,25,REU04,BH-FP,REU04_BH-FP,1,0,1,0,0,0,1,1,24.00444444,0.007333333
325,26,REU04,BP-BT,REU04_BP-BT,1,0,1,0,0,0,1,1,0,-0.000633333
326,26,REU04,BP-BT,REU04_BP-BT,1,0,1,0,0,0,1,1,2.000277778,0.0022
327,26,REU04,BP-BT,REU04_BP-BT,1,0,1,0,0,0,1,1,4.000277778,-0.001366667
328,26,REU04,BP-BT,REU04_BP-BT,1,0,1,0,0,0,1,1,6.000833333,-6.67E-05
329,26,REU04,BP-BT,REU04_BP-BT,1,0,1,0,0,0,1,1,8.001111111,0.001766667
330,26,REU04,BP-BT,REU04_BP-BT,1,0,1,0,0,0,1,1,10.00166667,-0.002966667
331,26,REU04,BP-BT,REU04_BP-BT,1,0,1,0,0,0,1,1,12.00222222,-0.001766667
332,26,REU04,BP-BT,REU04_BP-BT,1,0,1,0,0,0,1,1,14.00277778,-0.001033333
333,26,REU04,BP-BT,REU04_BP-BT,1,0,1,0,0,0,1,1,16.00277778,-0.0006
334,26,REU04,BP-BT,REU04_BP-BT,1,0,1,0,0,0,1,1,18.00388889,0.000733333
335,26,REU04,BP-BT,REU04_BP-BT,1,0,1,0,0,0,1,1,20.00361111,0.001233333
336,26,REU04,BP-BT,REU04_BP-BT,1,0,1,0,0,0,1,1,22.00444444,0.0028
337,26,REU04,BP-BT,REU04_BP-BT,1,0,1,0,0,0,1,1,24.00444444,0.004433333
338,27,REU04,BP-ER,REU04_BP-ER,1,0,1,0,0,0,1,1,0,-0.004333333
339,27,REU04,BP-ER,REU04_BP-ER,1,0,1,0,0,0,1,1,2.000277778,-0.0011
340,27,REU04,BP-ER,REU04_BP-ER,1,0,1,0,0,0,1,1,4.000277778,-0.004866667
341,27,REU04,BP-ER,REU04_BP-ER,1,0,1,0,0,0,1,1,6.000833333,-0.005066667
342,27,REU04,BP-ER,REU04_BP-ER,1,0,1,0,0,0,1,1,8.001111111,-0.004633333
343,27,REU04,BP-ER,REU04_BP-ER,1,0,1,0,0,0,1,1,10.00166667,-0.008966667
344,27,REU04,BP-ER,REU04_BP-ER,1,0,1,0,0,0,1,1,12.00222222,-0.009566667
345,27,REU04,BP-ER,REU04_BP-ER,1,0,1,0,0,0,1,1,14.00277778,-0.008233333
346,27,REU04,BP-ER,REU04_BP-ER,1,0,1,0,0,0,1,1,16.00277778,-0.0101
347,27,REU04,BP-ER,REU04_BP-ER,1,0,1,0,0,0,1,1,18.00388889,-0.009966667
348,27,REU04,BP-ER,REU04_BP-ER,1,0,1,0,0,0,1,1,20.00361111,-0.008966667
349,27,REU04,BP-ER,REU04_BP-ER,1,0,1,0,0,0,1,1,22.00444444,-0.0073
350,27,REU04,BP-ER,REU04_BP-ER,1,0,1,0,0,0,1,1,24.00444444,-0.005866667
351,28,REU04,BP-FP,REU04_BP-FP,1,0,1,0,0,0,1,1,0,-0.002933333
352,28,REU04,BP-FP,REU04_BP-FP,1,0,1,0,0,0,1,1,2.000277778,-0.003577675
353,28,REU04,BP-FP,REU04_BP-FP,1,0,1,0,0,0,1,1,4.000277778,-0.003383281
354,28,REU04,BP-FP,REU04_BP-FP,1,0,1,0,0,0,1,1,6.000833333,-0.003376728
355,28,REU04,BP-FP,REU04_BP-FP,1,0,1,0,0,0,1,1,8.001111111,-0.003582044
356,28,REU04,BP-FP,REU04_BP-FP,1,0,1,0,0,0,1,1,10.00166667,-0.003409491
357,28,REU04,BP-FP,REU04_BP-FP,1,0,1,0,0,0,1,1,12.00222222,-0.003376728
358,28,REU04,BP-FP,REU04_BP-FP,1,0,1,0,0,0,1,1,14.00277778,-0.003464096
359,28,REU04,BP-FP,REU04_BP-FP,1,0,1,0,0,0,1,1,16.00277778,-0.003446623
360,28,REU04,BP-FP,REU04_BP-FP,1,0,1,0,0,0,1,1,18.00388889,-0.003533991
361,28,REU04,BP-FP,REU04_BP-FP,1,0,1,0,0,0,1,1,20.00361111,-0.003514333
362,28,REU04,BP-FP,REU04_BP-FP,1,0,1,0,0,0,1,1,22.00444444,-0.003734939
363,28,REU04,BP-FP,REU04_BP-FP,1,0,1,0,0,0,1,1,24.00444444,-0.003763333
364,29,REU04,BT-ER,REU04_BT-ER,1,0,1,0,0,0,1,1,0,-0.002233333
365,29,REU04,BT-ER,REU04_BT-ER,1,0,1,0,0,0,1,1,2.000277778,0.008867987
366,29,REU04,BT-ER,REU04_BT-ER,1,0,1,0,0,0,1,1,4.000277778,0.002147188
367,29,REU04,BT-ER,REU04_BT-ER,1,0,1,0,0,0,1,1,6.000833333,-0.00010308
368,29,REU04,BT-ER,REU04_BT-ER,1,0,1,0,0,0,1,1,8.001111111,0.004517469
369,29,REU04,BT-ER,REU04_BT-ER,1,0,1,0,0,0,1,1,10.00166667,-0.001003187
370,29,REU04,BT-ER,REU04_BT-ER,1,0,1,0,0,0,1,1,12.00222222,-0.003343465
371,29,REU04,BT-ER,REU04_BT-ER,1,0,1,0,0,0,1,1,14.00277778,-0.001513248
372,29,REU04,BT-ER,REU04_BT-ER,1,0,1,0,0,0,1,1,16.00277778,0.002117184
373,29,REU04,BT-ER,REU04_BT-ER,1,0,1,0,0,0,1,1,18.00388889,0.014208622
374,29,REU04,BT-ER,REU04_BT-ER,1,0,1,0,0,0,1,1,20.00361111,0.031580687
375,29,REU04,BT-ER,REU04_BT-ER,1,0,1,0,0,0,1,1,22.00444444,0.088167416
376,29,REU04,BT-ER,REU04_BT-ER,1,0,1,0,0,0,1,1,24.00444444,0.224833667
377,30,REU04,BT-FP,REU04_BT-FP,1,0,1,0,0,0,1,1,0,-0.001033333
378,30,REU04,BT-FP,REU04_BT-FP,1,0,1,0,0,0,1,1,2.000277778,0.016205711
379,30,REU04,BT-FP,REU04_BT-FP,1,0,1,0,0,0,1,1,4.000277778,0.006089552
380,30,REU04,BT-FP,REU04_BT-FP,1,0,1,0,0,0,1,1,6.000833333,0.00517494
381,30,REU04,BT-FP,REU04_BT-FP,1,0,1,0,0,0,1,1,8.001111111,0.017924073
382,30,REU04,BT-FP,REU04_BT-FP,1,0,1,0,0,0,1,1,10.00166667,0.003844596
383,30,REU04,BT-FP,REU04_BT-FP,1,0,1,0,0,0,1,1,12.00222222,0.00351201
384,30,REU04,BT-FP,REU04_BT-FP,1,0,1,0,0,0,1,1,14.00277778,0.003706018
385,30,REU04,BT-FP,REU04_BT-FP,1,0,1,0,0,0,1,1,16.00277778,0.00406632
386,30,REU04,BT-FP,REU04_BT-FP,1,0,1,0,0,0,1,1,18.00388889,0.010579464
387,30,REU04,BT-FP,REU04_BT-FP,1,0,1,0,0,0,1,1,20.00361111,0.016233427
388,30,REU04,BT-FP,REU04_BT-FP,1,0,1,0,0,0,1,1,22.00444444,0.028261956
389,30,REU04,BT-FP,REU04_BT-FP,1,0,1,0,0,0,1,1,24.00444444,0.060633667
390,31,REU04,ER-FP,REU04_ER-FP,1,0,1,0,0,0,1,1,0,-0.000533333
391,31,REU04,ER-FP,REU04_ER-FP,1,0,1,0,0,0,1,1,2.000277778,-0.010302705
392,31,REU04,ER-FP,REU04_ER-FP,1,0,1,0,0,0,1,1,4.000277778,-0.00236736
393,31,REU04,ER-FP,REU04_ER-FP,1,0,1,0,0,0,1,1,6.000833333,-0.000787555
394,31,REU04,ER-FP,REU04_ER-FP,1,0,1,0,0,0,1,1,8.001111111,-0.016767196
395,31,REU04,ER-FP,REU04_ER-FP,1,0,1,0,0,0,1,1,10.00166667,0.001718343
396,31,REU04,ER-FP,REU04_ER-FP,1,0,1,0,0,0,1,1,12.00222222,0.001337011
397,31,REU04,ER-FP,REU04_ER-FP,1,0,1,0,0,0,1,1,14.00277778,0.00148228
398,31,REU04,ER-FP,REU04_ER-FP,1,0,1,0,0,0,1,1,16.00277778,0.002281262
399,31,REU04,ER-FP,REU04_ER-FP,1,0,1,0,0,0,1,1,18.00388889,-0.004927735
400,31,REU04,ER-FP,REU04_ER-FP,1,0,1,0,0,0,1,1,20.00361111,-0.005853827
401,31,REU04,ER-FP,REU04_ER-FP,1,0,1,0,0,0,1,1,22.00444444,-0.009703468
402,31,REU04,ER-FP,REU04_ER-FP,1,0,1,0,0,0,1,1,24.00444444,-0.012663333
403,32,REU04,BH-BP-BT,REU04_BH-BP-BT,1,0,1,0,0,0,1,1,0,0.004666667
404,32,REU04,BH-BP-BT,REU04_BH-BP-BT,1,0,1,0,0,0,1,1,2.000277778,0.011183653
405,32,REU04,BH-BP-BT,REU04_BH-BP-BT,1,0,1,0,0,0,1,1,4.000277778,0.005991549
406,32,REU04,BH-BP-BT,REU04_BH-BP-BT,1,0,1,0,0,0,1,1,6.000833333,0.005991549
407,32,REU04,BH-BP-BT,REU04_BH-BP-BT,1,0,1,0,0,0,1,1,8.001111111,0.0255067
408,32,REU04,BH-BP-BT,REU04_BH-BP-BT,1,0,1,0,0,0,1,1,10.00166667,0.004433917
409,32,REU04,BH-BP-BT,REU04_BH-BP-BT,1,0,1,0,0,0,1,1,12.00222222,0.006367528
410,32,REU04,BH-BP-BT,REU04_BH-BP-BT,1,0,1,0,0,0,1,1,14.00277778,0.006707701
411,32,REU04,BH-BP-BT,REU04_BH-BP-BT,1,0,1,0,0,0,1,1,16.00277778,0.005329108
412,32,REU04,BH-BP-BT,REU04_BH-BP-BT,1,0,1,0,0,0,1,1,18.00388889,0.017217236
413,32,REU04,BH-BP-BT,REU04_BH-BP-BT,1,0,1,0,0,0,1,1,20.00361111,0.020977036
414,32,REU04,BH-BP-BT,REU04_BH-BP-BT,1,0,1,0,0,0,1,1,22.00444444,0.027887906
415,32,REU04,BH-BP-BT,REU04_BH-BP-BT,1,0,1,0,0,0,1,1,24.00444444,0.041333667
416,33,REU04,BH-FP,REU04_BH-FP,2,0,1,0,0,0,1,1,0,0.005066667
417,33,REU04,BH-FP,REU04_BH-FP,2,0,1,0,0,0,1,1,2.000277778,0.0006
418,33,REU04,BH-FP,REU04_BH-FP,2,0,1,0,0,0,1,1,4.000277778,-0.002066667
419,33,REU04,BH-FP,REU04_BH-FP,2,0,1,0,0,0,1,1,6.000833333,-0.001966667
420,33,REU04,BH-FP,REU04_BH-FP,2,0,1,0,0,0,1,1,8.001111111,0.001166667
421,33,REU04,BH-FP,REU04_BH-FP,2,0,1,0,0,0,1,1,10.00166667,-0.003166667
422,33,REU04,BH-FP,REU04_BH-FP,2,0,1,0,0,0,1,1,12.00222222,-0.001866667
423,33,REU04,BH-FP,REU04_BH-FP,2,0,1,0,0,0,1,1,14.00277778,-0.002033333
424,33,REU04,BH-FP,REU04_BH-FP,2,0,1,0,0,0,1,1,16.00277778,-0.002
425,33,REU04,BH-FP,REU04_BH-FP,2,0,1,0,0,0,1,1,18.00388889,-0.000366667
426,33,REU04,BH-FP,REU04_BH-FP,2,0,1,0,0,0,1,1,20.00361111,-6.67E-05
427,33,REU04,BH-FP,REU04_BH-FP,2,0,1,0,0,0,1,1,22.00444444,0.0019
428,33,REU04,BH-FP,REU04_BH-FP,2,0,1,0,0,0,1,1,24.00444444,0.003433333
429,34,REU04,BP-BT,REU04_BP-BT,2,0,1,0,0,0,1,1,0,0.000666667
430,34,REU04,BP-BT,REU04_BP-BT,2,0,1,0,0,0,1,1,2.000277778,0.001
431,34,REU04,BP-BT,REU04_BP-BT,2,0,1,0,0,0,1,1,4.000277778,-0.000566667
432,34,REU04,BP-BT,REU04_BP-BT,2,0,1,0,0,0,1,1,6.000833333,-0.000366667
433,34,REU04,BP-BT,REU04_BP-BT,2,0,1,0,0,0,1,1,8.001111111,0.003266667
434,34,REU04,BP-BT,REU04_BP-BT,2,0,1,0,0,0,1,1,10.00166667,-0.002366667
435,34,REU04,BP-BT,REU04_BP-BT,2,0,1,0,0,0,1,1,12.00222222,-0.001366667
436,34,REU04,BP-BT,REU04_BP-BT,2,0,1,0,0,0,1,1,14.00277778,-0.001233333
437,34,REU04,BP-BT,REU04_BP-BT,2,0,1,0,0,0,1,1,16.00277778,-0.0014
438,34,REU04,BP-BT,REU04_BP-BT,2,0,1,0,0,0,1,1,18.00388889,-0.000166667
439,34,REU04,BP-BT,REU04_BP-BT,2,0,1,0,0,0,1,1,20.00361111,0.001133333
440,34,REU04,BP-BT,REU04_BP-BT,2,0,1,0,0,0,1,1,22.00444444,0.0035
441,34,REU04,BP-BT,REU04_BP-BT,2,0,1,0,0,0,1,1,24.00444444,0.006033333
442,35,REU04,BP-ER,REU04_BP-ER,2,0,1,0,0,0,1,1,0,0.000166667
443,35,REU04,BP-ER,REU04_BP-ER,2,0,1,0,0,0,1,1,2.000277778,0.0027
444,35,REU04,BP-ER,REU04_BP-ER,2,0,1,0,0,0,1,1,4.000277778,-0.000766667
445,35,REU04,BP-ER,REU04_BP-ER,2,0,1,0,0,0,1,1,6.000833333,-0.002066667
446,35,REU04,BP-ER,REU04_BP-ER,2,0,1,0,0,0,1,1,8.001111111,0.000266667
447,35,REU04,BP-ER,REU04_BP-ER,2,0,1,0,0,0,1,1,10.00166667,-0.005566667
448,35,REU04,BP-ER,REU04_BP-ER,2,0,1,0,0,0,1,1,12.00222222,-0.005966667
449,35,REU04,BP-ER,REU04_BP-ER,2,0,1,0,0,0,1,1,14.00277778,-0.005233333
450,35,REU04,BP-ER,REU04_BP-ER,2,0,1,0,0,0,1,1,16.00277778,-0.0061
451,35,REU04,BP-ER,REU04_BP-ER,2,0,1,0,0,0,1,1,18.00388889,-0.005066667
452,35,REU04,BP-ER,REU04_BP-ER,2,0,1,0,0,0,1,1,20.00361111,-0.003466667
453,35,REU04,BP-ER,REU04_BP-ER,2,0,1,0,0,0,1,1,22.00444444,-0.0016
454,35,REU04,BP-ER,REU04_BP-ER,2,0,1,0,0,0,1,1,24.00444444,-0.000666667
455,36,REU04,BP-FP,REU04_BP-FP,2,0,1,0,0,0,1,1,0,0.001566667
456,36,REU04,BP-FP,REU04_BP-FP,2,0,1,0,0,0,1,1,2.000277778,0.0073
457,36,REU04,BP-FP,REU04_BP-FP,2,0,1,0,0,0,1,1,4.000277778,0.003033333
458,36,REU04,BP-FP,REU04_BP-FP,2,0,1,0,0,0,1,1,6.000833333,0.002833333
459,36,REU04,BP-FP,REU04_BP-FP,2,0,1,0,0,0,1,1,8.001111111,0.007266667
460,36,REU04,BP-FP,REU04_BP-FP,2,0,1,0,0,0,1,1,10.00166667,0.002133333
461,36,REU04,BP-FP,REU04_BP-FP,2,0,1,0,0,0,1,1,12.00222222,0.001933333
462,36,REU04,BP-FP,REU04_BP-FP,2,0,1,0,0,0,1,1,14.00277778,0.003266667
463,36,REU04,BP-FP,REU04_BP-FP,2,0,1,0,0,0,1,1,16.00277778,0.0033
464,36,REU04,BP-FP,REU04_BP-FP,2,0,1,0,0,0,1,1,18.00388889,0.004933333
465,36,REU04,BP-FP,REU04_BP-FP,2,0,1,0,0,0,1,1,20.00361111,0.003933333
466,36,REU04,BP-FP,REU04_BP-FP,2,0,1,0,0,0,1,1,22.00444444,0.0072
467,36,REU04,BP-FP,REU04_BP-FP,2,0,1,0,0,0,1,1,24.00444444,0.008733333
468,37,REU04,BT-ER,REU04_BT-ER,2,0,1,0,0,0,1,1,0,-0.001733333
469,37,REU04,BT-ER,REU04_BT-ER,2,0,1,0,0,0,1,1,2.000277778,0.006064052
470,37,REU04,BT-ER,REU04_BT-ER,2,0,1,0,0,0,1,1,4.000277778,0.001588423
471,37,REU04,BT-ER,REU04_BT-ER,2,0,1,0,0,0,1,1,6.000833333,-8.99E-05
472,37,REU04,BT-ER,REU04_BT-ER,2,0,1,0,0,0,1,1,8.001111111,0.003511545
473,37,REU04,BT-ER,REU04_BT-ER,2,0,1,0,0,0,1,1,10.00166667,-0.001453607
474,37,REU04,BT-ER,REU04_BT-ER,2,0,1,0,0,0,1,1,12.00222222,-0.001348709
475,37,REU04,BT-ER,REU04_BT-ER,2,0,1,0,0,0,1,1,14.00277778,-0.000789255
476,37,REU04,BT-ER,REU04_BT-ER,2,0,1,0,0,0,1,1,16.00277778,0.00270733
477,37,REU04,BT-ER,REU04_BT-ER,2,0,1,0,0,0,1,1,18.00388889,0.015644696
478,37,REU04,BT-ER,REU04_BT-ER,2,0,1,0,0,0,1,1,20.00361111,0.031589125
479,37,REU04,BT-ER,REU04_BT-ER,2,0,1,0,0,0,1,1,22.00444444,0.08694007
480,37,REU04,BT-ER,REU04_BT-ER,2,0,1,0,0,0,1,1,24.00444444,0.231733667
481,38,REU04,BT-FP,REU04_BT-FP,2,0,1,0,0,0,1,1,0,6.67E-05
482,38,REU04,BT-FP,REU04_BT-FP,2,0,1,0,0,0,1,1,2.000277778,0.010575687
483,38,REU04,BT-FP,REU04_BT-FP,2,0,1,0,0,0,1,1,4.000277778,0.004987809
484,38,REU04,BT-FP,REU04_BT-FP,2,0,1,0,0,0,1,1,6.000833333,0.004321074
485,38,REU04,BT-FP,REU04_BT-FP,2,0,1,0,0,0,1,1,8.001111111,0.009210467
486,38,REU04,BT-FP,REU04_BT-FP,2,0,1,0,0,0,1,1,10.00166667,0.004225826
487,38,REU04,BT-FP,REU04_BT-FP,2,0,1,0,0,0,1,1,12.00222222,0.004892561
488,38,REU04,BT-FP,REU04_BT-FP,2,0,1,0,0,0,1,1,14.00277778,0.005591046
489,38,REU04,BT-FP,REU04_BT-FP,2,0,1,0,0,0,1,1,16.00277778,0.006670523
490,38,REU04,BT-FP,REU04_BT-FP,2,0,1,0,0,0,1,1,18.00388889,0.011274172
491,38,REU04,BT-FP,REU04_BT-FP,2,0,1,0,0,0,1,1,20.00361111,0.01822727
492,38,REU04,BT-FP,REU04_BT-FP,2,0,1,0,0,0,1,1,22.00444444,0.03381618
493,38,REU04,BT-FP,REU04_BT-FP,2,0,1,0,0,0,1,1,24.00444444,0.080233667
494,39,REU04,ER-FP,REU04_ER-FP,2,0,1,0,0,0,1,1,0,0.001466667
495,39,REU04,ER-FP,REU04_ER-FP,2,0,1,0,0,0,1,1,2.000277778,0.0109
496,39,REU04,ER-FP,REU04_ER-FP,2,0,1,0,0,0,1,1,4.000277778,0.001233333
497,39,REU04,ER-FP,REU04_ER-FP,2,0,1,0,0,0,1,1,6.000833333,-0.001266667
498,39,REU04,ER-FP,REU04_ER-FP,2,0,1,0,0,0,1,1,8.001111111,0.007066667
499,39,REU04,ER-FP,REU04_ER-FP,2,0,1,0,0,0,1,1,10.00166667,-0.003166667
500,39,REU04,ER-FP,REU04_ER-FP,2,0,1,0,0,0,1,1,12.00222222,-0.001666667
501,39,REU04,ER-FP,REU04_ER-FP,2,0,1,0,0,0,1,1,14.00277778,-0.002633333
502,39,REU04,ER-FP,REU04_ER-FP,2,0,1,0,0,0,1,1,16.00277778,-0.0039
503,39,REU04,ER-FP,REU04_ER-FP,2,0,1,0,0,0,1,1,18.00388889,-0.001466667
504,39,REU04,ER-FP,REU04_ER-FP,2,0,1,0,0,0,1,1,20.00361111,-0.000266667
505,39,REU04,ER-FP,REU04_ER-FP,2,0,1,0,0,0,1,1,22.00444444,0.0014
506,39,REU04,ER-FP,REU04_ER-FP,2,0,1,0,0,0,1,1,24.00444444,0.003033333
507,40,REU04,BH-BP-BT,REU04_BH-BP-BT,2,0,1,0,0,0,1,1,0,0.003866667
508,40,REU04,BH-BP-BT,REU04_BH-BP-BT,2,0,1,0,0,0,1,1,2.000277778,0.008271387
509,40,REU04,BH-BP-BT,REU04_BH-BP-BT,2,0,1,0,0,0,1,1,4.000277778,0.003527842
510,40,REU04,BH-BP-BT,REU04_BH-BP-BT,2,0,1,0,0,0,1,1,6.000833333,0.003996984
511,40,REU04,BH-BP-BT,REU04_BH-BP-BT,2,0,1,0,0,0,1,1,8.001111111,0.013327694
512,40,REU04,BH-BP-BT,REU04_BH-BP-BT,2,0,1,0,0,0,1,1,10.00166667,0.003293271
513,40,REU04,BH-BP-BT,REU04_BH-BP-BT,2,0,1,0,0,0,1,1,12.00222222,0.005326219
514,40,REU04,BH-BP-BT,REU04_BH-BP-BT,2,0,1,0,0,0,1,1,14.00277778,0.005977805
515,40,REU04,BH-BP-BT,REU04_BH-BP-BT,2,0,1,0,0,0,1,1,16.00277778,0.005456536
516,40,REU04,BH-BP-BT,REU04_BH-BP-BT,2,0,1,0,0,0,1,1,18.00388889,0.009704876
517,40,REU04,BH-BP-BT,REU04_BH-BP-BT,2,0,1,0,0,0,1,1,20.00361111,0.01322344
518,40,REU04,BH-BP-BT,REU04_BH-BP-BT,2,0,1,0,0,0,1,1,22.00444444,0.022658404
519,40,REU04,BH-BP-BT,REU04_BH-BP-BT,2,0,1,0,0,0,1,1,24.00444444,0.040433667
520,41,REU04,BH-FP,REU04_BH-FP,3,0,1,0,0,0,1,1,0,0.004566667
521,41,REU04,BH-FP,REU04_BH-FP,3,0,1,0,0,0,1,1,2.000277778,-0.0001
522,41,REU04,BH-FP,REU04_BH-FP,3,0,1,0,0,0,1,1,4.000277778,-0.002066667
523,41,REU04,BH-FP,REU04_BH-FP,3,0,1,0,0,0,1,1,6.000833333,-0.001866667
524,41,REU04,BH-FP,REU04_BH-FP,3,0,1,0,0,0,1,1,8.001111111,0.001866667
525,41,REU04,BH-FP,REU04_BH-FP,3,0,1,0,0,0,1,1,10.00166667,-0.002966667
526,41,REU04,BH-FP,REU04_BH-FP,3,0,1,0,0,0,1,1,12.00222222,-0.001866667
527,41,REU04,BH-FP,REU04_BH-FP,3,0,1,0,0,0,1,1,14.00277778,-0.002133333
528,41,REU04,BH-FP,REU04_BH-FP,3,0,1,0,0,0,1,1,16.00277778,-0.0024
529,41,REU04,BH-FP,REU04_BH-FP,3,0,1,0,0,0,1,1,18.00388889,0.000133333
530,41,REU04,BH-FP,REU04_BH-FP,3,0,1,0,0,0,1,1,20.00361111,0.000633333
531,41,REU04,BH-FP,REU04_BH-FP,3,0,1,0,0,0,1,1,22.00444444,0.0029
532,41,REU04,BH-FP,REU04_BH-FP,3,0,1,0,0,0,1,1,24.00444444,0.005433333
533,42,REU04,BP-BT,REU04_BP-BT,3,0,1,0,0,0,1,1,0,0.000366667
534,42,REU04,BP-BT,REU04_BP-BT,3,0,1,0,0,0,1,1,2.000277778,0.001158185
535,42,REU04,BP-BT,REU04_BP-BT,3,0,1,0,0,0,1,1,4.000277778,0.00035302
536,42,REU04,BP-BT,REU04_BP-BT,3,0,1,0,0,0,1,1,6.000833333,0.000598664
537,42,REU04,BP-BT,REU04_BP-BT,3,0,1,0,0,0,1,1,8.001111111,0.002700282
538,42,REU04,BP-BT,REU04_BP-BT,3,0,1,0,0,0,1,1,10.00166667,-1.54E-05
539,42,REU04,BP-BT,REU04_BP-BT,3,0,1,0,0,0,1,1,12.00222222,0.000680545
540,42,REU04,BP-BT,REU04_BP-BT,3,0,1,0,0,0,1,1,14.00277778,0.000776073
541,42,REU04,BP-BT,REU04_BP-BT,3,0,1,0,0,0,1,1,16.00277778,0.00083066
542,42,REU04,BP-BT,REU04_BP-BT,3,0,1,0,0,0,1,1,18.00388889,0.001949704
543,42,REU04,BP-BT,REU04_BP-BT,3,0,1,0,0,0,1,1,20.00361111,0.002277229
544,42,REU04,BP-BT,REU04_BP-BT,3,0,1,0,0,0,1,1,22.00444444,0.00340992
545,42,REU04,BP-BT,REU04_BP-BT,3,0,1,0,0,0,1,1,24.00444444,0.004733667
546,43,REU04,BP-ER,REU04_BP-ER,3,0,1,0,0,0,1,1,0,0.001766667
547,43,REU04,BP-ER,REU04_BP-ER,3,0,1,0,0,0,1,1,2.000277778,0.004
548,43,REU04,BP-ER,REU04_BP-ER,3,0,1,0,0,0,1,1,4.000277778,0.000633333
549,43,REU04,BP-ER,REU04_BP-ER,3,0,1,0,0,0,1,1,6.000833333,-0.001266667
550,43,REU04,BP-ER,REU04_BP-ER,3,0,1,0,0,0,1,1,8.001111111,0.003766667
551,43,REU04,BP-ER,REU04_BP-ER,3,0,1,0,0,0,1,1,10.00166667,-0.004366667
552,43,REU04,BP-ER,REU04_BP-ER,3,0,1,0,0,0,1,1,12.00222222,-0.003766667
553,43,REU04,BP-ER,REU04_BP-ER,3,0,1,0,0,0,1,1,14.00277778,-0.003533333
554,43,REU04,BP-ER,REU04_BP-ER,3,0,1,0,0,0,1,1,16.00277778,-0.0046
555,43,REU04,BP-ER,REU04_BP-ER,3,0,1,0,0,0,1,1,18.00388889,-0.001866667
556,43,REU04,BP-ER,REU04_BP-ER,3,0,1,0,0,0,1,1,20.00361111,-0.001766667
557,43,REU04,BP-ER,REU04_BP-ER,3,0,1,0,0,0,1,1,22.00444444,0.0011
558,43,REU04,BP-ER,REU04_BP-ER,3,0,1,0,0,0,1,1,24.00444444,0.003933333
559,44,REU04,BP-FP,REU04_BP-FP,3,0,1,0,0,0,1,1,0,0.000866667
560,44,REU04,BP-FP,REU04_BP-FP,3,0,1,0,0,0,1,1,2.000277778,0.0063
561,44,REU04,BP-FP,REU04_BP-FP,3,0,1,0,0,0,1,1,4.000277778,0.000533333
562,44,REU04,BP-FP,REU04_BP-FP,3,0,1,0,0,0,1,1,6.000833333,0.000433333
563,44,REU04,BP-FP,REU04_BP-FP,3,0,1,0,0,0,1,1,8.001111111,0.011966667
564,44,REU04,BP-FP,REU04_BP-FP,3,0,1,0,0,0,1,1,10.00166667,-0.001266667
565,44,REU04,BP-FP,REU04_BP-FP,3,0,1,0,0,0,1,1,12.00222222,-0.000566667
566,44,REU04,BP-FP,REU04_BP-FP,3,0,1,0,0,0,1,1,14.00277778,-0.000733333
567,44,REU04,BP-FP,REU04_BP-FP,3,0,1,0,0,0,1,1,16.00277778,0.0001
568,44,REU04,BP-FP,REU04_BP-FP,3,0,1,0,0,0,1,1,18.00388889,0.002533333
569,44,REU04,BP-FP,REU04_BP-FP,3,0,1,0,0,0,1,1,20.00361111,0.002133333
570,44,REU04,BP-FP,REU04_BP-FP,3,0,1,0,0,0,1,1,22.00444444,0.0056
571,44,REU04,BP-FP,REU04_BP-FP,3,0,1,0,0,0,1,1,24.00444444,0.007633333
572,45,REU04,BT-ER,REU04_BT-ER,3,0,1,0,0,0,1,1,0,0.000166667
573,45,REU04,BT-ER,REU04_BT-ER,3,0,1,0,0,0,1,1,2.000277778,0.003615696
574,45,REU04,BT-ER,REU04_BT-ER,3,0,1,0,0,0,1,1,4.000277778,-0.002642336
575,45,REU04,BT-ER,REU04_BT-ER,3,0,1,0,0,0,1,1,6.000833333,-0.00520244
576,45,REU04,BT-ER,REU04_BT-ER,3,0,1,0,0,0,1,1,8.001111111,0.002833442
577,45,REU04,BT-ER,REU04_BT-ER,3,0,1,0,0,0,1,1,10.00166667,-0.00840257
578,45,REU04,BT-ER,REU04_BT-ER,3,0,1,0,0,0,1,1,12.00222222,-0.007975886
579,45,REU04,BT-ER,REU04_BT-ER,3,0,1,0,0,0,1,1,14.00277778,-0.006766948
580,45,REU04,BT-ER,REU04_BT-ER,3,0,1,0,0,0,1,1,16.00277778,-0.003531261
581,45,REU04,BT-ER,REU04_BT-ER,3,0,1,0,0,0,1,1,18.00388889,0.009304816
582,45,REU04,BT-ER,REU04_BT-ER,3,0,1,0,0,0,1,1,20.00361111,0.027332214
583,45,REU04,BT-ER,REU04_BT-ER,3,0,1,0,0,0,1,1,22.00444444,0.083618945
584,45,REU04,BT-ER,REU04_BT-ER,3,0,1,0,0,0,1,1,24.00444444,0.227233667
585,46,REU04,BT-FP,REU04_BT-FP,3,0,1,0,0,0,1,1,0,0.001366667
586,46,REU04,BT-FP,REU04_BT-FP,3,0,1,0,0,0,1,1,2.000277778,0.009633838
587,46,REU04,BT-FP,REU04_BT-FP,3,0,1,0,0,0,1,1,4.000277778,0.002177785
588,46,REU04,BT-FP,REU04_BT-FP,3,0,1,0,0,0,1,1,6.000833333,0.001054698
589,46,REU04,BT-FP,REU04_BT-FP,3,0,1,0,0,0,1,1,8.001111111,0.015311668
590,46,REU04,BT-FP,REU04_BT-FP,3,0,1,0,0,0,1,1,10.00166667,0.000773926
591,46,REU04,BT-FP,REU04_BT-FP,3,0,1,0,0,0,1,1,12.00222222,0.001709832
592,46,REU04,BT-FP,REU04_BT-FP,3,0,1,0,0,0,1,1,14.00277778,0.002864116
593,46,REU04,BT-FP,REU04_BT-FP,3,0,1,0,0,0,1,1,16.00277778,0.004111991
594,46,REU04,BT-FP,REU04_BT-FP,3,0,1,0,0,0,1,1,18.00388889,0.010039397
595,46,REU04,BT-FP,REU04_BT-FP,3,0,1,0,0,0,1,1,20.00361111,0.017807418
596,46,REU04,BT-FP,REU04_BT-FP,3,0,1,0,0,0,1,1,22.00444444,0.03443535
597,46,REU04,BT-FP,REU04_BT-FP,3,0,1,0,0,0,1,1,24.00444444,0.083133667
598,47,REU04,ER-FP,REU04_ER-FP,3,0,1,0,0,0,1,1,0,0.000666667
599,47,REU04,ER-FP,REU04_ER-FP,3,0,1,0,0,0,1,1,2.000277778,-0.004224789
600,47,REU04,ER-FP,REU04_ER-FP,3,0,1,0,0,0,1,1,4.000277778,0.0022092
601,47,REU04,ER-FP,REU04_ER-FP,3,0,1,0,0,0,1,1,6.000833333,0.003305211
602,47,REU04,ER-FP,REU04_ER-FP,3,0,1,0,0,0,1,1,8.001111111,-0.009806325
603,47,REU04,ER-FP,REU04_ER-FP,3,0,1,0,0,0,1,1,10.00166667,0.005314564
604,47,REU04,ER-FP,REU04_ER-FP,3,0,1,0,0,0,1,1,12.00222222,0.004827448
605,47,REU04,ER-FP,REU04_ER-FP,3,0,1,0,0,0,1,1,14.00277778,0.004807152
606,47,REU04,ER-FP,REU04_ER-FP,3,0,1,0,0,0,1,1,16.00277778,0.005273971
607,47,REU04,ER-FP,REU04_ER-FP,3,0,1,0,0,0,1,1,18.00388889,0.002574537
608,47,REU04,ER-FP,REU04_ER-FP,3,0,1,0,0,0,1,1,20.00361111,0.000321626
609,47,REU04,ER-FP,REU04_ER-FP,3,0,1,0,0,0,1,1,22.00444444,-0.002276325
610,47,REU04,ER-FP,REU04_ER-FP,3,0,1,0,0,0,1,1,24.00444444,-0.006863333
611,48,REU04,BH-BP-BT,REU04_BH-BP-BT,3,0,1,0,0,0,1,1,0,0.001366667
612,48,REU04,BH-BP-BT,REU04_BH-BP-BT,3,0,1,0,0,0,1,1,2.000277778,0.004256251
613,48,REU04,BH-BP-BT,REU04_BH-BP-BT,3,0,1,0,0,0,1,1,4.000277778,0.000997069
614,48,REU04,BH-BP-BT,REU04_BH-BP-BT,3,0,1,0,0,0,1,1,6.000833333,0.001249067
615,48,REU04,BH-BP-BT,REU04_BH-BP-BT,3,0,1,0,0,0,1,1,8.001111111,0.01865377
616,48,REU04,BH-BP-BT,REU04_BH-BP-BT,3,0,1,0,0,0,1,1,10.00166667,0.00079547
617,48,REU04,BH-BP-BT,REU04_BH-BP-BT,3,0,1,0,0,0,1,1,12.00222222,0.001551466
618,48,REU04,BH-BP-BT,REU04_BH-BP-BT,3,0,1,0,0,0,1,1,14.00277778,0.002072263
619,48,REU04,BH-BP-BT,REU04_BH-BP-BT,3,0,1,0,0,0,1,1,16.00277778,0.001887464
620,48,REU04,BH-BP-BT,REU04_BH-BP-BT,3,0,1,0,0,0,1,1,18.00388889,0.007801031
621,48,REU04,BH-BP-BT,REU04_BH-BP-BT,3,0,1,0,0,0,1,1,20.00361111,0.012841003
622,48,REU04,BH-BP-BT,REU04_BH-BP-BT,3,0,1,0,0,0,1,1,22.00444444,0.021996951
623,48,REU04,BH-BP-BT,REU04_BH-BP-BT,3,0,1,0,0,0,1,1,24.00444444,0.037133667
624,49,REU04,BH-BP-ER,REU04_BH-BP-ER,1,0,1,0,0,0,1,1,0,0.005066667
625,49,REU04,BH-BP-ER,REU04_BH-BP-ER,1,0,1,0,0,0,1,1,2.000277778,0.006293634
626,49,REU04,BH-BP-ER,REU04_BH-BP-ER,1,0,1,0,0,0,1,1,4.000277778,0.006960058
627,49,REU04,BH-BP-ER,REU04_BH-BP-ER,1,0,1,0,0,0,1,1,6.000833333,0.007165591
628,49,REU04,BH-BP-ER,REU04_BH-BP-ER,1,0,1,0,0,0,1,1,8.001111111,0.006505395
629,49,REU04,BH-BP-ER,REU04_BH-BP-ER,1,0,1,0,0,0,1,1,10.00166667,0.007688764
630,49,REU04,BH-BP-ER,REU04_BH-BP-ER,1,0,1,0,0,0,1,1,12.00222222,0.00763271
631,49,REU04,BH-BP-ER,REU04_BH-BP-ER,1,0,1,0,0,0,1,1,14.00277778,0.007234101
632,49,REU04,BH-BP-ER,REU04_BH-BP-ER,1,0,1,0,0,0,1,1,16.00277778,0.007265243
633,49,REU04,BH-BP-ER,REU04_BH-BP-ER,1,0,1,0,0,0,1,1,18.00388889,0.006025819
634,49,REU04,BH-BP-ER,REU04_BH-BP-ER,1,0,1,0,0,0,1,1,20.00361111,0.005334482
635,49,REU04,BH-BP-ER,REU04_BH-BP-ER,1,0,1,0,0,0,1,1,22.00444444,0.00279958
636,49,REU04,BH-BP-ER,REU04_BH-BP-ER,1,0,1,0,0,0,1,1,24.00444444,-0.000663333
637,50,REU04,BH-BP-FP,REU04_BH-BP-FP,1,0,1,0,0,0,1,1,0,0.001466667
638,50,REU04,BH-BP-FP,REU04_BH-BP-FP,1,0,1,0,0,0,1,1,2.000277778,0.0024
639,50,REU04,BH-BP-FP,REU04_BH-BP-FP,1,0,1,0,0,0,1,1,4.000277778,-0.001066667
640,50,REU04,BH-BP-FP,REU04_BH-BP-FP,1,0,1,0,0,0,1,1,6.000833333,-0.000166667
641,50,REU04,BH-BP-FP,REU04_BH-BP-FP,1,0,1,0,0,0,1,1,8.001111111,0.006066667
642,50,REU04,BH-BP-FP,REU04_BH-BP-FP,1,0,1,0,0,0,1,1,10.00166667,-0.001566667
643,50,REU04,BH-BP-FP,REU04_BH-BP-FP,1,0,1,0,0,0,1,1,12.00222222,-6.67E-05
644,50,REU04,BH-BP-FP,REU04_BH-BP-FP,1,0,1,0,0,0,1,1,14.00277778,-0.000533333
645,50,REU04,BH-BP-FP,REU04_BH-BP-FP,1,0,1,0,0,0,1,1,16.00277778,-0.0003
646,50,REU04,BH-BP-FP,REU04_BH-BP-FP,1,0,1,0,0,0,1,1,18.00388889,0.003133333
647,50,REU04,BH-BP-FP,REU04_BH-BP-FP,1,0,1,0,0,0,1,1,20.00361111,0.003933333
648,50,REU04,BH-BP-FP,REU04_BH-BP-FP,1,0,1,0,0,0,1,1,22.00444444,0.0063
649,50,REU04,BH-BP-FP,REU04_BH-BP-FP,1,0,1,0,0,0,1,1,24.00444444,0.010233333
650,51,REU04,BH-BT-ER,REU04_BH-BT-ER,1,0,1,0,0,0,1,1,0,-0.001633333
651,51,REU04,BH-BT-ER,REU04_BH-BT-ER,1,0,1,0,0,0,1,1,2.000277778,-0.002346821
652,51,REU04,BH-BT-ER,REU04_BH-BT-ER,1,0,1,0,0,0,1,1,4.000277778,-0.006596728
653,51,REU04,BH-BT-ER,REU04_BH-BT-ER,1,0,1,0,0,0,1,1,6.000833333,-0.005945283
654,51,REU04,BH-BT-ER,REU04_BH-BT-ER,1,0,1,0,0,0,1,1,8.001111111,0.001903086
655,51,REU04,BH-BT-ER,REU04_BH-BT-ER,1,0,1,0,0,0,1,1,10.00166667,-0.00789962
656,51,REU04,BH-BT-ER,REU04_BH-BT-ER,1,0,1,0,0,0,1,1,12.00222222,-8.23E-05
657,51,REU04,BH-BT-ER,REU04_BH-BT-ER,1,0,1,0,0,0,1,1,14.00277778,0.003392104
658,51,REU04,BH-BT-ER,REU04_BH-BT-ER,1,0,1,0,0,0,1,1,16.00277778,0.019709265
659,51,REU04,BH-BT-ER,REU04_BH-BT-ER,1,0,1,0,0,0,1,1,18.00388889,0.079021836
660,51,REU04,BH-BT-ER,REU04_BH-BT-ER,1,0,1,0,0,0,1,1,20.00361111,0.204192455
661,51,REU04,BH-BT-ER,REU04_BH-BT-ER,1,0,1,0,0,0,1,1,22.00444444,0.299644746
662,51,REU04,BH-BT-ER,REU04_BH-BT-ER,1,0,1,0,0,0,1,1,24.00444444,0.422333667
663,52,REU04,BH-BT-FP,REU04_BH-BT-FP,1,0,1,0,0,0,1,1,0,-0.000733333
664,52,REU04,BH-BT-FP,REU04_BH-BT-FP,1,0,1,0,0,0,1,1,2.000277778,0.004508949
665,52,REU04,BH-BT-FP,REU04_BH-BT-FP,1,0,1,0,0,0,1,1,4.000277778,0.001156326
666,52,REU04,BH-BT-FP,REU04_BH-BT-FP,1,0,1,0,0,0,1,1,6.000833333,0.001979243
667,52,REU04,BH-BT-FP,REU04_BH-BT-FP,1,0,1,0,0,0,1,1,8.001111111,0.015542123
668,52,REU04,BH-BT-FP,REU04_BH-BT-FP,1,0,1,0,0,0,1,1,10.00166667,0.001887808
669,52,REU04,BH-BT-FP,REU04_BH-BT-FP,1,0,1,0,0,0,1,1,12.00222222,0.004630862
670,52,REU04,BH-BT-FP,REU04_BH-BT-FP,1,0,1,0,0,0,1,1,14.00277778,0.011244671
671,52,REU04,BH-BT-FP,REU04_BH-BT-FP,1,0,1,0,0,0,1,1,16.00277778,0.027276301
672,52,REU04,BH-BT-FP,REU04_BH-BT-FP,1,0,1,0,0,0,1,1,18.00388889,0.076498889
673,52,REU04,BH-BT-FP,REU04_BH-BT-FP,1,0,1,0,0,0,1,1,20.00361111,0.189329863
674,52,REU04,BH-BT-FP,REU04_BH-BT-FP,1,0,1,0,0,0,1,1,22.00444444,0.319503036
675,52,REU04,BH-BT-FP,REU04_BH-BT-FP,1,0,1,0,0,0,1,1,24.00444444,0.520233667
676,53,REU04,BH-ER-FP,REU04_BH-ER-FP,1,0,1,0,0,0,1,1,0,-0.001633333
677,53,REU04,BH-ER-FP,REU04_BH-ER-FP,1,0,1,0,0,0,1,1,2.000277778,0.0001
678,53,REU04,BH-ER-FP,REU04_BH-ER-FP,1,0,1,0,0,0,1,1,4.000277778,-0.007066667
679,53,REU04,BH-ER-FP,REU04_BH-ER-FP,1,0,1,0,0,0,1,1,6.000833333,-0.008666667
680,53,REU04,BH-ER-FP,REU04_BH-ER-FP,1,0,1,0,0,0,1,1,8.001111111,0.010866667
681,53,REU04,BH-ER-FP,REU04_BH-ER-FP,1,0,1,0,0,0,1,1,10.00166667,-0.010466667
682,53,REU04,BH-ER-FP,REU04_BH-ER-FP,1,0,1,0,0,0,1,1,12.00222222,-0.011666667
683,53,REU04,BH-ER-FP,REU04_BH-ER-FP,1,0,1,0,0,0,1,1,14.00277778,-0.012033333
684,53,REU04,BH-ER-FP,REU04_BH-ER-FP,1,0,1,0,0,0,1,1,16.00277778,-0.0128
685,53,REU04,BH-ER-FP,REU04_BH-ER-FP,1,0,1,0,0,0,1,1,18.00388889,-0.008366667
686,53,REU04,BH-ER-FP,REU04_BH-ER-FP,1,0,1,0,0,0,1,1,20.00361111,-0.005166667
687,53,REU04,BH-ER-FP,REU04_BH-ER-FP,1,0,1,0,0,0,1,1,22.00444444,0.0008
688,53,REU04,BH-ER-FP,REU04_BH-ER-FP,1,0,1,0,0,0,1,1,24.00444444,0.003833333
689,54,REU04,BP-BT-ER,REU04_BP-BT-ER,1,0,1,0,0,0,1,1,0,0.000466667
690,54,REU04,BP-BT-ER,REU04_BP-BT-ER,1,0,1,0,0,0,1,1,2.000277778,0.002490014
691,54,REU04,BP-BT-ER,REU04_BP-BT-ER,1,0,1,0,0,0,1,1,4.000277778,-0.000365016
692,54,REU04,BP-BT-ER,REU04_BP-BT-ER,1,0,1,0,0,0,1,1,6.000833333,-0.00084913
693,54,REU04,BP-BT-ER,REU04_BP-BT-ER,1,0,1,0,0,0,1,1,8.001111111,0.010335142
694,54,REU04,BP-BT-ER,REU04_BP-BT-ER,1,0,1,0,0,0,1,1,10.00166667,-0.001333244
695,54,REU04,BP-BT-ER,REU04_BP-BT-ER,1,0,1,0,0,0,1,1,12.00222222,8.19E-05
696,54,REU04,BP-BT-ER,REU04_BP-BT-ER,1,0,1,0,0,0,1,1,14.00277778,0.004302338
697,54,REU04,BP-BT-ER,REU04_BP-BT-ER,1,0,1,0,0,0,1,1,16.00277778,0.027738414
698,54,REU04,BP-BT-ER,REU04_BP-BT-ER,1,0,1,0,0,0,1,1,18.00388889,0.065623427
699,54,REU04,BP-BT-ER,REU04_BP-BT-ER,1,0,1,0,0,0,1,1,20.00361111,0.141480345
700,54,REU04,BP-BT-ER,REU04_BP-BT-ER,1,0,1,0,0,0,1,1,22.00444444,0.254601618
701,54,REU04,BP-BT-ER,REU04_BP-BT-ER,1,0,1,0,0,0,1,1,24.00444444,0.359033667
702,55,REU04,BP-BT-FP,REU04_BP-BT-FP,1,0,1,0,0,0,1,1,0,-0.000733333
703,55,REU04,BP-BT-FP,REU04_BP-BT-FP,1,0,1,0,0,0,1,1,2.000277778,0.004558898
704,55,REU04,BP-BT-FP,REU04_BP-BT-FP,1,0,1,0,0,0,1,1,4.000277778,-0.000555443
705,55,REU04,BP-BT-FP,REU04_BP-BT-FP,1,0,1,0,0,0,1,1,6.000833333,-0.000288608
706,55,REU04,BP-BT-FP,REU04_BP-BT-FP,1,0,1,0,0,0,1,1,8.001111111,0.038424732
707,55,REU04,BP-BT-FP,REU04_BP-BT-FP,1,0,1,0,0,0,1,1,10.00166667,-0.000688861
708,55,REU04,BP-BT-FP,REU04_BP-BT-FP,1,0,1,0,0,0,1,1,12.00222222,0.000245062
709,55,REU04,BP-BT-FP,REU04_BP-BT-FP,1,0,1,0,0,0,1,1,14.00277778,0.001401348
710,55,REU04,BP-BT-FP,REU04_BP-BT-FP,1,0,1,0,0,0,1,1,16.00277778,0.002157381
711,55,REU04,BP-BT-FP,REU04_BP-BT-FP,1,0,1,0,0,0,1,1,18.00388889,0.017922894
712,55,REU04,BP-BT-FP,REU04_BP-BT-FP,1,0,1,0,0,0,1,1,20.00361111,0.035067055
713,55,REU04,BP-BT-FP,REU04_BP-BT-FP,1,0,1,0,0,0,1,1,22.00444444,0.065464032
714,55,REU04,BP-BT-FP,REU04_BP-BT-FP,1,0,1,0,0,0,1,1,24.00444444,0.140533667
715,56,REU04,BP-ER-FP,REU04_BP-ER-FP,1,0,1,0,0,0,1,1,0,0.006066667
716,56,REU04,BP-ER-FP,REU04_BP-ER-FP,1,0,1,0,0,0,1,1,2.000277778,0.006127481
717,56,REU04,BP-ER-FP,REU04_BP-ER-FP,1,0,1,0,0,0,1,1,4.000277778,0.005763765
718,56,REU04,BP-ER-FP,REU04_BP-ER-FP,1,0,1,0,0,0,1,1,6.000833333,0.005714646
719,56,REU04,BP-ER-FP,REU04_BP-ER-FP,1,0,1,0,0,0,1,1,8.001111111,0.008168264
720,56,REU04,BP-ER-FP,REU04_BP-ER-FP,1,0,1,0,0,0,1,1,10.00166667,0.00558834
721,56,REU04,BP-ER-FP,REU04_BP-ER-FP,1,0,1,0,0,0,1,1,12.00222222,0.00558834
722,56,REU04,BP-ER-FP,REU04_BP-ER-FP,1,0,1,0,0,0,1,1,14.00277778,0.005642137
723,56,REU04,BP-ER-FP,REU04_BP-ER-FP,1,0,1,0,0,0,1,1,16.00277778,0.005601204
724,56,REU04,BP-ER-FP,REU04_BP-ER-FP,1,0,1,0,0,0,1,1,18.00388889,0.006746148
725,56,REU04,BP-ER-FP,REU04_BP-ER-FP,1,0,1,0,0,0,1,1,20.00361111,0.00758819
726,56,REU04,BP-ER-FP,REU04_BP-ER-FP,1,0,1,0,0,0,1,1,22.00444444,0.008443097
727,56,REU04,BP-ER-FP,REU04_BP-ER-FP,1,0,1,0,0,0,1,1,24.00444444,0.009433667
728,57,REU04,BH-BP-ER,REU04_BH-BP-ER,2,0,1,0,0,0,1,1,0,-0.000733333
729,57,REU04,BH-BP-ER,REU04_BH-BP-ER,2,0,1,0,0,0,1,1,2.000277778,0.002082796
730,57,REU04,BH-BP-ER,REU04_BH-BP-ER,2,0,1,0,0,0,1,1,4.000277778,0.003339222
731,57,REU04,BH-BP-ER,REU04_BH-BP-ER,2,0,1,0,0,0,1,1,6.000833333,0.004184061
732,57,REU04,BH-BP-ER,REU04_BH-BP-ER,2,0,1,0,0,0,1,1,8.001111111,0.003003453
733,57,REU04,BH-BP-ER,REU04_BH-BP-ER,2,0,1,0,0,0,1,1,10.00166667,0.004638974
734,57,REU04,BH-BP-ER,REU04_BH-BP-ER,2,0,1,0,0,0,1,1,12.00222222,0.004379024
735,57,REU04,BH-BP-ER,REU04_BH-BP-ER,2,0,1,0,0,0,1,1,14.00277778,0.004270711
736,57,REU04,BH-BP-ER,REU04_BH-BP-ER,2,0,1,0,0,0,1,1,16.00277778,0.003285066
737,57,REU04,BH-BP-ER,REU04_BH-BP-ER,2,0,1,0,0,0,1,1,18.00388889,0.003014285
738,57,REU04,BH-BP-ER,REU04_BH-BP-ER,2,0,1,0,0,0,1,1,20.00361111,0.000707225
739,57,REU04,BH-BP-ER,REU04_BH-BP-ER,2,0,1,0,0,0,1,1,22.00444444,-0.00207641
740,57,REU04,BH-BP-ER,REU04_BH-BP-ER,2,0,1,0,0,0,1,1,24.00444444,-0.009463333
741,58,REU04,BH-BP-FP,REU04_BH-BP-FP,2,0,1,0,0,0,1,1,0,0.000266667
742,58,REU04,BH-BP-FP,REU04_BH-BP-FP,2,0,1,0,0,0,1,1,2.000277778,0.001
743,58,REU04,BH-BP-FP,REU04_BH-BP-FP,2,0,1,0,0,0,1,1,4.000277778,-0.002766667
744,58,REU04,BH-BP-FP,REU04_BH-BP-FP,2,0,1,0,0,0,1,1,6.000833333,-0.002366667
745,58,REU04,BH-BP-FP,REU04_BH-BP-FP,2,0,1,0,0,0,1,1,8.001111111,0.005666667
746,58,REU04,BH-BP-FP,REU04_BH-BP-FP,2,0,1,0,0,0,1,1,10.00166667,-0.003766667
747,58,REU04,BH-BP-FP,REU04_BH-BP-FP,2,0,1,0,0,0,1,1,12.00222222,-0.003066667
748,58,REU04,BH-BP-FP,REU04_BH-BP-FP,2,0,1,0,0,0,1,1,14.00277778,-0.002733333
749,58,REU04,BH-BP-FP,REU04_BH-BP-FP,2,0,1,0,0,0,1,1,16.00277778,-0.003
750,58,REU04,BH-BP-FP,REU04_BH-BP-FP,2,0,1,0,0,0,1,1,18.00388889,0.000233333
751,58,REU04,BH-BP-FP,REU04_BH-BP-FP,2,0,1,0,0,0,1,1,20.00361111,0.002133333
752,58,REU04,BH-BP-FP,REU04_BH-BP-FP,2,0,1,0,0,0,1,1,22.00444444,0.0039
753,58,REU04,BH-BP-FP,REU04_BH-BP-FP,2,0,1,0,0,0,1,1,24.00444444,0.008033333
754,59,REU04,BH-BT-ER,REU04_BH-BT-ER,2,0,1,0,0,0,1,1,0,-0.001133333
755,59,REU04,BH-BT-ER,REU04_BH-BT-ER,2,0,1,0,0,0,1,1,2.000277778,-0.001300886
756,59,REU04,BH-BT-ER,REU04_BH-BT-ER,2,0,1,0,0,0,1,1,4.000277778,-0.00659554
757,59,REU04,BH-BT-ER,REU04_BH-BT-ER,2,0,1,0,0,0,1,1,6.000833333,-0.006696072
758,59,REU04,BH-BT-ER,REU04_BH-BT-ER,2,0,1,0,0,0,1,1,8.001111111,0.002988455
759,59,REU04,BH-BT-ER,REU04_BH-BT-ER,2,0,1,0,0,0,1,1,10.00166667,-0.006897135
760,59,REU04,BH-BT-ER,REU04_BH-BT-ER,2,0,1,0,0,0,1,1,12.00222222,-0.001568969
761,59,REU04,BH-BT-ER,REU04_BH-BT-ER,2,0,1,0,0,0,1,1,14.00277778,0.000274107
762,59,REU04,BH-BT-ER,REU04_BH-BT-ER,2,0,1,0,0,0,1,1,16.00277778,0.017096364
763,59,REU04,BH-BT-ER,REU04_BH-BT-ER,2,0,1,0,0,0,1,1,18.00388889,0.069205149
764,59,REU04,BH-BT-ER,REU04_BH-BT-ER,2,0,1,0,0,0,1,1,20.00361111,0.183710435
765,59,REU04,BH-BT-ER,REU04_BH-BT-ER,2,0,1,0,0,0,1,1,22.00444444,0.303811969
766,59,REU04,BH-BT-ER,REU04_BH-BT-ER,2,0,1,0,0,0,1,1,24.00444444,0.434033667
767,60,REU04,BH-BT-FP,REU04_BH-BT-FP,2,0,1,0,0,0,1,1,0,0.000366667
768,60,REU04,BH-BT-FP,REU04_BH-BT-FP,2,0,1,0,0,0,1,1,2.000277778,0.003741936
769,60,REU04,BH-BT-FP,REU04_BH-BT-FP,2,0,1,0,0,0,1,1,4.000277778,-2.51E-05
770,60,REU04,BH-BT-FP,REU04_BH-BT-FP,2,0,1,0,0,0,1,1,6.000833333,0.000788575
771,60,REU04,BH-BT-FP,REU04_BH-BT-FP,2,0,1,0,0,0,1,1,8.001111111,0.019985418
772,60,REU04,BH-BT-FP,REU04_BH-BT-FP,2,0,1,0,0,0,1,1,10.00166667,0.001421438
773,60,REU04,BH-BT-FP,REU04_BH-BT-FP,2,0,1,0,0,0,1,1,12.00222222,0.003772072
774,60,REU04,BH-BT-FP,REU04_BH-BT-FP,2,0,1,0,0,0,1,1,14.00277778,0.009859611
775,60,REU04,BH-BT-FP,REU04_BH-BT-FP,2,0,1,0,0,0,1,1,16.00277778,0.024355186
776,60,REU04,BH-BT-FP,REU04_BH-BT-FP,2,0,1,0,0,0,1,1,18.00388889,0.071126773
777,60,REU04,BH-BT-FP,REU04_BH-BT-FP,2,0,1,0,0,0,1,1,20.00361111,0.182510654
778,60,REU04,BH-BT-FP,REU04_BH-BT-FP,2,0,1,0,0,0,1,1,22.00444444,0.317189919
779,60,REU04,BH-BT-FP,REU04_BH-BT-FP,2,0,1,0,0,0,1,1,24.00444444,0.510333667
780,61,REU04,BH-ER-FP,REU04_BH-ER-FP,2,0,1,0,0,0,1,1,0,-0.001133333
781,61,REU04,BH-ER-FP,REU04_BH-ER-FP,2,0,1,0,0,0,1,1,2.000277778,-0.0005
782,61,REU04,BH-ER-FP,REU04_BH-ER-FP,2,0,1,0,0,0,1,1,4.000277778,-0.008666667
783,61,REU04,BH-ER-FP,REU04_BH-ER-FP,2,0,1,0,0,0,1,1,6.000833333,-0.009666667
784,61,REU04,BH-ER-FP,REU04_BH-ER-FP,2,0,1,0,0,0,1,1,8.001111111,0.020866667
785,61,REU04,BH-ER-FP,REU04_BH-ER-FP,2,0,1,0,0,0,1,1,10.00166667,-0.012266667
786,61,REU04,BH-ER-FP,REU04_BH-ER-FP,2,0,1,0,0,0,1,1,12.00222222,-0.011866667
787,61,REU04,BH-ER-FP,REU04_BH-ER-FP,2,0,1,0,0,0,1,1,14.00277778,-0.012333333
788,61,REU04,BH-ER-FP,REU04_BH-ER-FP,2,0,1,0,0,0,1,1,16.00277778,-0.013
789,61,REU04,BH-ER-FP,REU04_BH-ER-FP,2,0,1,0,0,0,1,1,18.00388889,-0.009166667
790,61,REU04,BH-ER-FP,REU04_BH-ER-FP,2,0,1,0,0,0,1,1,20.00361111,-0.004066667
791,61,REU04,BH-ER-FP,REU04_BH-ER-FP,2,0,1,0,0,0,1,1,22.00444444,0.0042
792,61,REU04,BH-ER-FP,REU04_BH-ER-FP,2,0,1,0,0,0,1,1,24.00444444,0.008333333
793,62,REU04,BP-BT-ER,REU04_BP-BT-ER,2,0,1,0,0,0,1,1,0,0.002066667
794,62,REU04,BP-BT-ER,REU04_BP-BT-ER,2,0,1,0,0,0,1,1,2.000277778,0.004572413
795,62,REU04,BP-BT-ER,REU04_BP-BT-ER,2,0,1,0,0,0,1,1,4.000277778,-0.000534841
796,62,REU04,BP-BT-ER,REU04_BP-BT-ER,2,0,1,0,0,0,1,1,6.000833333,-0.000870004
797,62,REU04,BP-BT-ER,REU04_BP-BT-ER,2,0,1,0,0,0,1,1,8.001111111,0.021841313
798,62,REU04,BP-BT-ER,REU04_BP-BT-ER,2,0,1,0,0,0,1,1,10.00166667,-0.000917885
799,62,REU04,BP-BT-ER,REU04_BP-BT-ER,2,0,1,0,0,0,1,1,12.00222222,0.001188857
800,62,REU04,BP-BT-ER,REU04_BP-BT-ER,2,0,1,0,0,0,1,1,14.00277778,0.009296622
801,62,REU04,BP-BT-ER,REU04_BP-BT-ER,2,0,1,0,0,0,1,1,16.00277778,0.032869789
802,62,REU04,BP-BT-ER,REU04_BP-BT-ER,2,0,1,0,0,0,1,1,18.00388889,0.091204198
803,62,REU04,BP-BT-ER,REU04_BP-BT-ER,2,0,1,0,0,0,1,1,20.00361111,0.191178683
804,62,REU04,BP-BT-ER,REU04_BP-BT-ER,2,0,1,0,0,0,1,1,22.00444444,0.32206801
805,62,REU04,BP-BT-ER,REU04_BP-BT-ER,2,0,1,0,0,0,1,1,24.00444444,0.457633667
806,63,REU04,BP-BT-FP,REU04_BP-BT-FP,2,0,1,0,0,0,1,1,0,0.003866667
807,63,REU04,BP-BT-FP,REU04_BP-BT-FP,2,0,1,0,0,0,1,1,2.000277778,0.009264201
808,63,REU04,BP-BT-FP,REU04_BP-BT-FP,2,0,1,0,0,0,1,1,4.000277778,0.00296005
809,63,REU04,BP-BT-FP,REU04_BP-BT-FP,2,0,1,0,0,0,1,1,6.000833333,0.003402816
810,63,REU04,BP-BT-FP,REU04_BP-BT-FP,2,0,1,0,0,0,1,1,8.001111111,0.047004769
811,63,REU04,BP-BT-FP,REU04_BP-BT-FP,2,0,1,0,0,0,1,1,10.00166667,0.003023302
812,63,REU04,BP-BT-FP,REU04_BP-BT-FP,2,0,1,0,0,0,1,1,12.00222222,0.004161844
813,63,REU04,BP-BT-FP,REU04_BP-BT-FP,2,0,1,0,0,0,1,1,14.00277778,0.006270256
814,63,REU04,BP-BT-FP,REU04_BP-BT-FP,2,0,1,0,0,0,1,1,16.00277778,0.007935901
815,63,REU04,BP-BT-FP,REU04_BP-BT-FP,2,0,1,0,0,0,1,1,18.00388889,0.02800798
816,63,REU04,BP-BT-FP,REU04_BP-BT-FP,2,0,1,0,0,0,1,1,20.00361111,0.054320958
817,63,REU04,BP-BT-FP,REU04_BP-BT-FP,2,0,1,0,0,0,1,1,22.00444444,0.114579363
818,63,REU04,BP-BT-FP,REU04_BP-BT-FP,2,0,1,0,0,0,1,1,24.00444444,0.221433667
819,64,REU04,BP-ER-FP,REU04_BP-ER-FP,2,0,1,0,0,0,1,1,0,0.002666667
820,64,REU04,BP-ER-FP,REU04_BP-ER-FP,2,0,1,0,0,0,1,1,2.000277778,0.002649916
821,64,REU04,BP-ER-FP,REU04_BP-ER-FP,2,0,1,0,0,0,1,1,4.000277778,0.003105529
822,64,REU04,BP-ER-FP,REU04_BP-ER-FP,2,0,1,0,0,0,1,1,6.000833333,0.003170856
823,64,REU04,BP-ER-FP,REU04_BP-ER-FP,2,0,1,0,0,0,1,1,8.001111111,-0.000534351
824,64,REU04,BP-ER-FP,REU04_BP-ER-FP,2,0,1,0,0,0,1,1,10.00166667,0.003356787
825,64,REU04,BP-ER-FP,REU04_BP-ER-FP,2,0,1,0,0,0,1,1,12.00222222,0.003321611
826,64,REU04,BP-ER-FP,REU04_BP-ER-FP,2,0,1,0,0,0,1,1,14.00277778,0.003269684
827,64,REU04,BP-ER-FP,REU04_BP-ER-FP,2,0,1,0,0,0,1,1,16.00277778,0.003388613
828,64,REU04,BP-ER-FP,REU04_BP-ER-FP,2,0,1,0,0,0,1,1,18.00388889,0.001834168
829,64,REU04,BP-ER-FP,REU04_BP-ER-FP,2,0,1,0,0,0,1,1,20.00361111,0.00051758
830,64,REU04,BP-ER-FP,REU04_BP-ER-FP,2,0,1,0,0,0,1,1,22.00444444,-0.000711906
831,64,REU04,BP-ER-FP,REU04_BP-ER-FP,2,0,1,0,0,0,1,1,24.00444444,-0.001663333
832,65,REU04,BH-BP-ER,REU04_BH-BP-ER,3,0,1,0,0,0,1,1,0,0.000666667
833,65,REU04,BH-BP-ER,REU04_BH-BP-ER,3,0,1,0,0,0,1,1,2.000277778,-0.00117635
834,65,REU04,BH-BP-ER,REU04_BH-BP-ER,3,0,1,0,0,0,1,1,4.000277778,-0.00192617
835,65,REU04,BH-BP-ER,REU04_BH-BP-ER,3,0,1,0,0,0,1,1,6.000833333,-0.002409699
836,65,REU04,BH-BP-ER,REU04_BH-BP-ER,3,0,1,0,0,0,1,1,8.001111111,-0.001961209
837,65,REU04,BH-BP-ER,REU04_BH-BP-ER,3,0,1,0,0,0,1,1,10.00166667,-0.003019367
838,65,REU04,BH-BP-ER,REU04_BH-BP-ER,3,0,1,0,0,0,1,1,12.00222222,-0.002851183
839,65,REU04,BH-BP-ER,REU04_BH-BP-ER,3,0,1,0,0,0,1,1,14.00277778,-0.002612922
840,65,REU04,BH-BP-ER,REU04_BH-BP-ER,3,0,1,0,0,0,1,1,16.00277778,-0.001680902
841,65,REU04,BH-BP-ER,REU04_BH-BP-ER,3,0,1,0,0,0,1,1,18.00388889,-0.000769905
842,65,REU04,BH-BP-ER,REU04_BH-BP-ER,3,0,1,0,0,0,1,1,20.00361111,0.001080119
843,65,REU04,BH-BP-ER,REU04_BH-BP-ER,3,0,1,0,0,0,1,1,22.00444444,0.00582431
844,65,REU04,BH-BP-ER,REU04_BH-BP-ER,3,0,1,0,0,0,1,1,24.00444444,0.011633667
845,66,REU04,BH-BP-FP,REU04_BH-BP-FP,3,0,1,0,0,0,1,1,0,0.001366667
846,66,REU04,BH-BP-FP,REU04_BH-BP-FP,3,0,1,0,0,0,1,1,2.000277778,0.0002
847,66,REU04,BH-BP-FP,REU04_BH-BP-FP,3,0,1,0,0,0,1,1,4.000277778,-0.003166667
848,66,REU04,BH-BP-FP,REU04_BH-BP-FP,3,0,1,0,0,0,1,1,6.000833333,-0.002566667
849,66,REU04,BH-BP-FP,REU04_BH-BP-FP,3,0,1,0,0,0,1,1,8.001111111,0.003766667
850,66,REU04,BH-BP-FP,REU04_BH-BP-FP,3,0,1,0,0,0,1,1,10.00166667,-0.004066667
851,66,REU04,BH-BP-FP,REU04_BH-BP-FP,3,0,1,0,0,0,1,1,12.00222222,-0.003566667
852,66,REU04,BH-BP-FP,REU04_BH-BP-FP,3,0,1,0,0,0,1,1,14.00277778,-0.002733333
853,66,REU04,BH-BP-FP,REU04_BH-BP-FP,3,0,1,0,0,0,1,1,16.00277778,-0.0023
854,66,REU04,BH-BP-FP,REU04_BH-BP-FP,3,0,1,0,0,0,1,1,18.00388889,-0.000566667
855,66,REU04,BH-BP-FP,REU04_BH-BP-FP,3,0,1,0,0,0,1,1,20.00361111,0.001633333
856,66,REU04,BH-BP-FP,REU04_BH-BP-FP,3,0,1,0,0,0,1,1,22.00444444,0.0028
857,66,REU04,BH-BP-FP,REU04_BH-BP-FP,3,0,1,0,0,0,1,1,24.00444444,0.005133333
858,67,REU04,BH-BT-ER,REU04_BH-BT-ER,3,0,1,0,0,0,1,1,0,-0.000433333
859,67,REU04,BH-BT-ER,REU04_BH-BT-ER,3,0,1,0,0,0,1,1,2.000277778,-0.002398726
860,67,REU04,BH-BT-ER,REU04_BH-BT-ER,3,0,1,0,0,0,1,1,4.000277778,-0.006462759
861,67,REU04,BH-BT-ER,REU04_BH-BT-ER,3,0,1,0,0,0,1,1,6.000833333,-0.007162305
862,67,REU04,BH-BT-ER,REU04_BH-BT-ER,3,0,1,0,0,0,1,1,8.001111111,-0.002432038
863,67,REU04,BH-BT-ER,REU04_BH-BT-ER,3,0,1,0,0,0,1,1,10.00166667,-0.010060427
864,67,REU04,BH-BT-ER,REU04_BH-BT-ER,3,0,1,0,0,0,1,1,12.00222222,-0.008161658
865,67,REU04,BH-BT-ER,REU04_BH-BT-ER,3,0,1,0,0,0,1,1,14.00277778,-0.003831131
866,67,REU04,BH-BT-ER,REU04_BH-BT-ER,3,0,1,0,0,0,1,1,16.00277778,0.000699266
867,67,REU04,BH-BT-ER,REU04_BH-BT-ER,3,0,1,0,0,0,1,1,18.00388889,0.025916255
868,67,REU04,BH-BT-ER,REU04_BH-BT-ER,3,0,1,0,0,0,1,1,20.00361111,0.076483481
869,67,REU04,BH-BT-ER,REU04_BH-BT-ER,3,0,1,0,0,0,1,1,22.00444444,0.200769595
870,67,REU04,BH-BT-ER,REU04_BH-BT-ER,3,0,1,0,0,0,1,1,24.00444444,0.307633667
871,68,REU04,BH-BT-FP,REU04_BH-BT-FP,3,0,1,0,0,0,1,1,0,-0.000133333
872,68,REU04,BH-BT-FP,REU04_BH-BT-FP,3,0,1,0,0,0,1,1,2.000277778,0.002362365
873,68,REU04,BH-BT-FP,REU04_BH-BT-FP,3,0,1,0,0,0,1,1,4.000277778,-0.000560229
874,68,REU04,BH-BT-FP,REU04_BH-BT-FP,3,0,1,0,0,0,1,1,6.000833333,0.000523429
875,68,REU04,BH-BT-FP,REU04_BH-BT-FP,3,0,1,0,0,0,1,1,8.001111111,0.007944849
876,68,REU04,BH-BT-FP,REU04_BH-BT-FP,3,0,1,0,0,0,1,1,10.00166667,-0.0003632
877,68,REU04,BH-BT-FP,REU04_BH-BT-FP,3,0,1,0,0,0,1,1,12.00222222,0.002493718
878,68,REU04,BH-BT-FP,REU04_BH-BT-FP,3,0,1,0,0,0,1,1,14.00277778,0.006073075
879,68,REU04,BH-BT-FP,REU04_BH-BT-FP,3,0,1,0,0,0,1,1,16.00277778,0.014184096
880,68,REU04,BH-BT-FP,REU04_BH-BT-FP,3,0,1,0,0,0,1,1,18.00388889,0.03795891
881,68,REU04,BH-BT-FP,REU04_BH-BT-FP,3,0,1,0,0,0,1,1,20.00361111,0.102288828
882,68,REU04,BH-BT-FP,REU04_BH-BT-FP,3,0,1,0,0,0,1,1,22.00444444,0.237910349
883,68,REU04,BH-BT-FP,REU04_BH-BT-FP,3,0,1,0,0,0,1,1,24.00444444,0.377833667
884,69,REU04,BH-ER-FP,REU04_BH-ER-FP,3,0,1,0,0,0,1,1,0,-0.000333333
885,69,REU04,BH-ER-FP,REU04_BH-ER-FP,3,0,1,0,0,0,1,1,2.000277778,-0.0011
886,69,REU04,BH-ER-FP,REU04_BH-ER-FP,3,0,1,0,0,0,1,1,4.000277778,-0.006266667
887,69,REU04,BH-ER-FP,REU04_BH-ER-FP,3,0,1,0,0,0,1,1,6.000833333,-0.007766667
888,69,REU04,BH-ER-FP,REU04_BH-ER-FP,3,0,1,0,0,0,1,1,8.001111111,0.003866667
889,69,REU04,BH-ER-FP,REU04_BH-ER-FP,3,0,1,0,0,0,1,1,10.00166667,-0.009666667
890,69,REU04,BH-ER-FP,REU04_BH-ER-FP,3,0,1,0,0,0,1,1,12.00222222,-0.009066667
891,69,REU04,BH-ER-FP,REU04_BH-ER-FP,3,0,1,0,0,0,1,1,14.00277778,-0.011633333
892,69,REU04,BH-ER-FP,REU04_BH-ER-FP,3,0,1,0,0,0,1,1,16.00277778,-0.0123
893,69,REU04,BH-ER-FP,REU04_BH-ER-FP,3,0,1,0,0,0,1,1,18.00388889,-0.009266667
894,69,REU04,BH-ER-FP,REU04_BH-ER-FP,3,0,1,0,0,0,1,1,20.00361111,-0.008166667
895,69,REU04,BH-ER-FP,REU04_BH-ER-FP,3,0,1,0,0,0,1,1,22.00444444,-0.0044
896,69,REU04,BH-ER-FP,REU04_BH-ER-FP,3,0,1,0,0,0,1,1,24.00444444,-0.002866667
897,70,REU04,BP-BT-ER,REU04_BP-BT-ER,3,0,1,0,0,0,1,1,0,-0.000233333
898,70,REU04,BP-BT-ER,REU04_BP-BT-ER,3,0,1,0,0,0,1,1,2.000277778,0.001332395
899,70,REU04,BP-BT-ER,REU04_BP-BT-ER,3,0,1,0,0,0,1,1,4.000277778,-0.003560506
900,70,REU04,BP-BT-ER,REU04_BP-BT-ER,3,0,1,0,0,0,1,1,6.000833333,-0.004367835
901,70,REU04,BP-BT-ER,REU04_BP-BT-ER,3,0,1,0,0,0,1,1,8.001111111,0.005564755
902,70,REU04,BP-BT-ER,REU04_BP-BT-ER,3,0,1,0,0,0,1,1,10.00166667,-0.005835706
903,70,REU04,BP-BT-ER,REU04_BP-BT-ER,3,0,1,0,0,0,1,1,12.00222222,-0.004588016
904,70,REU04,BP-BT-ER,REU04_BP-BT-ER,3,0,1,0,0,0,1,1,14.00277778,-8.65E-05
905,70,REU04,BP-BT-ER,REU04_BP-BT-ER,3,0,1,0,0,0,1,1,16.00277778,0.012781785
906,70,REU04,BP-BT-ER,REU04_BP-BT-ER,3,0,1,0,0,0,1,1,18.00388889,0.055374493
907,70,REU04,BP-BT-ER,REU04_BP-BT-ER,3,0,1,0,0,0,1,1,20.00361111,0.127887294
908,70,REU04,BP-BT-ER,REU04_BP-BT-ER,3,0,1,0,0,0,1,1,22.00444444,0.290062516
909,70,REU04,BP-BT-ER,REU04_BP-BT-ER,3,0,1,0,0,0,1,1,24.00444444,0.436433667
910,71,REU04,BP-BT-FP,REU04_BP-BT-FP,3,0,1,0,0,0,1,1,0,0.003066667
911,71,REU04,BP-BT-FP,REU04_BP-BT-FP,3,0,1,0,0,0,1,1,2.000277778,0.005176267
912,71,REU04,BP-BT-FP,REU04_BP-BT-FP,3,0,1,0,0,0,1,1,4.000277778,0.000290877
913,71,REU04,BP-BT-FP,REU04_BP-BT-FP,3,0,1,0,0,0,1,1,6.000833333,0.000873793
914,71,REU04,BP-BT-FP,REU04_BP-BT-FP,3,0,1,0,0,0,1,1,8.001111111,0.025883656
915,71,REU04,BP-BT-FP,REU04_BP-BT-FP,3,0,1,0,0,0,1,1,10.00166667,-0.000292039
916,71,REU04,BP-BT-FP,REU04_BP-BT-FP,3,0,1,0,0,0,1,1,12.00222222,0.002206172
917,71,REU04,BP-BT-FP,REU04_BP-BT-FP,3,0,1,0,0,0,1,1,14.00277778,0.00381613
918,71,REU04,BP-BT-FP,REU04_BP-BT-FP,3,0,1,0,0,0,1,1,16.00277778,0.008174119
919,71,REU04,BP-BT-FP,REU04_BP-BT-FP,3,0,1,0,0,0,1,1,18.00388889,0.019360551
920,71,REU04,BP-BT-FP,REU04_BP-BT-FP,3,0,1,0,0,0,1,1,20.00361111,0.038596772
921,71,REU04,BP-BT-FP,REU04_BP-BT-FP,3,0,1,0,0,0,1,1,22.00444444,0.112516046
922,71,REU04,BP-BT-FP,REU04_BP-BT-FP,3,0,1,0,0,0,1,1,24.00444444,0.243033667
923,72,REU04,BP-ER-FP,REU04_BP-ER-FP,3,0,1,0,0,0,1,1,0,0.001166667
924,72,REU04,BP-ER-FP,REU04_BP-ER-FP,3,0,1,0,0,0,1,1,2.000277778,0.001446185
925,72,REU04,BP-ER-FP,REU04_BP-ER-FP,3,0,1,0,0,0,1,1,4.000277778,0.00214498
926,72,REU04,BP-ER-FP,REU04_BP-ER-FP,3,0,1,0,0,0,1,1,6.000833333,0.002291727
927,72,REU04,BP-ER-FP,REU04_BP-ER-FP,3,0,1,0,0,0,1,1,8.001111111,0.001156185
928,72,REU04,BP-ER-FP,REU04_BP-ER-FP,3,0,1,0,0,0,1,1,10.00166667,0.002731968
929,72,REU04,BP-ER-FP,REU04_BP-ER-FP,3,0,1,0,0,0,1,1,12.00222222,0.00274245
930,72,REU04,BP-ER-FP,REU04_BP-ER-FP,3,0,1,0,0,0,1,1,14.00277778,0.002634137
931,72,REU04,BP-ER-FP,REU04_BP-ER-FP,3,0,1,0,0,0,1,1,16.00277778,0.002819317
932,72,REU04,BP-ER-FP,REU04_BP-ER-FP,3,0,1,0,0,0,1,1,18.00388889,0.001987751
933,72,REU04,BP-ER-FP,REU04_BP-ER-FP,3,0,1,0,0,0,1,1,20.00361111,0.002218353
934,72,REU04,BP-ER-FP,REU04_BP-ER-FP,3,0,1,0,0,0,1,1,22.00444444,0.001026908
935,72,REU04,BP-ER-FP,REU04_BP-ER-FP,3,0,1,0,0,0,1,1,24.00444444,-0.000863333
936,73,REU04,BT-ER-FP,REU04_BT-ER-FP,1,0,1,0,0,0,1,1,0,0.001566667
937,73,REU04,BT-ER-FP,REU04_BT-ER-FP,1,0,1,0,0,0,1,1,2.000277778,0.003702992
938,73,REU04,BT-ER-FP,REU04_BT-ER-FP,1,0,1,0,0,0,1,1,4.000277778,-0.001895654
939,73,REU04,BT-ER-FP,REU04_BT-ER-FP,1,0,1,0,0,0,1,1,6.000833333,-0.003884646
940,73,REU04,BT-ER-FP,REU04_BT-ER-FP,1,0,1,0,0,0,1,1,8.001111111,-0.010256789
941,73,REU04,BT-ER-FP,REU04_BT-ER-FP,1,0,1,0,0,0,1,1,10.00166667,-0.006094638
942,73,REU04,BT-ER-FP,REU04_BT-ER-FP,1,0,1,0,0,0,1,1,12.00222222,-0.003332148
943,73,REU04,BT-ER-FP,REU04_BT-ER-FP,1,0,1,0,0,0,1,1,14.00277778,0.001566667
944,73,REU04,BT-ER-FP,REU04_BT-ER-FP,1,0,1,0,0,0,1,1,16.00277778,0.011437963
945,73,REU04,BT-ER-FP,REU04_BT-ER-FP,1,0,1,0,0,0,1,1,18.00388889,0.027718235
946,73,REU04,BT-ER-FP,REU04_BT-ER-FP,1,0,1,0,0,0,1,1,20.00361111,0.066724588
947,73,REU04,BT-ER-FP,REU04_BT-ER-FP,1,0,1,0,0,0,1,1,22.00444444,0.177408339
948,73,REU04,BT-ER-FP,REU04_BT-ER-FP,1,0,1,0,0,0,1,1,24.00444444,0.312033667
949,74,REU04,BH-BP-BT-ER,REU04_BH-BP-BT-ER,1,0,1,0,0,0,1,1,0,-3.33E-05
950,74,REU04,BH-BP-BT-ER,REU04_BH-BP-BT-ER,1,0,1,0,0,0,1,1,2.000277778,-0.001961205
951,74,REU04,BH-BP-BT-ER,REU04_BH-BP-BT-ER,1,0,1,0,0,0,1,1,4.000277778,-0.002580376
952,74,REU04,BH-BP-BT-ER,REU04_BH-BP-BT-ER,1,0,1,0,0,0,1,1,6.000833333,-0.004226807
953,74,REU04,BH-BP-BT-ER,REU04_BH-BP-BT-ER,1,0,1,0,0,0,1,1,8.001111111,-0.003452844
954,74,REU04,BH-BP-BT-ER,REU04_BH-BP-BT-ER,1,0,1,0,0,0,1,1,10.00166667,-0.004437888
955,74,REU04,BH-BP-BT-ER,REU04_BH-BP-BT-ER,1,0,1,0,0,0,1,1,12.00222222,-0.003509132
956,74,REU04,BH-BP-BT-ER,REU04_BH-BP-BT-ER,1,0,1,0,0,0,1,1,14.00277778,0.001993043
957,74,REU04,BH-BP-BT-ER,REU04_BH-BP-BT-ER,1,0,1,0,0,0,1,1,16.00277778,0.015220778
958,74,REU04,BH-BP-BT-ER,REU04_BH-BP-BT-ER,1,0,1,0,0,0,1,1,18.00388889,0.041577743
959,74,REU04,BH-BP-BT-ER,REU04_BH-BP-BT-ER,1,0,1,0,0,0,1,1,20.00361111,0.103719953
960,74,REU04,BH-BP-BT-ER,REU04_BH-BP-BT-ER,1,0,1,0,0,0,1,1,22.00444444,0.181256995
961,74,REU04,BH-BP-BT-ER,REU04_BH-BP-BT-ER,1,0,1,0,0,0,1,1,24.00444444,0.287233667
962,75,REU04,BH-BP-BT-FP,REU04_BH-BP-BT-FP,1,0,1,0,0,0,1,1,0,-0.001133333
963,75,REU04,BH-BP-BT-FP,REU04_BH-BP-BT-FP,1,0,1,0,0,0,1,1,2.000277778,-0.001680341
964,75,REU04,BH-BP-BT-FP,REU04_BH-BP-BT-FP,1,0,1,0,0,0,1,1,4.000277778,0.002449566
965,75,REU04,BH-BP-BT-FP,REU04_BH-BP-BT-FP,1,0,1,0,0,0,1,1,6.000833333,-0.001242735
966,75,REU04,BH-BP-BT-FP,REU04_BH-BP-BT-FP,1,0,1,0,0,0,1,1,8.001111111,-0.00162564
967,75,REU04,BH-BP-BT-FP,REU04_BH-BP-BT-FP,1,0,1,0,0,0,1,1,10.00166667,0.002695719
968,75,REU04,BH-BP-BT-FP,REU04_BH-BP-BT-FP,1,0,1,0,0,0,1,1,12.00222222,0.00277777
969,75,REU04,BH-BP-BT-FP,REU04_BH-BP-BT-FP,1,0,1,0,0,0,1,1,14.00277778,0.007728188
970,75,REU04,BH-BP-BT-FP,REU04_BH-BP-BT-FP,1,0,1,0,0,0,1,1,16.00277778,0.013335015
971,75,REU04,BH-BP-BT-FP,REU04_BH-BP-BT-FP,1,0,1,0,0,0,1,1,18.00388889,0.02616234
972,75,REU04,BH-BP-BT-FP,REU04_BH-BP-BT-FP,1,0,1,0,0,0,1,1,20.00361111,0.066121238
973,75,REU04,BH-BP-BT-FP,REU04_BH-BP-BT-FP,1,0,1,0,0,0,1,1,22.00444444,0.156678328
974,75,REU04,BH-BP-BT-FP,REU04_BH-BP-BT-FP,1,0,1,0,0,0,1,1,24.00444444,0.269033667
975,76,REU04,BH-BP-ER-FP,REU04_BH-BP-ER-FP,1,0,1,0,0,0,1,1,0,0.003966667
976,76,REU04,BH-BP-ER-FP,REU04_BH-BP-ER-FP,1,0,1,0,0,0,1,1,2.000277778,0.002692223
977,76,REU04,BH-BP-ER-FP,REU04_BH-BP-ER-FP,1,0,1,0,0,0,1,1,4.000277778,0.000773397
978,76,REU04,BH-BP-ER-FP,REU04_BH-BP-ER-FP,1,0,1,0,0,0,1,1,6.000833333,-8.58E-05
979,76,REU04,BH-BP-ER-FP,REU04_BH-BP-ER-FP,1,0,1,0,0,0,1,1,8.001111111,0.000787717
980,76,REU04,BH-BP-ER-FP,REU04_BH-BP-ER-FP,1,0,1,0,0,0,1,1,10.00166667,-0.001890047
981,76,REU04,BH-BP-ER-FP,REU04_BH-BP-ER-FP,1,0,1,0,0,0,1,1,12.00222222,-0.000773119
982,76,REU04,BH-BP-ER-FP,REU04_BH-BP-ER-FP,1,0,1,0,0,0,1,1,14.00277778,0.000100376
983,76,REU04,BH-BP-ER-FP,REU04_BH-BP-ER-FP,1,0,1,0,0,0,1,1,16.00277778,0.006730348
984,76,REU04,BH-BP-ER-FP,REU04_BH-BP-ER-FP,1,0,1,0,0,0,1,1,18.00388889,0.020534436
985,76,REU04,BH-BP-ER-FP,REU04_BH-BP-ER-FP,1,0,1,0,0,0,1,1,20.00361111,0.037503154
986,76,REU04,BH-BP-ER-FP,REU04_BH-BP-ER-FP,1,0,1,0,0,0,1,1,22.00444444,0.073058704
987,76,REU04,BH-BP-ER-FP,REU04_BH-BP-ER-FP,1,0,1,0,0,0,1,1,24.00444444,0.134933667
988,77,REU04,BH-BT-ER-FP,REU04_BH-BT-ER-FP,1,0,1,0,0,0,1,1,0,-0.002233333
989,77,REU04,BH-BT-ER-FP,REU04_BH-BT-ER-FP,1,0,1,0,0,0,1,1,2.000277778,-0.004184706
990,77,REU04,BH-BT-ER-FP,REU04_BH-BT-ER-FP,1,0,1,0,0,0,1,1,4.000277778,-0.007741241
991,77,REU04,BH-BT-ER-FP,REU04_BH-BT-ER-FP,1,0,1,0,0,0,1,1,6.000833333,-0.009346403
992,77,REU04,BH-BT-ER-FP,REU04_BH-BT-ER-FP,1,0,1,0,0,0,1,1,8.001111111,-0.006482291
993,77,REU04,BH-BT-ER-FP,REU04_BH-BT-ER-FP,1,0,1,0,0,0,1,1,10.00166667,-0.009251982
994,77,REU04,BH-BT-ER-FP,REU04_BH-BT-ER-FP,1,0,1,0,0,0,1,1,12.00222222,-0.004247654
995,77,REU04,BH-BT-ER-FP,REU04_BH-BT-ER-FP,1,0,1,0,0,0,1,1,14.00277778,0.009002799
996,77,REU04,BH-BT-ER-FP,REU04_BH-BT-ER-FP,1,0,1,0,0,0,1,1,16.00277778,0.049824265
997,77,REU04,BH-BT-ER-FP,REU04_BH-BT-ER-FP,1,0,1,0,0,0,1,1,18.00388889,0.122748967
998,77,REU04,BH-BT-ER-FP,REU04_BH-BT-ER-FP,1,0,1,0,0,0,1,1,20.00361111,0.247951583
999,77,REU04,BH-BT-ER-FP,REU04_BH-BT-ER-FP,1,0,1,0,0,0,1,1,22.00444444,0.346212661
1000,77,REU04,BH-BT-ER-FP,REU04_BH-BT-ER-FP,1,0,1,0,0,0,1,1,24.00444444,0.502133667
1001,78,REU04,BP-BT-ER-FP,REU04_BP-BT-ER-FP,1,0,1,0,0,0,1,1,0,-0.002733333
1002,78,REU04,BP-BT-ER-FP,REU04_BP-BT-ER-FP,1,0,1,0,0,0,1,1,2.000277778,-0.002960718
1003,78,REU04,BP-BT-ER-FP,REU04_BP-BT-ER-FP,1,0,1,0,0,0,1,1,4.000277778,-0.005114187
1004,78,REU04,BP-BT-ER-FP,REU04_BP-BT-ER-FP,1,0,1,0,0,0,1,1,6.000833333,-0.005274694
1005,78,REU04,BP-BT-ER-FP,REU04_BP-BT-ER-FP,1,0,1,0,0,0,1,1,8.001111111,-0.003776629
1006,78,REU04,BP-BT-ER-FP,REU04_BP-BT-ER-FP,1,0,1,0,0,0,1,1,10.00166667,-0.005595708
1007,78,REU04,BP-BT-ER-FP,REU04_BP-BT-ER-FP,1,0,1,0,0,0,1,1,12.00222222,-0.002706582
1008,78,REU04,BP-BT-ER-FP,REU04_BP-BT-ER-FP,1,0,1,0,0,0,1,1,14.00277778,0.007498986
1009,78,REU04,BP-BT-ER-FP,REU04_BP-BT-ER-FP,1,0,1,0,0,0,1,1,16.00277778,0.037366658
1010,78,REU04,BP-BT-ER-FP,REU04_BP-BT-ER-FP,1,0,1,0,0,0,1,1,18.00388889,0.102666243
1011,78,REU04,BP-BT-ER-FP,REU04_BP-BT-ER-FP,1,0,1,0,0,0,1,1,20.00361111,0.204989435
1012,78,REU04,BP-BT-ER-FP,REU04_BP-BT-ER-FP,1,0,1,0,0,0,1,1,22.00444444,0.291328809
1013,78,REU04,BP-BT-ER-FP,REU04_BP-BT-ER-FP,1,0,1,0,0,0,1,1,24.00444444,0.345633667
1014,79,REU04,BH-BP-BT-ER-FP,REU04_BH-BP-BT-ER-FP,1,0,1,0,0,0,1,1,0,-0.002033333
1015,79,REU04,BH-BP-BT-ER-FP,REU04_BH-BP-BT-ER-FP,1,0,1,0,0,0,1,1,2.000277778,-0.002151456
1016,79,REU04,BH-BP-BT-ER-FP,REU04_BH-BP-BT-ER-FP,1,0,1,0,0,0,1,1,4.000277778,-0.004883038
1017,79,REU04,BH-BP-BT-ER-FP,REU04_BH-BP-BT-ER-FP,1,0,1,0,0,0,1,1,6.000833333,-0.005281701
1018,79,REU04,BH-BP-BT-ER-FP,REU04_BH-BP-BT-ER-FP,1,0,1,0,0,0,1,1,8.001111111,-0.00163467
1019,79,REU04,BH-BP-BT-ER-FP,REU04_BH-BP-BT-ER-FP,1,0,1,0,0,0,1,1,10.00166667,-0.004440078
1020,79,REU04,BH-BP-BT-ER-FP,REU04_BH-BP-BT-ER-FP,1,0,1,0,0,0,1,1,12.00222222,0.002470085
1021,79,REU04,BH-BP-BT-ER-FP,REU04_BH-BP-BT-ER-FP,1,0,1,0,0,0,1,1,14.00277778,0.026404649
1022,79,REU04,BH-BP-BT-ER-FP,REU04_BH-BP-BT-ER-FP,1,0,1,0,0,0,1,1,16.00277778,0.088965257
1023,79,REU04,BH-BP-BT-ER-FP,REU04_BH-BP-BT-ER-FP,1,0,1,0,0,0,1,1,18.00388889,0.192012338
1024,79,REU04,BH-BP-BT-ER-FP,REU04_BH-BP-BT-ER-FP,1,0,1,0,0,0,1,1,20.00361111,0.303283696
1025,79,REU04,BH-BP-BT-ER-FP,REU04_BH-BP-BT-ER-FP,1,0,1,0,0,0,1,1,22.00444444,0.375161213
1026,79,REU04,BH-BP-BT-ER-FP,REU04_BH-BP-BT-ER-FP,1,0,1,0,0,0,1,1,24.00444444,0.420933667
1040,81,REU04,BT-ER-FP,REU04_BT-ER-FP,2,0,1,0,0,0,1,1,0,0.006166667
1041,81,REU04,BT-ER-FP,REU04_BT-ER-FP,2,0,1,0,0,0,1,1,2.000277778,0.001356684
1042,81,REU04,BT-ER-FP,REU04_BT-ER-FP,2,0,1,0,0,0,1,1,4.000277778,-0.005933447
1043,81,REU04,BT-ER-FP,REU04_BT-ER-FP,2,0,1,0,0,0,1,1,6.000833333,-0.006835319
1044,81,REU04,BT-ER-FP,REU04_BT-ER-FP,2,0,1,0,0,0,1,1,8.001111111,-0.004993997
1045,81,REU04,BT-ER-FP,REU04_BT-ER-FP,2,0,1,0,0,0,1,1,10.00166667,-0.010781008
1046,81,REU04,BT-ER-FP,REU04_BT-ER-FP,2,0,1,0,0,0,1,1,12.00222222,-0.01055554
1047,81,REU04,BT-ER-FP,REU04_BT-ER-FP,2,0,1,0,0,0,1,1,14.00277778,-0.005895869
1048,81,REU04,BT-ER-FP,REU04_BT-ER-FP,2,0,1,0,0,0,1,1,16.00277778,0.005189639
1049,81,REU04,BT-ER-FP,REU04_BT-ER-FP,2,0,1,0,0,0,1,1,18.00388889,0.024617461
1050,81,REU04,BT-ER-FP,REU04_BT-ER-FP,2,0,1,0,0,0,1,1,20.00361111,0.078729772
1051,81,REU04,BT-ER-FP,REU04_BT-ER-FP,2,0,1,0,0,0,1,1,22.00444444,0.192666248
1052,81,REU04,BT-ER-FP,REU04_BT-ER-FP,2,0,1,0,0,0,1,1,24.00444444,0.327533667
1053,82,REU04,BH-BP-BT-ER,REU04_BH-BP-BT-ER,2,0,1,0,0,0,1,1,0,0.004866667
1054,82,REU04,BH-BP-BT-ER,REU04_BH-BP-BT-ER,2,0,1,0,0,0,1,1,2.000277778,-0.000982839
1055,82,REU04,BH-BP-BT-ER,REU04_BH-BP-BT-ER,2,0,1,0,0,0,1,1,4.000277778,-0.003485883
1056,82,REU04,BH-BP-BT-ER,REU04_BH-BP-BT-ER,2,0,1,0,0,0,1,1,6.000833333,-0.005771272
1057,82,REU04,BH-BP-BT-ER,REU04_BH-BP-BT-ER,2,0,1,0,0,0,1,1,8.001111111,-0.005172717
1058,82,REU04,BH-BP-BT-ER,REU04_BH-BP-BT-ER,2,0,1,0,0,0,1,1,10.00166667,-0.006097756
1059,82,REU04,BH-BP-BT-ER,REU04_BH-BP-BT-ER,2,0,1,0,0,0,1,1,12.00222222,-0.001118874
1060,82,REU04,BH-BP-BT-ER,REU04_BH-BP-BT-ER,2,0,1,0,0,0,1,1,14.00277778,0.007315297
1061,82,REU04,BH-BP-BT-ER,REU04_BH-BP-BT-ER,2,0,1,0,0,0,1,1,16.00277778,0.037542277
1062,82,REU04,BH-BP-BT-ER,REU04_BH-BP-BT-ER,2,0,1,0,0,0,1,1,18.00388889,0.100336041
1063,82,REU04,BH-BP-BT-ER,REU04_BH-BP-BT-ER,2,0,1,0,0,0,1,1,20.00361111,0.208075773
1064,82,REU04,BH-BP-BT-ER,REU04_BH-BP-BT-ER,2,0,1,0,0,0,1,1,22.00444444,0.342641611
1065,82,REU04,BH-BP-BT-ER,REU04_BH-BP-BT-ER,2,0,1,0,0,0,1,1,24.00444444,0.488933667
1066,83,REU04,BH-BP-BT-FP,REU04_BH-BP-BT-FP,2,0,1,0,0,0,1,1,0,0.001366667
1067,83,REU04,BH-BP-BT-FP,REU04_BH-BP-BT-FP,2,0,1,0,0,0,1,1,2.000277778,0.001819308
1068,83,REU04,BH-BP-BT-FP,REU04_BH-BP-BT-FP,2,0,1,0,0,0,1,1,4.000277778,0.007181368
1069,83,REU04,BH-BP-BT-FP,REU04_BH-BP-BT-FP,2,0,1,0,0,0,1,1,6.000833333,0.005510077
1070,83,REU04,BH-BP-BT-FP,REU04_BH-BP-BT-FP,2,0,1,0,0,0,1,1,8.001111111,-0.001349182
1071,83,REU04,BH-BP-BT-FP,REU04_BH-BP-BT-FP,2,0,1,0,0,0,1,1,10.00166667,0.005823444
1072,83,REU04,BH-BP-BT-FP,REU04_BH-BP-BT-FP,2,0,1,0,0,0,1,1,12.00222222,0.008121469
1073,83,REU04,BH-BP-BT-FP,REU04_BH-BP-BT-FP,2,0,1,0,0,0,1,1,14.00277778,0.011498871
1074,83,REU04,BH-BP-BT-FP,REU04_BH-BP-BT-FP,2,0,1,0,0,0,1,1,16.00277778,0.01686093
1075,83,REU04,BH-BP-BT-FP,REU04_BH-BP-BT-FP,2,0,1,0,0,0,1,1,18.00388889,0.034130941
1076,83,REU04,BH-BP-BT-FP,REU04_BH-BP-BT-FP,2,0,1,0,0,0,1,1,20.00361111,0.08238948
1077,83,REU04,BH-BP-BT-FP,REU04_BH-BP-BT-FP,2,0,1,0,0,0,1,1,22.00444444,0.181483131
1078,83,REU04,BH-BP-BT-FP,REU04_BH-BP-BT-FP,2,0,1,0,0,0,1,1,24.00444444,0.327233667
1079,84,REU04,BH-BP-ER-FP,REU04_BH-BP-ER-FP,2,0,1,0,0,0,1,1,0,0.000466667
1080,84,REU04,BH-BP-ER-FP,REU04_BH-BP-ER-FP,2,0,1,0,0,0,1,1,2.000277778,-0.001021062
1081,84,REU04,BH-BP-ER-FP,REU04_BH-BP-ER-FP,2,0,1,0,0,0,1,1,4.000277778,-0.00300976
1082,84,REU04,BH-BP-ER-FP,REU04_BH-BP-ER-FP,2,0,1,0,0,0,1,1,6.000833333,-0.003692901
1083,84,REU04,BH-BP-ER-FP,REU04_BH-BP-ER-FP,2,0,1,0,0,0,1,1,8.001111111,-0.002949037
1084,84,REU04,BH-BP-ER-FP,REU04_BH-BP-ER-FP,2,0,1,0,0,0,1,1,10.00166667,-0.004785926
1085,84,REU04,BH-BP-ER-FP,REU04_BH-BP-ER-FP,2,0,1,0,0,0,1,1,12.00222222,-0.003920615
1086,84,REU04,BH-BP-ER-FP,REU04_BH-BP-ER-FP,2,0,1,0,0,0,1,1,14.00277778,-0.002812409
1087,84,REU04,BH-BP-ER-FP,REU04_BH-BP-ER-FP,2,0,1,0,0,0,1,1,16.00277778,0.00253127
1088,84,REU04,BH-BP-ER-FP,REU04_BH-BP-ER-FP,2,0,1,0,0,0,1,1,18.00388889,0.016664691
1089,84,REU04,BH-BP-ER-FP,REU04_BH-BP-ER-FP,2,0,1,0,0,0,1,1,20.00361111,0.036976741
1090,84,REU04,BH-BP-ER-FP,REU04_BH-BP-ER-FP,2,0,1,0,0,0,1,1,22.00444444,0.064742614
1091,84,REU04,BH-BP-ER-FP,REU04_BH-BP-ER-FP,2,0,1,0,0,0,1,1,24.00444444,0.122733667
1092,85,REU04,BH-BT-ER-FP,REU04_BH-BT-ER-FP,2,0,1,0,0,0,1,1,0,-3.33E-05
1093,85,REU04,BH-BT-ER-FP,REU04_BH-BT-ER-FP,2,0,1,0,0,0,1,1,2.000277778,0.00307774
1094,85,REU04,BH-BT-ER-FP,REU04_BH-BT-ER-FP,2,0,1,0,0,0,1,1,4.000277778,0.001734322
1095,85,REU04,BH-BT-ER-FP,REU04_BH-BT-ER-FP,2,0,1,0,0,0,1,1,6.000833333,-0.001553517
1096,85,REU04,BH-BT-ER-FP,REU04_BH-BT-ER-FP,2,0,1,0,0,0,1,1,8.001111111,-0.008836255
1097,85,REU04,BH-BT-ER-FP,REU04_BH-BT-ER-FP,2,0,1,0,0,0,1,1,10.00166667,0.000143432
1098,85,REU04,BH-BT-ER-FP,REU04_BH-BT-ER-FP,2,0,1,0,0,0,1,1,12.00222222,0.005128219
1099,85,REU04,BH-BT-ER-FP,REU04_BH-BT-ER-FP,2,0,1,0,0,0,1,1,14.00277778,0.014814969
1100,85,REU04,BH-BT-ER-FP,REU04_BH-BT-ER-FP,2,0,1,0,0,0,1,1,16.00277778,0.040092436
1101,85,REU04,BH-BT-ER-FP,REU04_BH-BT-ER-FP,2,0,1,0,0,0,1,1,18.00388889,0.121263155
1102,85,REU04,BH-BT-ER-FP,REU04_BH-BT-ER-FP,2,0,1,0,0,0,1,1,20.00361111,0.272291601
1103,85,REU04,BH-BT-ER-FP,REU04_BH-BT-ER-FP,2,0,1,0,0,0,1,1,22.00444444,0.374073177
1104,85,REU04,BH-BT-ER-FP,REU04_BH-BT-ER-FP,2,0,1,0,0,0,1,1,24.00444444,0.547833667
1105,86,REU04,BP-BT-ER-FP,REU04_BP-BT-ER-FP,2,0,1,0,0,0,1,1,0,-0.000333333
1106,86,REU04,BP-BT-ER-FP,REU04_BP-BT-ER-FP,2,0,1,0,0,0,1,1,2.000277778,-0.003193562
1107,86,REU04,BP-BT-ER-FP,REU04_BP-BT-ER-FP,2,0,1,0,0,0,1,1,4.000277778,-0.003327218
1108,86,REU04,BP-BT-ER-FP,REU04_BP-BT-ER-FP,2,0,1,0,0,0,1,1,6.000833333,-0.005011278
1109,86,REU04,BP-BT-ER-FP,REU04_BP-BT-ER-FP,2,0,1,0,0,0,1,1,8.001111111,-0.007069573
1110,86,REU04,BP-BT-ER-FP,REU04_BP-BT-ER-FP,2,0,1,0,0,0,1,1,10.00166667,-0.008619978
1111,86,REU04,BP-BT-ER-FP,REU04_BP-BT-ER-FP,2,0,1,0,0,0,1,1,12.00222222,0.000602256
1112,86,REU04,BP-BT-ER-FP,REU04_BP-BT-ER-FP,2,0,1,0,0,0,1,1,14.00277778,0.02356428
1113,86,REU04,BP-BT-ER-FP,REU04_BP-BT-ER-FP,2,0,1,0,0,0,1,1,16.00277778,0.092477084
1114,86,REU04,BP-BT-ER-FP,REU04_BP-BT-ER-FP,2,0,1,0,0,0,1,1,18.00388889,0.222096241
1115,86,REU04,BP-BT-ER-FP,REU04_BP-BT-ER-FP,2,0,1,0,0,0,1,1,20.00361111,0.393950553
1116,86,REU04,BP-BT-ER-FP,REU04_BP-BT-ER-FP,2,0,1,0,0,0,1,1,22.00444444,0.433218555
1117,86,REU04,BP-BT-ER-FP,REU04_BP-BT-ER-FP,2,0,1,0,0,0,1,1,24.00444444,0.411833667
1118,87,REU04,BH-BP-BT-ER-FP,REU04_BH-BP-BT-ER-FP,2,0,1,0,0,0,1,1,0,-0.002633333
1119,87,REU04,BH-BP-BT-ER-FP,REU04_BH-BP-BT-ER-FP,2,0,1,0,0,0,1,1,2.000277778,0.000970394
1120,87,REU04,BH-BP-BT-ER-FP,REU04_BH-BP-BT-ER-FP,2,0,1,0,0,0,1,1,4.000277778,-0.003646363
1121,87,REU04,BH-BP-BT-ER-FP,REU04_BH-BP-BT-ER-FP,2,0,1,0,0,0,1,1,6.000833333,-0.003496899
1122,87,REU04,BH-BP-BT-ER-FP,REU04_BH-BP-BT-ER-FP,2,0,1,0,0,0,1,1,8.001111111,-0.00069031
1123,87,REU04,BH-BP-BT-ER-FP,REU04_BH-BP-BT-ER-FP,2,0,1,0,0,0,1,1,10.00166667,-0.001055665
1124,87,REU04,BH-BP-BT-ER-FP,REU04_BH-BP-BT-ER-FP,2,0,1,0,0,0,1,1,12.00222222,0.004374837
1125,87,REU04,BH-BP-BT-ER-FP,REU04_BH-BP-BT-ER-FP,2,0,1,0,0,0,1,1,14.00277778,0.031294848
1126,87,REU04,BH-BP-BT-ER-FP,REU04_BH-BP-BT-ER-FP,2,0,1,0,0,0,1,1,16.00277778,0.091744472
1127,87,REU04,BH-BP-BT-ER-FP,REU04_BH-BP-BT-ER-FP,2,0,1,0,0,0,1,1,18.00388889,0.17282004
1128,87,REU04,BH-BP-BT-ER-FP,REU04_BH-BP-BT-ER-FP,2,0,1,0,0,0,1,1,20.00361111,0.260405566
1129,87,REU04,BH-BP-BT-ER-FP,REU04_BH-BP-BT-ER-FP,2,0,1,0,0,0,1,1,22.00444444,0.30806777
1130,87,REU04,BH-BP-BT-ER-FP,REU04_BH-BP-BT-ER-FP,2,0,1,0,0,0,1,1,24.00444444,0.336133667
1144,89,REU04,BT-ER-FP,REU04_BT-ER-FP,3,0,1,0,0,0,1,1,0,0.005066667
1145,89,REU04,BT-ER-FP,REU04_BT-ER-FP,3,0,1,0,0,0,1,1,2.000277778,-0.00794694
1146,89,REU04,BT-ER-FP,REU04_BT-ER-FP,3,0,1,0,0,0,1,1,4.000277778,-0.01319942
1147,89,REU04,BT-ER-FP,REU04_BT-ER-FP,3,0,1,0,0,0,1,1,6.000833333,-0.014610534
1148,89,REU04,BT-ER-FP,REU04_BT-ER-FP,3,0,1,0,0,0,1,1,8.001111111,-0.014924114
1149,89,REU04,BT-ER-FP,REU04_BT-ER-FP,3,0,1,0,0,0,1,1,10.00166667,-0.018255911
1150,89,REU04,BT-ER-FP,REU04_BT-ER-FP,3,0,1,0,0,0,1,1,12.00222222,-0.012611455
1151,89,REU04,BT-ER-FP,REU04_BT-ER-FP,3,0,1,0,0,0,1,1,14.00277778,-0.010925958
1152,89,REU04,BT-ER-FP,REU04_BT-ER-FP,3,0,1,0,0,0,1,1,16.00277778,0.005458643
1153,89,REU04,BT-ER-FP,REU04_BT-ER-FP,3,0,1,0,0,0,1,1,18.00388889,0.036071976
1154,89,REU04,BT-ER-FP,REU04_BT-ER-FP,3,0,1,0,0,0,1,1,20.00361111,0.087224857
1155,89,REU04,BT-ER-FP,REU04_BT-ER-FP,3,0,1,0,0,0,1,1,22.00444444,0.182318259
1156,89,REU04,BT-ER-FP,REU04_BT-ER-FP,3,0,1,0,0,0,1,1,24.00444444,0.323233667
1157,90,REU04,BH-BP-BT-ER,REU04_BH-BP-BT-ER,3,0,1,0,0,0,1,1,0,0.006866667
1158,90,REU04,BH-BP-BT-ER,REU04_BH-BP-BT-ER,3,0,1,0,0,0,1,1,2.000277778,0.006898337
1159,90,REU04,BH-BP-BT-ER,REU04_BH-BP-BT-ER,3,0,1,0,0,0,1,1,4.000277778,0.00160941
1160,90,REU04,BH-BP-BT-ER,REU04_BH-BP-BT-ER,3,0,1,0,0,0,1,1,6.000833333,0.000944335
1161,90,REU04,BH-BP-BT-ER,REU04_BH-BP-BT-ER,3,0,1,0,0,0,1,1,8.001111111,0.000310931
1162,90,REU04,BH-BP-BT-ER,REU04_BH-BP-BT-ER,3,0,1,0,0,0,1,1,10.00166667,-0.001525942
1163,90,REU04,BH-BP-BT-ER,REU04_BH-BP-BT-ER,3,0,1,0,0,0,1,1,12.00222222,-0.001430932
1164,90,REU04,BH-BP-BT-ER,REU04_BH-BP-BT-ER,3,0,1,0,0,0,1,1,14.00277778,0.00734172
1165,90,REU04,BH-BP-BT-ER,REU04_BH-BP-BT-ER,3,0,1,0,0,0,1,1,16.00277778,0.037016719
1166,90,REU04,BH-BP-BT-ER,REU04_BH-BP-BT-ER,3,0,1,0,0,0,1,1,18.00388889,0.084933765
1167,90,REU04,BH-BP-BT-ER,REU04_BH-BP-BT-ER,3,0,1,0,0,0,1,1,20.00361111,0.175668953
1168,90,REU04,BH-BP-BT-ER,REU04_BH-BP-BT-ER,3,0,1,0,0,0,1,1,22.00444444,0.342571027
1169,90,REU04,BH-BP-BT-ER,REU04_BH-BP-BT-ER,3,0,1,0,0,0,1,1,24.00444444,0.484833667
1170,91,REU04,BH-BP-BT-FP,REU04_BH-BP-BT-FP,3,0,1,0,0,0,1,1,0,0.002366667
1171,91,REU04,BH-BP-BT-FP,REU04_BH-BP-BT-FP,3,0,1,0,0,0,1,1,2.000277778,0.00433887
1172,91,REU04,BH-BP-BT-FP,REU04_BH-BP-BT-FP,3,0,1,0,0,0,1,1,4.000277778,0.000747694
1173,91,REU04,BH-BP-BT-FP,REU04_BH-BP-BT-FP,3,0,1,0,0,0,1,1,6.000833333,0.001542462
1174,91,REU04,BH-BP-BT-FP,REU04_BH-BP-BT-FP,3,0,1,0,0,0,1,1,8.001111111,0.002366667
1175,91,REU04,BH-BP-BT-FP,REU04_BH-BP-BT-FP,3,0,1,0,0,0,1,1,10.00166667,0.000571078
1176,91,REU04,BH-BP-BT-FP,REU04_BH-BP-BT-FP,3,0,1,0,0,0,1,1,12.00222222,0.001365847
1177,91,REU04,BH-BP-BT-FP,REU04_BH-BP-BT-FP,3,0,1,0,0,0,1,1,14.00277778,0.002013436
1178,91,REU04,BH-BP-BT-FP,REU04_BH-BP-BT-FP,3,0,1,0,0,0,1,1,16.00277778,0.006546561
1179,91,REU04,BH-BP-BT-FP,REU04_BH-BP-BT-FP,3,0,1,0,0,0,1,1,18.00388889,0.015671681
1180,91,REU04,BH-BP-BT-FP,REU04_BH-BP-BT-FP,3,0,1,0,0,0,1,1,20.00361111,0.039867969
1181,91,REU04,BH-BP-BT-FP,REU04_BH-BP-BT-FP,3,0,1,0,0,0,1,1,22.00444444,0.115694779
1182,91,REU04,BH-BP-BT-FP,REU04_BH-BP-BT-FP,3,0,1,0,0,0,1,1,24.00444444,0.220633667
1183,92,REU04,BH-BP-ER-FP,REU04_BH-BP-ER-FP,3,0,1,0,0,0,1,1,0,0.000466667
1184,92,REU04,BH-BP-ER-FP,REU04_BH-BP-ER-FP,3,0,1,0,0,0,1,1,2.000277778,0.003791841
1185,92,REU04,BH-BP-ER-FP,REU04_BH-BP-ER-FP,3,0,1,0,0,0,1,1,4.000277778,4.86E-05
1186,92,REU04,BH-BP-ER-FP,REU04_BH-BP-ER-FP,3,0,1,0,0,0,1,1,6.000833333,-8.36E-06
1187,92,REU04,BH-BP-ER-FP,REU04_BH-BP-ER-FP,3,0,1,0,0,0,1,1,8.001111111,0.001207705
1188,92,REU04,BH-BP-ER-FP,REU04_BH-BP-ER-FP,3,0,1,0,0,0,1,1,10.00166667,-0.00137643
1189,92,REU04,BH-BP-ER-FP,REU04_BH-BP-ER-FP,3,0,1,0,0,0,1,1,12.00222222,0.000675678
1190,92,REU04,BH-BP-ER-FP,REU04_BH-BP-ER-FP,3,0,1,0,0,0,1,1,14.00277778,0.001663729
1191,92,REU04,BH-BP-ER-FP,REU04_BH-BP-ER-FP,3,0,1,0,0,0,1,1,16.00277778,0.009435136
1192,92,REU04,BH-BP-ER-FP,REU04_BH-BP-ER-FP,3,0,1,0,0,0,1,1,18.00388889,0.027353074
1193,92,REU04,BH-BP-ER-FP,REU04_BH-BP-ER-FP,3,0,1,0,0,0,1,1,20.00361111,0.055512547
1194,92,REU04,BH-BP-ER-FP,REU04_BH-BP-ER-FP,3,0,1,0,0,0,1,1,22.00444444,0.095167622
1195,92,REU04,BH-BP-ER-FP,REU04_BH-BP-ER-FP,3,0,1,0,0,0,1,1,24.00444444,0.134233667
1196,93,REU04,BH-BT-ER-FP,REU04_BH-BT-ER-FP,3,0,1,0,0,0,1,1,0,-0.000233333
1197,93,REU04,BH-BT-ER-FP,REU04_BH-BT-ER-FP,3,0,1,0,0,0,1,1,2.000277778,-0.001131761
1198,93,REU04,BH-BT-ER-FP,REU04_BH-BT-ER-FP,3,0,1,0,0,0,1,1,4.000277778,-0.006902428
1199,93,REU04,BH-BT-ER-FP,REU04_BH-BT-ER-FP,3,0,1,0,0,0,1,1,6.000833333,-0.007835411
1200,93,REU04,BH-BT-ER-FP,REU04_BH-BT-ER-FP,3,0,1,0,0,0,1,1,8.001111111,-0.004379921
1201,93,REU04,BH-BT-ER-FP,REU04_BH-BT-ER-FP,3,0,1,0,0,0,1,1,10.00166667,-0.009079387
1202,93,REU04,BH-BT-ER-FP,REU04_BH-BT-ER-FP,3,0,1,0,0,0,1,1,12.00222222,-0.00472547
1203,93,REU04,BH-BT-ER-FP,REU04_BH-BT-ER-FP,3,0,1,0,0,0,1,1,14.00277778,0.007645183
1204,93,REU04,BH-BT-ER-FP,REU04_BH-BT-ER-FP,3,0,1,0,0,0,1,1,16.00277778,0.023747765
1205,93,REU04,BH-BT-ER-FP,REU04_BH-BT-ER-FP,3,0,1,0,0,0,1,1,18.00388889,0.081108894
1206,93,REU04,BH-BT-ER-FP,REU04_BH-BT-ER-FP,3,0,1,0,0,0,1,1,20.00361111,0.197006019
1207,93,REU04,BH-BT-ER-FP,REU04_BH-BT-ER-FP,3,0,1,0,0,0,1,1,22.00444444,0.313386912
1208,93,REU04,BH-BT-ER-FP,REU04_BH-BT-ER-FP,3,0,1,0,0,0,1,1,24.00444444,0.477833667
1209,94,REU04,BP-BT-ER-FP,REU04_BP-BT-ER-FP,3,0,1,0,0,0,1,1,0,0.000166667
1210,94,REU04,BP-BT-ER-FP,REU04_BP-BT-ER-FP,3,0,1,0,0,0,1,1,2.000277778,0.003326811
1211,94,REU04,BP-BT-ER-FP,REU04_BP-BT-ER-FP,3,0,1,0,0,0,1,1,4.000277778,-0.002405037
1212,94,REU04,BP-BT-ER-FP,REU04_BP-BT-ER-FP,3,0,1,0,0,0,1,1,6.000833333,-0.002339654
1213,94,REU04,BP-BT-ER-FP,REU04_BP-BT-ER-FP,3,0,1,0,0,0,1,1,8.001111111,0.001605077
1214,94,REU04,BP-BT-ER-FP,REU04_BP-BT-ER-FP,3,0,1,0,0,0,1,1,10.00166667,-0.002470419
1215,94,REU04,BP-BT-ER-FP,REU04_BP-BT-ER-FP,3,0,1,0,0,0,1,1,12.00222222,0.000667931
1216,94,REU04,BP-BT-ER-FP,REU04_BP-BT-ER-FP,3,0,1,0,0,0,1,1,14.00277778,0.01938906
1217,94,REU04,BP-BT-ER-FP,REU04_BP-BT-ER-FP,3,0,1,0,0,0,1,1,16.00277778,0.058509463
1218,94,REU04,BP-BT-ER-FP,REU04_BP-BT-ER-FP,3,0,1,0,0,0,1,1,18.00388889,0.152812518
1219,94,REU04,BP-BT-ER-FP,REU04_BP-BT-ER-FP,3,0,1,0,0,0,1,1,20.00361111,0.281223334
1220,94,REU04,BP-BT-ER-FP,REU04_BP-BT-ER-FP,3,0,1,0,0,0,1,1,22.00444444,0.349983709
1221,94,REU04,BP-BT-ER-FP,REU04_BP-BT-ER-FP,3,0,1,0,0,0,1,1,24.00444444,0.423233667
1222,95,REU04,BH-BP-BT-ER-FP,REU04_BH-BP-BT-ER-FP,3,0,1,0,0,0,1,1,0,-0.002533333
1223,95,REU04,BH-BP-BT-ER-FP,REU04_BH-BP-BT-ER-FP,3,0,1,0,0,0,1,1,2.000277778,-0.003731709
1224,95,REU04,BH-BP-BT-ER-FP,REU04_BH-BP-BT-ER-FP,3,0,1,0,0,0,1,1,4.000277778,-0.008525214
1225,95,REU04,BH-BP-BT-ER-FP,REU04_BH-BP-BT-ER-FP,3,0,1,0,0,0,1,1,6.000833333,-0.008295738
1226,95,REU04,BH-BP-BT-ER-FP,REU04_BH-BP-BT-ER-FP,3,0,1,0,0,0,1,1,8.001111111,-0.00498108
1227,95,REU04,BH-BP-BT-ER-FP,REU04_BH-BP-BT-ER-FP,3,0,1,0,0,0,1,1,10.00166667,-0.005924483
1228,95,REU04,BH-BP-BT-ER-FP,REU04_BH-BP-BT-ER-FP,3,0,1,0,0,0,1,1,12.00222222,0.003025092
1229,95,REU04,BH-BP-BT-ER-FP,REU04_BH-BP-BT-ER-FP,3,0,1,0,0,0,1,1,14.00277778,0.035789204
1230,95,REU04,BH-BP-BT-ER-FP,REU04_BH-BP-BT-ER-FP,3,0,1,0,0,0,1,1,16.00277778,0.11697281
1231,95,REU04,BH-BP-BT-ER-FP,REU04_BH-BP-BT-ER-FP,3,0,1,0,0,0,1,1,18.00388889,0.24290429
1232,95,REU04,BH-BP-BT-ER-FP,REU04_BH-BP-BT-ER-FP,3,0,1,0,0,0,1,1,20.00361111,0.346168613
1233,95,REU04,BH-BP-BT-ER-FP,REU04_BH-BP-BT-ER-FP,3,0,1,0,0,0,1,1,22.00444444,0.404965533
1234,95,REU04,BH-BP-BT-ER-FP,REU04_BH-BP-BT-ER-FP,3,0,1,0,0,0,1,1,24.00444444,0.452033667
