Well,Experiment,Condition,Treatments,Rep,Time,Inulin,Starch,Pectin,ArGal,Gum,AmAc,pH,BArel,BPrel,BTrel,BUrel,PCrel,PJrel,ACrel,CGrel,CHrel,FPrel,ERrel,BHrel,RIrel,CSrel,EHrel,BAabs,BPabs,BTabs,BUabs,PCabs,PJabs,ACabs,CGabs,CHabs,FPabs,ERabs,BHabs,RIabs,CSabs,EHabs,OD
1,REU03,1,REU03_1,1,0,0.5,0,0,0,0.5,0,1,0.0667,0.0667,0.0667,0.0667,0.0667,0.0667,0.0667,0.0667,0.0667,0.0667,0.0667,0.0667,0.0667,0.0667,0.0667,0.000667,0.000667,0.000667,0.000667,0.000667,0.000667,0.000667,0.000667,0.000667,0.000667,0.000667,0.000667,0.000667,0.000667,0.000667,0.01
2,REU03,2,REU03_2,1,0,0.5,0,0.5,0,0,0,1,0.0667,0.0667,0.0667,0.0667,0.0667,0.0667,0.0667,0.0667,0.0667,0.0667,0.0667,0.0667,0.0667,0.0667,0.0667,0.000667,0.000667,0.000667,0.000667,0.000667,0.000667,0.000667,0.000667,0.000667,0.000667,0.000667,0.000667,0.000667,0.000667,0.000667,0.01
3,REU03,3,REU03_3,1,0,0,0.5,0.5,0,0,1,0,0.0667,0.0667,0.0667,0.0667,0.0667,0.0667,0.0667,0.0667,0.0667,0.0667,0.0667,0.0667,0.0667,0.0667,0.0667,0.000667,0.000667,0.000667,0.000667,0.000667,0.000667,0.000667,0.000667,0.000667,0.000667,0.000667,0.000667,0.000667,0.000667,0.000667,0.01
4,REU03,4,REU03_4,1,0,0,0.333348248,0.333348248,0,0.333303505,1,1,0.0667,0.0667,0.0667,0.0667,0.0667,0.0667,0.0667,0.0667,0.0667,0.0667,0.0667,0.0667,0.0667,0.0667,0.0667,0.000667,0.000667,0.000667,0.000667,0.000667,0.000667,0.000667,0.000667,0.000667,0.000667,0.000667,0.000667,0.000667,0.000667,0.000667,0.01
5,REU03,5,REU03_5,1,0,0,0,0,1,0,1,1,0.0667,0.0667,0.0667,0.0667,0.0667,0.0667,0.0667,0.0667,0.0667,0.0667,0.0667,0.0667,0.0667,0.0667,0.0667,0.000667,0.000667,0.000667,0.000667,0.000667,0.000667,0.000667,0.000667,0.000667,0.000667,0.000667,0.000667,0.000667,0.000667,0.000667,0.01
6,REU03,6,REU03_6,1,0,0.33331671,0,0.333366581,0,0.33331671,0,0,0.0667,0.0667,0.0667,0.0667,0.0667,0.0667,0.0667,0.0667,0.0667,0.0667,0.0667,0.0667,0.0667,0.0667,0.0667,0.000667,0.000667,0.000667,0.000667,0.000667,0.000667,0.000667,0.000667,0.000667,0.000667,0.000667,0.000667,0.000667,0.000667,0.000667,0.01
7,REU03,7,REU03_7,1,0,0.5,0,0,0.5,0,1,0,0.0667,0.0667,0.0667,0.0667,0.0667,0.0667,0.0667,0.0667,0.0667,0.0667,0.0667,0.0667,0.0667,0.0667,0.0667,0.000667,0.000667,0.000667,0.000667,0.000667,0.000667,0.000667,0.000667,0.000667,0.000667,0.000667,0.000667,0.000667,0.000667,0.000667,0.01
9,REU03,9,REU03_9,1,0,0.334311297,0,0.332844352,0.332844352,0,0,0,0.0667,0.0667,0.0667,0.0667,0.0667,0.0667,0.0667,0.0667,0.0667,0.0667,0.0667,0.0667,0.0667,0.0667,0.0667,0.000667,0.000667,0.000667,0.000667,0.000667,0.000667,0.000667,0.000667,0.000667,0.000667,0.000667,0.000667,0.000667,0.000667,0.000667,0.01
10,REU03,10,REU03_10,1,0,0,0.5,0,0.5,0,1,0,0.0667,0.0667,0.0667,0.0667,0.0667,0.0667,0.0667,0.0667,0.0667,0.0667,0.0667,0.0667,0.0667,0.0667,0.0667,0.000667,0.000667,0.000667,0.000667,0.000667,0.000667,0.000667,0.000667,0.000667,0.000667,0.000667,0.000667,0.000667,0.000667,0.000667,0.01
12,REU03,12,REU03_12,1,0,0.5,0,0.5,0,0,1,0,0.0667,0.0667,0.0667,0.0667,0.0667,0.0667,0.0667,0.0667,0.0667,0.0667,0.0667,0.0667,0.0667,0.0667,0.0667,0.000667,0.000667,0.000667,0.000667,0.000667,0.000667,0.000667,0.000667,0.000667,0.000667,0.000667,0.000667,0.000667,0.000667,0.000667,0.01
13,REU03,13,REU03_13,1,0,0,0.333386883,0,0.333306559,0.333306559,1,1,0.0667,0.0667,0.0667,0.0667,0.0667,0.0667,0.0667,0.0667,0.0667,0.0667,0.0667,0.0667,0.0667,0.0667,0.0667,0.000667,0.000667,0.000667,0.000667,0.000667,0.000667,0.000667,0.000667,0.000667,0.000667,0.000667,0.000667,0.000667,0.000667,0.000667,0.01
14,REU03,14,REU03_14,1,0,0.5,0,0,0,0.5,1,0,0.0667,0.0667,0.0667,0.0667,0.0667,0.0667,0.0667,0.0667,0.0667,0.0667,0.0667,0.0667,0.0667,0.0667,0.0667,0.000667,0.000667,0.000667,0.000667,0.000667,0.000667,0.000667,0.000667,0.000667,0.000667,0.000667,0.000667,0.000667,0.000667,0.000667,0.01
15,REU03,15,REU03_15,1,0,0,0,0,0,1,1,1,0.0667,0.0667,0.0667,0.0667,0.0667,0.0667,0.0667,0.0667,0.0667,0.0667,0.0667,0.0667,0.0667,0.0667,0.0667,0.000667,0.000667,0.000667,0.000667,0.000667,0.000667,0.000667,0.000667,0.000667,0.000667,0.000667,0.000667,0.000667,0.000667,0.000667,0.01
16,REU03,16,REU03_16,1,0,0,0,0.5,0,0.5,0,1,0.0667,0.0667,0.0667,0.0667,0.0667,0.0667,0.0667,0.0667,0.0667,0.0667,0.0667,0.0667,0.0667,0.0667,0.0667,0.000667,0.000667,0.000667,0.000667,0.000667,0.000667,0.000667,0.000667,0.000667,0.000667,0.000667,0.000667,0.000667,0.000667,0.000667,0.01
17,REU03,17,REU03_17,1,0,0.333497551,0.333497551,0,0.333004899,0,1,1,0.0667,0.0667,0.0667,0.0667,0.0667,0.0667,0.0667,0.0667,0.0667,0.0667,0.0667,0.0667,0.0667,0.0667,0.0667,0.000667,0.000667,0.000667,0.000667,0.000667,0.000667,0.000667,0.000667,0.000667,0.000667,0.000667,0.000667,0.000667,0.000667,0.000667,0.01
18,REU03,18,REU03_18,1,0,0,0,0,0.5,0.5,1,0,0.0667,0.0667,0.0667,0.0667,0.0667,0.0667,0.0667,0.0667,0.0667,0.0667,0.0667,0.0667,0.0667,0.0667,0.0667,0.000667,0.000667,0.000667,0.000667,0.000667,0.000667,0.000667,0.000667,0.000667,0.000667,0.000667,0.000667,0.000667,0.000667,0.000667,0.01
19,REU03,19,REU03_19,1,0,1,0,0,0,0,0,0,0.0667,0.0667,0.0667,0.0667,0.0667,0.0667,0.0667,0.0667,0.0667,0.0667,0.0667,0.0667,0.0667,0.0667,0.0667,0.000667,0.000667,0.000667,0.000667,0.000667,0.000667,0.000667,0.000667,0.000667,0.000667,0.000667,0.000667,0.000667,0.000667,0.000667,0.01
20,REU03,20,REU03_20,1,0,0,1,0,0,0,0,0,0.0667,0.0667,0.0667,0.0667,0.0667,0.0667,0.0667,0.0667,0.0667,0.0667,0.0667,0.0667,0.0667,0.0667,0.0667,0.000667,0.000667,0.000667,0.000667,0.000667,0.000667,0.000667,0.000667,0.000667,0.000667,0.000667,0.000667,0.000667,0.000667,0.000667,0.01
21,REU03,21,REU03_21,1,0,0,0,0.5,0.5,0,1,0,0.0667,0.0667,0.0667,0.0667,0.0667,0.0667,0.0667,0.0667,0.0667,0.0667,0.0667,0.0667,0.0667,0.0667,0.0667,0.000667,0.000667,0.000667,0.000667,0.000667,0.000667,0.000667,0.000667,0.000667,0.000667,0.000667,0.000667,0.000667,0.000667,0.000667,0.01
22,REU03,22,REU03_22,1,0,0,0,1,0,0,0,0,0.0667,0.0667,0.0667,0.0667,0.0667,0.0667,0.0667,0.0667,0.0667,0.0667,0.0667,0.0667,0.0667,0.0667,0.0667,0.000667,0.000667,0.000667,0.000667,0.000667,0.000667,0.000667,0.000667,0.000667,0.000667,0.000667,0.000667,0.000667,0.000667,0.000667,0.01
23,REU03,23,REU03_23,1,0,0,0.334446749,0.331106502,0.334446749,0,0,0,0.0667,0.0667,0.0667,0.0667,0.0667,0.0667,0.0667,0.0667,0.0667,0.0667,0.0667,0.0667,0.0667,0.0667,0.0667,0.000667,0.000667,0.000667,0.000667,0.000667,0.000667,0.000667,0.000667,0.000667,0.000667,0.000667,0.000667,0.000667,0.000667,0.000667,0.01
24,REU03,24,REU03_24,1,0,0,0.5,0,0.5,0,0,1,0.0667,0.0667,0.0667,0.0667,0.0667,0.0667,0.0667,0.0667,0.0667,0.0667,0.0667,0.0667,0.0667,0.0667,0.0667,0.000667,0.000667,0.000667,0.000667,0.000667,0.000667,0.000667,0.000667,0.000667,0.000667,0.000667,0.000667,0.000667,0.000667,0.000667,0.01
25,REU03,25,REU03_25,1,0,0,0,0.333488273,0.333255864,0.333255864,1,1,0.0667,0.0667,0.0667,0.0667,0.0667,0.0667,0.0667,0.0667,0.0667,0.0667,0.0667,0.0667,0.0667,0.0667,0.0667,0.000667,0.000667,0.000667,0.000667,0.000667,0.000667,0.000667,0.000667,0.000667,0.000667,0.000667,0.000667,0.000667,0.000667,0.000667,0.01
26,REU03,26,REU03_26,1,0,0,0.5,0,0,0.5,0,1,0.0667,0.0667,0.0667,0.0667,0.0667,0.0667,0.0667,0.0667,0.0667,0.0667,0.0667,0.0667,0.0667,0.0667,0.0667,0.000667,0.000667,0.000667,0.000667,0.000667,0.000667,0.000667,0.000667,0.000667,0.000667,0.000667,0.000667,0.000667,0.000667,0.000667,0.01
27,REU03,27,REU03_27,1,0,0,0,0,0.5,0.5,0,1,0.0667,0.0667,0.0667,0.0667,0.0667,0.0667,0.0667,0.0667,0.0667,0.0667,0.0667,0.0667,0.0667,0.0667,0.0667,0.000667,0.000667,0.000667,0.000667,0.000667,0.000667,0.000667,0.000667,0.000667,0.000667,0.000667,0.000667,0.000667,0.000667,0.000667,0.01
28,REU03,28,REU03_28,1,0,0.5,0.5,0,0,0,0,1,0.0667,0.0667,0.0667,0.0667,0.0667,0.0667,0.0667,0.0667,0.0667,0.0667,0.0667,0.0667,0.0667,0.0667,0.0667,0.000667,0.000667,0.000667,0.000667,0.000667,0.000667,0.000667,0.000667,0.000667,0.000667,0.000667,0.000667,0.000667,0.000667,0.000667,0.01
29,REU03,29,REU03_29,1,0,0.333325656,0,0,0.333348689,0.333325656,0,0,0.0667,0.0667,0.0667,0.0667,0.0667,0.0667,0.0667,0.0667,0.0667,0.0667,0.0667,0.0667,0.0667,0.0667,0.0667,0.000667,0.000667,0.000667,0.000667,0.000667,0.000667,0.000667,0.000667,0.000667,0.000667,0.000667,0.000667,0.000667,0.000667,0.000667,0.01
30,REU03,30,REU03_30,1,0,0,0.5,0.5,0,0,0,1,0.0667,0.0667,0.0667,0.0667,0.0667,0.0667,0.0667,0.0667,0.0667,0.0667,0.0667,0.0667,0.0667,0.0667,0.0667,0.000667,0.000667,0.000667,0.000667,0.000667,0.000667,0.000667,0.000667,0.000667,0.000667,0.000667,0.000667,0.000667,0.000667,0.000667,0.01
31,REU03,31,REU03_31,1,0,0.331028738,0.334485631,0,0,0.334485631,0,0,0.0667,0.0667,0.0667,0.0667,0.0667,0.0667,0.0667,0.0667,0.0667,0.0667,0.0667,0.0667,0.0667,0.0667,0.0667,0.000667,0.000667,0.000667,0.000667,0.000667,0.000667,0.000667,0.000667,0.000667,0.000667,0.000667,0.000667,0.000667,0.000667,0.000667,0.01
32,REU03,32,REU03_32,1,0,0.198062983,0.198293992,0.207440057,0.198101484,0.198101484,1,0,0.0667,0.0667,0.0667,0.0667,0.0667,0.0667,0.0667,0.0667,0.0667,0.0667,0.0667,0.0667,0.0667,0.0667,0.0667,0.000667,0.000667,0.000667,0.000667,0.000667,0.000667,0.000667,0.000667,0.000667,0.000667,0.000667,0.000667,0.000667,0.000667,0.000667,0.01
33,REU03,33,REU03_33,1,0,0,0.5,0,0,0.5,1,0,0.0667,0.0667,0.0667,0.0667,0.0667,0.0667,0.0667,0.0667,0.0667,0.0667,0.0667,0.0667,0.0667,0.0667,0.0667,0.000667,0.000667,0.000667,0.000667,0.000667,0.000667,0.000667,0.000667,0.000667,0.000667,0.000667,0.000667,0.000667,0.000667,0.000667,0.01
34,REU03,34,REU03_34,1,0,0.333214251,0,0,0.333571499,0.333214251,1,1,0.0667,0.0667,0.0667,0.0667,0.0667,0.0667,0.0667,0.0667,0.0667,0.0667,0.0667,0.0667,0.0667,0.0667,0.0667,0.000667,0.000667,0.000667,0.000667,0.000667,0.000667,0.000667,0.000667,0.000667,0.000667,0.000667,0.000667,0.000667,0.000667,0.000667,0.01
35,REU03,35,REU03_35,1,0,0,0,1,0,0,0,1,0.0667,0.0667,0.0667,0.0667,0.0667,0.0667,0.0667,0.0667,0.0667,0.0667,0.0667,0.0667,0.0667,0.0667,0.0667,0.000667,0.000667,0.000667,0.000667,0.000667,0.000667,0.000667,0.000667,0.000667,0.000667,0.000667,0.000667,0.000667,0.000667,0.000667,0.01
36,REU03,36,REU03_36,1,0,0,0,1,0,0,1,1,0.0667,0.0667,0.0667,0.0667,0.0667,0.0667,0.0667,0.0667,0.0667,0.0667,0.0667,0.0667,0.0667,0.0667,0.0667,0.000667,0.000667,0.000667,0.000667,0.000667,0.000667,0.000667,0.000667,0.000667,0.000667,0.000667,0.000667,0.000667,0.000667,0.000667,0.01
37,REU03,37,REU03_37,1,0,0.333215463,0.333215463,0.333569074,0,0,1,1,0.0667,0.0667,0.0667,0.0667,0.0667,0.0667,0.0667,0.0667,0.0667,0.0667,0.0667,0.0667,0.0667,0.0667,0.0667,0.000667,0.000667,0.000667,0.000667,0.000667,0.000667,0.000667,0.000667,0.000667,0.000667,0.000667,0.000667,0.000667,0.000667,0.000667,0.01
38,REU03,38,REU03_38,1,0,0,0,0.5,0.5,0,0,1,0.0667,0.0667,0.0667,0.0667,0.0667,0.0667,0.0667,0.0667,0.0667,0.0667,0.0667,0.0667,0.0667,0.0667,0.0667,0.000667,0.000667,0.000667,0.000667,0.000667,0.000667,0.000667,0.000667,0.000667,0.000667,0.000667,0.000667,0.000667,0.000667,0.000667,0.01
39,REU03,39,REU03_39,1,0,0,0.333395998,0.333302001,0.333302001,0,1,1,0.0667,0.0667,0.0667,0.0667,0.0667,0.0667,0.0667,0.0667,0.0667,0.0667,0.0667,0.0667,0.0667,0.0667,0.0667,0.000667,0.000667,0.000667,0.000667,0.000667,0.000667,0.000667,0.000667,0.000667,0.000667,0.000667,0.000667,0.000667,0.000667,0.000667,0.01
40,REU03,40,REU03_40,1,0,0,0,0.334339834,0.332830083,0.332830083,0,0,0.0667,0.0667,0.0667,0.0667,0.0667,0.0667,0.0667,0.0667,0.0667,0.0667,0.0667,0.0667,0.0667,0.0667,0.0667,0.000667,0.000667,0.000667,0.000667,0.000667,0.000667,0.000667,0.000667,0.000667,0.000667,0.000667,0.000667,0.000667,0.000667,0.000667,0.01
41,REU03,41,REU03_41,1,0,0.329997296,0.335001352,0,0,0.335001352,1,1,0.0667,0.0667,0.0667,0.0667,0.0667,0.0667,0.0667,0.0667,0.0667,0.0667,0.0667,0.0667,0.0667,0.0667,0.0667,0.000667,0.000667,0.000667,0.000667,0.000667,0.000667,0.000667,0.000667,0.000667,0.000667,0.000667,0.000667,0.000667,0.000667,0.000667,0.01
42,REU03,42,REU03_42,1,0,0.5,0.5,0,0,0,1,0,0.0667,0.0667,0.0667,0.0667,0.0667,0.0667,0.0667,0.0667,0.0667,0.0667,0.0667,0.0667,0.0667,0.0667,0.0667,0.000667,0.000667,0.000667,0.000667,0.000667,0.000667,0.000667,0.000667,0.000667,0.000667,0.000667,0.000667,0.000667,0.000667,0.000667,0.01
43,REU03,43,REU03_43,1,0,0.5,0,0,0.5,0,0,1,0.0667,0.0667,0.0667,0.0667,0.0667,0.0667,0.0667,0.0667,0.0667,0.0667,0.0667,0.0667,0.0667,0.0667,0.0667,0.000667,0.000667,0.000667,0.000667,0.000667,0.000667,0.000667,0.000667,0.000667,0.000667,0.000667,0.000667,0.000667,0.000667,0.000667,0.01
44,REU03,44,REU03_44,1,0,0,0,0.5,0,0.5,1,0,0.0667,0.0667,0.0667,0.0667,0.0667,0.0667,0.0667,0.0667,0.0667,0.0667,0.0667,0.0667,0.0667,0.0667,0.0667,0.000667,0.000667,0.000667,0.000667,0.000667,0.000667,0.000667,0.000667,0.000667,0.000667,0.000667,0.000667,0.000667,0.000667,0.000667,0.01
45,REU03,45,REU03_45,1,0,1,0,0,0,0,1,1,0.0667,0.0667,0.0667,0.0667,0.0667,0.0667,0.0667,0.0667,0.0667,0.0667,0.0667,0.0667,0.0667,0.0667,0.0667,0.000667,0.000667,0.000667,0.000667,0.000667,0.000667,0.000667,0.000667,0.000667,0.000667,0.000667,0.000667,0.000667,0.000667,0.000667,0.01
46,REU03,46,REU03_46,1,0,0,1,0,0,0,1,1,0.0667,0.0667,0.0667,0.0667,0.0667,0.0667,0.0667,0.0667,0.0667,0.0667,0.0667,0.0667,0.0667,0.0667,0.0667,0.000667,0.000667,0.000667,0.000667,0.000667,0.000667,0.000667,0.000667,0.000667,0.000667,0.000667,0.000667,0.000667,0.000667,0.000667,0.01
47,REU03,47,REU03_47,1,0,0.333280923,0.333280923,0.333438154,0,0,0,0,0.0667,0.0667,0.0667,0.0667,0.0667,0.0667,0.0667,0.0667,0.0667,0.0667,0.0667,0.0667,0.0667,0.0667,0.0667,0.000667,0.000667,0.000667,0.000667,0.000667,0.000667,0.000667,0.000667,0.000667,0.000667,0.000667,0.000667,0.000667,0.000667,0.000667,0.01
48,REU03,48,REU03_48,1,0,0.2,0.2,0.2,0.2,0.2,0.5,0.5,0.0667,0.0667,0.0667,0.0667,0.0667,0.0667,0.0667,0.0667,0.0667,0.0667,0.0667,0.0667,0.0667,0.0667,0.0667,0.000667,0.000667,0.000667,0.000667,0.000667,0.000667,0.000667,0.000667,0.000667,0.000667,0.000667,0.000667,0.000667,0.000667,0.000667,0.01
49,REU03,1,REU03_1,2,0,0.5,0,0,0,0.5,0,1,0.0667,0.0667,0.0667,0.0667,0.0667,0.0667,0.0667,0.0667,0.0667,0.0667,0.0667,0.0667,0.0667,0.0667,0.0667,0.000667,0.000667,0.000667,0.000667,0.000667,0.000667,0.000667,0.000667,0.000667,0.000667,0.000667,0.000667,0.000667,0.000667,0.000667,0.01
50,REU03,2,REU03_2,2,0,0.5,0,0.5,0,0,0,1,0.0667,0.0667,0.0667,0.0667,0.0667,0.0667,0.0667,0.0667,0.0667,0.0667,0.0667,0.0667,0.0667,0.0667,0.0667,0.000667,0.000667,0.000667,0.000667,0.000667,0.000667,0.000667,0.000667,0.000667,0.000667,0.000667,0.000667,0.000667,0.000667,0.000667,0.01
51,REU03,3,REU03_3,2,0,0,0.5,0.5,0,0,1,0,0.0667,0.0667,0.0667,0.0667,0.0667,0.0667,0.0667,0.0667,0.0667,0.0667,0.0667,0.0667,0.0667,0.0667,0.0667,0.000667,0.000667,0.000667,0.000667,0.000667,0.000667,0.000667,0.000667,0.000667,0.000667,0.000667,0.000667,0.000667,0.000667,0.000667,0.01
52,REU03,4,REU03_4,2,0,0,0.333348248,0.333348248,0,0.333303505,1,1,0.0667,0.0667,0.0667,0.0667,0.0667,0.0667,0.0667,0.0667,0.0667,0.0667,0.0667,0.0667,0.0667,0.0667,0.0667,0.000667,0.000667,0.000667,0.000667,0.000667,0.000667,0.000667,0.000667,0.000667,0.000667,0.000667,0.000667,0.000667,0.000667,0.000667,0.01
53,REU03,5,REU03_5,2,0,0,0,0,1,0,1,1,0.0667,0.0667,0.0667,0.0667,0.0667,0.0667,0.0667,0.0667,0.0667,0.0667,0.0667,0.0667,0.0667,0.0667,0.0667,0.000667,0.000667,0.000667,0.000667,0.000667,0.000667,0.000667,0.000667,0.000667,0.000667,0.000667,0.000667,0.000667,0.000667,0.000667,0.01
54,REU03,6,REU03_6,2,0,0.33331671,0,0.333366581,0,0.33331671,0,0,0.0667,0.0667,0.0667,0.0667,0.0667,0.0667,0.0667,0.0667,0.0667,0.0667,0.0667,0.0667,0.0667,0.0667,0.0667,0.000667,0.000667,0.000667,0.000667,0.000667,0.000667,0.000667,0.000667,0.000667,0.000667,0.000667,0.000667,0.000667,0.000667,0.000667,0.01
55,REU03,7,REU03_7,2,0,0.5,0,0,0.5,0,1,0,0.0667,0.0667,0.0667,0.0667,0.0667,0.0667,0.0667,0.0667,0.0667,0.0667,0.0667,0.0667,0.0667,0.0667,0.0667,0.000667,0.000667,0.000667,0.000667,0.000667,0.000667,0.000667,0.000667,0.000667,0.000667,0.000667,0.000667,0.000667,0.000667,0.000667,0.01
57,REU03,9,REU03_9,2,0,0.334311297,0,0.332844352,0.332844352,0,0,0,0.0667,0.0667,0.0667,0.0667,0.0667,0.0667,0.0667,0.0667,0.0667,0.0667,0.0667,0.0667,0.0667,0.0667,0.0667,0.000667,0.000667,0.000667,0.000667,0.000667,0.000667,0.000667,0.000667,0.000667,0.000667,0.000667,0.000667,0.000667,0.000667,0.000667,0.01
58,REU03,10,REU03_10,2,0,0,0.5,0,0.5,0,1,0,0.0667,0.0667,0.0667,0.0667,0.0667,0.0667,0.0667,0.0667,0.0667,0.0667,0.0667,0.0667,0.0667,0.0667,0.0667,0.000667,0.000667,0.000667,0.000667,0.000667,0.000667,0.000667,0.000667,0.000667,0.000667,0.000667,0.000667,0.000667,0.000667,0.000667,0.01
60,REU03,12,REU03_12,2,0,0.5,0,0.5,0,0,1,0,0.0667,0.0667,0.0667,0.0667,0.0667,0.0667,0.0667,0.0667,0.0667,0.0667,0.0667,0.0667,0.0667,0.0667,0.0667,0.000667,0.000667,0.000667,0.000667,0.000667,0.000667,0.000667,0.000667,0.000667,0.000667,0.000667,0.000667,0.000667,0.000667,0.000667,0.01
61,REU03,13,REU03_13,2,0,0,0.333386883,0,0.333306559,0.333306559,1,1,0.0667,0.0667,0.0667,0.0667,0.0667,0.0667,0.0667,0.0667,0.0667,0.0667,0.0667,0.0667,0.0667,0.0667,0.0667,0.000667,0.000667,0.000667,0.000667,0.000667,0.000667,0.000667,0.000667,0.000667,0.000667,0.000667,0.000667,0.000667,0.000667,0.000667,0.01
62,REU03,14,REU03_14,2,0,0.5,0,0,0,0.5,1,0,0.0667,0.0667,0.0667,0.0667,0.0667,0.0667,0.0667,0.0667,0.0667,0.0667,0.0667,0.0667,0.0667,0.0667,0.0667,0.000667,0.000667,0.000667,0.000667,0.000667,0.000667,0.000667,0.000667,0.000667,0.000667,0.000667,0.000667,0.000667,0.000667,0.000667,0.01
63,REU03,15,REU03_15,2,0,0,0,0,0,1,1,1,0.0667,0.0667,0.0667,0.0667,0.0667,0.0667,0.0667,0.0667,0.0667,0.0667,0.0667,0.0667,0.0667,0.0667,0.0667,0.000667,0.000667,0.000667,0.000667,0.000667,0.000667,0.000667,0.000667,0.000667,0.000667,0.000667,0.000667,0.000667,0.000667,0.000667,0.01
64,REU03,16,REU03_16,2,0,0,0,0.5,0,0.5,0,1,0.0667,0.0667,0.0667,0.0667,0.0667,0.0667,0.0667,0.0667,0.0667,0.0667,0.0667,0.0667,0.0667,0.0667,0.0667,0.000667,0.000667,0.000667,0.000667,0.000667,0.000667,0.000667,0.000667,0.000667,0.000667,0.000667,0.000667,0.000667,0.000667,0.000667,0.01
65,REU03,17,REU03_17,2,0,0.333497551,0.333497551,0,0.333004899,0,1,1,0.0667,0.0667,0.0667,0.0667,0.0667,0.0667,0.0667,0.0667,0.0667,0.0667,0.0667,0.0667,0.0667,0.0667,0.0667,0.000667,0.000667,0.000667,0.000667,0.000667,0.000667,0.000667,0.000667,0.000667,0.000667,0.000667,0.000667,0.000667,0.000667,0.000667,0.01
66,REU03,18,REU03_18,2,0,0,0,0,0.5,0.5,1,0,0.0667,0.0667,0.0667,0.0667,0.0667,0.0667,0.0667,0.0667,0.0667,0.0667,0.0667,0.0667,0.0667,0.0667,0.0667,0.000667,0.000667,0.000667,0.000667,0.000667,0.000667,0.000667,0.000667,0.000667,0.000667,0.000667,0.000667,0.000667,0.000667,0.000667,0.01
67,REU03,19,REU03_19,2,0,1,0,0,0,0,0,0,0.0667,0.0667,0.0667,0.0667,0.0667,0.0667,0.0667,0.0667,0.0667,0.0667,0.0667,0.0667,0.0667,0.0667,0.0667,0.000667,0.000667,0.000667,0.000667,0.000667,0.000667,0.000667,0.000667,0.000667,0.000667,0.000667,0.000667,0.000667,0.000667,0.000667,0.01
68,REU03,20,REU03_20,2,0,0,1,0,0,0,0,0,0.0667,0.0667,0.0667,0.0667,0.0667,0.0667,0.0667,0.0667,0.0667,0.0667,0.0667,0.0667,0.0667,0.0667,0.0667,0.000667,0.000667,0.000667,0.000667,0.000667,0.000667,0.000667,0.000667,0.000667,0.000667,0.000667,0.000667,0.000667,0.000667,0.000667,0.01
69,REU03,21,REU03_21,2,0,0,0,0.5,0.5,0,1,0,0.0667,0.0667,0.0667,0.0667,0.0667,0.0667,0.0667,0.0667,0.0667,0.0667,0.0667,0.0667,0.0667,0.0667,0.0667,0.000667,0.000667,0.000667,0.000667,0.000667,0.000667,0.000667,0.000667,0.000667,0.000667,0.000667,0.000667,0.000667,0.000667,0.000667,0.01
70,REU03,22,REU03_22,2,0,0,0,1,0,0,0,0,0.0667,0.0667,0.0667,0.0667,0.0667,0.0667,0.0667,0.0667,0.0667,0.0667,0.0667,0.0667,0.0667,0.0667,0.0667,0.000667,0.000667,0.000667,0.000667,0.000667,0.000667,0.000667,0.000667,0.000667,0.000667,0.000667,0.000667,0.000667,0.000667,0.000667,0.01
71,REU03,23,REU03_23,2,0,0,0.334446749,0.331106502,0.334446749,0,0,0,0.0667,0.0667,0.0667,0.0667,0.0667,0.0667,0.0667,0.0667,0.0667,0.0667,0.0667,0.0667,0.0667,0.0667,0.0667,0.000667,0.000667,0.000667,0.000667,0.000667,0.000667,0.000667,0.000667,0.000667,0.000667,0.000667,0.000667,0.000667,0.000667,0.000667,0.01
72,REU03,24,REU03_24,2,0,0,0.5,0,0.5,0,0,1,0.0667,0.0667,0.0667,0.0667,0.0667,0.0667,0.0667,0.0667,0.0667,0.0667,0.0667,0.0667,0.0667,0.0667,0.0667,0.000667,0.000667,0.000667,0.000667,0.000667,0.000667,0.000667,0.000667,0.000667,0.000667,0.000667,0.000667,0.000667,0.000667,0.000667,0.01
73,REU03,25,REU03_25,2,0,0,0,0.333488273,0.333255864,0.333255864,1,1,0.0667,0.0667,0.0667,0.0667,0.0667,0.0667,0.0667,0.0667,0.0667,0.0667,0.0667,0.0667,0.0667,0.0667,0.0667,0.000667,0.000667,0.000667,0.000667,0.000667,0.000667,0.000667,0.000667,0.000667,0.000667,0.000667,0.000667,0.000667,0.000667,0.000667,0.01
74,REU03,26,REU03_26,2,0,0,0.5,0,0,0.5,0,1,0.0667,0.0667,0.0667,0.0667,0.0667,0.0667,0.0667,0.0667,0.0667,0.0667,0.0667,0.0667,0.0667,0.0667,0.0667,0.000667,0.000667,0.000667,0.000667,0.000667,0.000667,0.000667,0.000667,0.000667,0.000667,0.000667,0.000667,0.000667,0.000667,0.000667,0.01
75,REU03,27,REU03_27,2,0,0,0,0,0.5,0.5,0,1,0.0667,0.0667,0.0667,0.0667,0.0667,0.0667,0.0667,0.0667,0.0667,0.0667,0.0667,0.0667,0.0667,0.0667,0.0667,0.000667,0.000667,0.000667,0.000667,0.000667,0.000667,0.000667,0.000667,0.000667,0.000667,0.000667,0.000667,0.000667,0.000667,0.000667,0.01
76,REU03,28,REU03_28,2,0,0.5,0.5,0,0,0,0,1,0.0667,0.0667,0.0667,0.0667,0.0667,0.0667,0.0667,0.0667,0.0667,0.0667,0.0667,0.0667,0.0667,0.0667,0.0667,0.000667,0.000667,0.000667,0.000667,0.000667,0.000667,0.000667,0.000667,0.000667,0.000667,0.000667,0.000667,0.000667,0.000667,0.000667,0.01
77,REU03,29,REU03_29,2,0,0.333325656,0,0,0.333348689,0.333325656,0,0,0.0667,0.0667,0.0667,0.0667,0.0667,0.0667,0.0667,0.0667,0.0667,0.0667,0.0667,0.0667,0.0667,0.0667,0.0667,0.000667,0.000667,0.000667,0.000667,0.000667,0.000667,0.000667,0.000667,0.000667,0.000667,0.000667,0.000667,0.000667,0.000667,0.000667,0.01
78,REU03,30,REU03_30,2,0,0,0.5,0.5,0,0,0,1,0.0667,0.0667,0.0667,0.0667,0.0667,0.0667,0.0667,0.0667,0.0667,0.0667,0.0667,0.0667,0.0667,0.0667,0.0667,0.000667,0.000667,0.000667,0.000667,0.000667,0.000667,0.000667,0.000667,0.000667,0.000667,0.000667,0.000667,0.000667,0.000667,0.000667,0.01
79,REU03,31,REU03_31,2,0,0.331028738,0.334485631,0,0,0.334485631,0,0,0.0667,0.0667,0.0667,0.0667,0.0667,0.0667,0.0667,0.0667,0.0667,0.0667,0.0667,0.0667,0.0667,0.0667,0.0667,0.000667,0.000667,0.000667,0.000667,0.000667,0.000667,0.000667,0.000667,0.000667,0.000667,0.000667,0.000667,0.000667,0.000667,0.000667,0.01
80,REU03,32,REU03_32,2,0,0.198062983,0.198293992,0.207440057,0.198101484,0.198101484,1,0,0.0667,0.0667,0.0667,0.0667,0.0667,0.0667,0.0667,0.0667,0.0667,0.0667,0.0667,0.0667,0.0667,0.0667,0.0667,0.000667,0.000667,0.000667,0.000667,0.000667,0.000667,0.000667,0.000667,0.000667,0.000667,0.000667,0.000667,0.000667,0.000667,0.000667,0.01
81,REU03,33,REU03_33,2,0,0,0.5,0,0,0.5,1,0,0.0667,0.0667,0.0667,0.0667,0.0667,0.0667,0.0667,0.0667,0.0667,0.0667,0.0667,0.0667,0.0667,0.0667,0.0667,0.000667,0.000667,0.000667,0.000667,0.000667,0.000667,0.000667,0.000667,0.000667,0.000667,0.000667,0.000667,0.000667,0.000667,0.000667,0.01
82,REU03,34,REU03_34,2,0,0.333214251,0,0,0.333571499,0.333214251,1,1,0.0667,0.0667,0.0667,0.0667,0.0667,0.0667,0.0667,0.0667,0.0667,0.0667,0.0667,0.0667,0.0667,0.0667,0.0667,0.000667,0.000667,0.000667,0.000667,0.000667,0.000667,0.000667,0.000667,0.000667,0.000667,0.000667,0.000667,0.000667,0.000667,0.000667,0.01
83,REU03,35,REU03_35,2,0,0,0,1,0,0,0,1,0.0667,0.0667,0.0667,0.0667,0.0667,0.0667,0.0667,0.0667,0.0667,0.0667,0.0667,0.0667,0.0667,0.0667,0.0667,0.000667,0.000667,0.000667,0.000667,0.000667,0.000667,0.000667,0.000667,0.000667,0.000667,0.000667,0.000667,0.000667,0.000667,0.000667,0.01
84,REU03,36,REU03_36,2,0,0,0,1,0,0,1,1,0.0667,0.0667,0.0667,0.0667,0.0667,0.0667,0.0667,0.0667,0.0667,0.0667,0.0667,0.0667,0.0667,0.0667,0.0667,0.000667,0.000667,0.000667,0.000667,0.000667,0.000667,0.000667,0.000667,0.000667,0.000667,0.000667,0.000667,0.000667,0.000667,0.000667,0.01
85,REU03,37,REU03_37,2,0,0.333215463,0.333215463,0.333569074,0,0,1,1,0.0667,0.0667,0.0667,0.0667,0.0667,0.0667,0.0667,0.0667,0.0667,0.0667,0.0667,0.0667,0.0667,0.0667,0.0667,0.000667,0.000667,0.000667,0.000667,0.000667,0.000667,0.000667,0.000667,0.000667,0.000667,0.000667,0.000667,0.000667,0.000667,0.000667,0.01
86,REU03,38,REU03_38,2,0,0,0,0.5,0.5,0,0,1,0.0667,0.0667,0.0667,0.0667,0.0667,0.0667,0.0667,0.0667,0.0667,0.0667,0.0667,0.0667,0.0667,0.0667,0.0667,0.000667,0.000667,0.000667,0.000667,0.000667,0.000667,0.000667,0.000667,0.000667,0.000667,0.000667,0.000667,0.000667,0.000667,0.000667,0.01
87,REU03,39,REU03_39,2,0,0,0.333395998,0.333302001,0.333302001,0,1,1,0.0667,0.0667,0.0667,0.0667,0.0667,0.0667,0.0667,0.0667,0.0667,0.0667,0.0667,0.0667,0.0667,0.0667,0.0667,0.000667,0.000667,0.000667,0.000667,0.000667,0.000667,0.000667,0.000667,0.000667,0.000667,0.000667,0.000667,0.000667,0.000667,0.000667,0.01
88,REU03,40,REU03_40,2,0,0,0,0.334339834,0.332830083,0.332830083,0,0,0.0667,0.0667,0.0667,0.0667,0.0667,0.0667,0.0667,0.0667,0.0667,0.0667,0.0667,0.0667,0.0667,0.0667,0.0667,0.000667,0.000667,0.000667,0.000667,0.000667,0.000667,0.000667,0.000667,0.000667,0.000667,0.000667,0.000667,0.000667,0.000667,0.000667,0.01
89,REU03,41,REU03_41,2,0,0.329997296,0.335001352,0,0,0.335001352,1,1,0.0667,0.0667,0.0667,0.0667,0.0667,0.0667,0.0667,0.0667,0.0667,0.0667,0.0667,0.0667,0.0667,0.0667,0.0667,0.000667,0.000667,0.000667,0.000667,0.000667,0.000667,0.000667,0.000667,0.000667,0.000667,0.000667,0.000667,0.000667,0.000667,0.000667,0.01
90,REU03,42,REU03_42,2,0,0.5,0.5,0,0,0,1,0,0.0667,0.0667,0.0667,0.0667,0.0667,0.0667,0.0667,0.0667,0.0667,0.0667,0.0667,0.0667,0.0667,0.0667,0.0667,0.000667,0.000667,0.000667,0.000667,0.000667,0.000667,0.000667,0.000667,0.000667,0.000667,0.000667,0.000667,0.000667,0.000667,0.000667,0.01
91,REU03,43,REU03_43,2,0,0.5,0,0,0.5,0,0,1,0.0667,0.0667,0.0667,0.0667,0.0667,0.0667,0.0667,0.0667,0.0667,0.0667,0.0667,0.0667,0.0667,0.0667,0.0667,0.000667,0.000667,0.000667,0.000667,0.000667,0.000667,0.000667,0.000667,0.000667,0.000667,0.000667,0.000667,0.000667,0.000667,0.000667,0.01
92,REU03,44,REU03_44,2,0,0,0,0.5,0,0.5,1,0,0.0667,0.0667,0.0667,0.0667,0.0667,0.0667,0.0667,0.0667,0.0667,0.0667,0.0667,0.0667,0.0667,0.0667,0.0667,0.000667,0.000667,0.000667,0.000667,0.000667,0.000667,0.000667,0.000667,0.000667,0.000667,0.000667,0.000667,0.000667,0.000667,0.000667,0.01
93,REU03,45,REU03_45,2,0,1,0,0,0,0,1,1,0.0667,0.0667,0.0667,0.0667,0.0667,0.0667,0.0667,0.0667,0.0667,0.0667,0.0667,0.0667,0.0667,0.0667,0.0667,0.000667,0.000667,0.000667,0.000667,0.000667,0.000667,0.000667,0.000667,0.000667,0.000667,0.000667,0.000667,0.000667,0.000667,0.000667,0.01
94,REU03,46,REU03_46,2,0,0,1,0,0,0,1,1,0.0667,0.0667,0.0667,0.0667,0.0667,0.0667,0.0667,0.0667,0.0667,0.0667,0.0667,0.0667,0.0667,0.0667,0.0667,0.000667,0.000667,0.000667,0.000667,0.000667,0.000667,0.000667,0.000667,0.000667,0.000667,0.000667,0.000667,0.000667,0.000667,0.000667,0.01
95,REU03,47,REU03_47,2,0,0.333280923,0.333280923,0.333438154,0,0,0,0,0.0667,0.0667,0.0667,0.0667,0.0667,0.0667,0.0667,0.0667,0.0667,0.0667,0.0667,0.0667,0.0667,0.0667,0.0667,0.000667,0.000667,0.000667,0.000667,0.000667,0.000667,0.000667,0.000667,0.000667,0.000667,0.000667,0.000667,0.000667,0.000667,0.000667,0.01
96,REU03,48,REU03_48,2,0,0.2,0.2,0.2,0.2,0.2,0.5,0.5,0.0667,0.0667,0.0667,0.0667,0.0667,0.0667,0.0667,0.0667,0.0667,0.0667,0.0667,0.0667,0.0667,0.0667,0.0667,0.000667,0.000667,0.000667,0.000667,0.000667,0.000667,0.000667,0.000667,0.000667,0.000667,0.000667,0.000667,0.000667,0.000667,0.000667,0.01
