Experiments,Time,OD,s1,s2,s3,s4,s5
Exp_0,0.0,0.2,0.0,0.0,0.0,0.1,0.1
Exp_0,20.0,0.46358988089231645,0.0,0.0,0.0,0.2685033352414454,0.19508654565087105
Exp_0,40.0,0.406714167671059,0.0,0.0,0.0,0.24360721401008895,0.16310695366097006
Exp_0,60.0,0.3332777539587371,0.0,0.0,0.0,0.19914234573143222,0.13413540822730488
Exp_0,80.0,0.2753827081276656,0.0,0.0,0.0,0.16423296232505,0.1111497458026156
Exp_0,100.0,0.22475330205832822,0.0,0.0,0.0,0.13383923913454576,0.09091406292378246
Exp_0,120.0,0.18603557562762424,0.0,0.0,0.0,0.11191068657699467,0.07412488905062957
Exp_0,140.0,0.1487399172091492,0.0,0.0,0.0,0.09023192501948474,0.05850799218966446
Exp_0,160.0,0.1210749745379733,0.0,0.0,0.0,0.07258160340205344,0.048493371135919866
Exp_1,0.0,0.2,0.0,0.0,0.1,0.0,0.1
Exp_1,20.0,0.4276910187476535,0.0,0.0,0.20531803570944626,0.0,0.2223729830382072
Exp_1,40.0,0.39164174264252616,0.0,0.0,0.19936189623963352,0.0,0.19227984640289267
Exp_1,60.0,0.32988540141230216,0.0,0.0,0.17142838461910795,0.0,0.15845701679319418
Exp_1,80.0,0.27373188945007165,0.0,0.0,0.14460892333738268,0.0,0.129122966112689
Exp_1,100.0,0.22532406764124185,0.0,0.0,0.11992956182378839,0.0,0.10539450581745345
Exp_1,120.0,0.18281106381233497,0.0,0.0,0.09669577090136788,0.0,0.08611529291096709
Exp_1,140.0,0.1513276545208268,0.0,0.0,0.07898599110271233,0.0,0.07234166341811446
Exp_1,160.0,0.12273248886133704,0.0,0.0,0.06483593256593594,0.0,0.05789655629540111
Exp_2,0.0,0.2,0.0,0.0,0.1,0.09999999999999999,0.0
Exp_2,20.0,0.4677897571054368,0.0,0.0,0.18374819672275314,0.2840415603826837,0.0
Exp_2,40.0,0.4085530526465685,0.0,0.0,0.1593006991943446,0.24925235345222388,0.0
Exp_2,60.0,0.33461985871196265,0.0,0.0,0.12811395676394055,0.2065059019480221,0.0
Exp_2,80.0,0.2731020881723887,0.0,0.0,0.10608446837995339,0.1670176197924353,0.0
Exp_2,100.0,0.22626944323418174,0.0,0.0,0.08632725668462109,0.13994218654956067,0.0
Exp_2,120.0,0.1848374759537002,0.0,0.0,0.07025695748170514,0.11458051847199506,0.0
Exp_2,140.0,0.15235237956185665,0.0,0.0,0.0592502208184099,0.09310215874344675,0.0
Exp_2,160.0,0.12065924187418856,0.0,0.0,0.04605484393092739,0.07460439794326117,0.0
Exp_3,0.0,0.30000000000000004,0.0,0.0,0.1,0.1,0.1
Exp_3,20.0,0.561760813750227,0.0,0.0,0.159534039531208,0.22745229240644585,0.17477448181257318
Exp_3,40.0,0.47599773507055326,0.0,0.0,0.13494947096903978,0.19625250971327385,0.1447957543882396
Exp_3,60.0,0.3925967025152839,0.0,0.0,0.11064012614868263,0.16162367132537078,0.12033290504123051
Exp_3,80.0,0.31740763818576817,0.0,0.0,0.08966602919494514,0.1304234235016966,0.0973181854891264
Exp_3,100.0,0.26713523792299954,0.0,0.0,0.07681492264598266,0.11076942931157592,0.07955088596544099
Exp_3,120.0,0.21355145816396998,0.0,0.0,0.060019462052254155,0.08827790342761113,0.06525409268410469
Exp_3,140.0,0.17416415537135657,0.0,0.0,0.04751758241003799,0.07233937174936052,0.05430720121195807
Exp_3,160.0,0.14487260091661447,0.0,0.0,0.04150571140318062,0.05940222766170504,0.0439646618517288
Exp_4,0.0,0.2,0.0,0.1,0.0,0.0,0.1
Exp_4,20.0,0.4892775671149039,0.0,0.15592821986272162,0.0,0.0,0.33334934725218224
Exp_4,40.0,0.6377784278174734,0.0,0.12715450747487572,0.0,0.0,0.5106239203425977
Exp_4,60.0,0.6987212755734309,0.0,0.10354955110883565,0.0,0.0,0.5951717244645952
Exp_4,80.0,0.7200323160207553,0.0,0.08645240709069457,0.0,0.0,0.6335799089300608
Exp_4,100.0,0.7079855516155112,0.0,0.07080912931374392,0.0,0.0,0.6371764223017673
Exp_4,120.0,0.6739466590099216,0.0,0.05704516572893432,0.0,0.0,0.6169014932809872
Exp_4,140.0,0.6288137660046482,0.0,0.04666289924903885,0.0,0.0,0.5821508667556093
Exp_4,160.0,0.5825276580633403,0.0,0.03800475475117778,0.0,0.0,0.5445229033121625
Exp_5,0.0,0.2,0.0,0.1,0.0,0.1,0.0
Exp_5,20.0,0.8759928236876905,0.0,0.1569024822812529,0.0,0.7190903414064376,0.0
Exp_5,40.0,1.403913155874235,0.0,0.13013459547405354,0.0,1.2737785604001814,0.0
Exp_5,60.0,1.6656281564077626,0.0,0.10717453874359122,0.0,1.5584536176641715,0.0
Exp_5,80.0,1.7871892945044072,0.0,0.08793917480111035,0.0,1.699250119703297,0.0
Exp_5,100.0,1.805875549937648,0.0,0.06984221091729807,0.0,1.73603333902035,0.0
Exp_5,120.0,1.7666558114619393,0.0,0.05905081482211115,0.0,1.7076049966398281,0.0
Exp_5,140.0,1.672197263863011,0.0,0.04630159124403068,0.0,1.6258956726189802,0.0
Exp_5,160.0,1.5622469420832885,0.0,0.03997640872083466,0.0,1.5222705333624538,0.0
Exp_6,0.0,0.30000000000000004,0.0,0.10000000000000002,0.0,0.1,0.1
Exp_6,20.0,0.9331671555376777,0.0,0.139080354525724,0.0,0.5619726828518619,0.23211411816009192
Exp_6,40.0,1.36540326680547,0.0,0.11345719034774009,0.0,1.0025153435155019,0.2494307329422281
Exp_6,60.0,1.5777685378900212,0.0,0.09433227183256955,0.0,1.245473613163898,0.23796265289355378
Exp_6,80.0,1.6636063324087387,0.0,0.07555763106928431,0.0,1.3692774570129564,0.2187712443264979
Exp_6,100.0,1.66896932845235,0.0,0.061980823272602785,0.0,1.4103530474992505,0.19663545768049673
Exp_6,120.0,1.6163879378387374,0.0,0.05129068448995418,0.0,1.3924484765387406,0.17264877681004268
Exp_6,140.0,1.5314843113342886,0.0,0.04363972243333602,0.0,1.3352556124307655,0.15258897647018713
Exp_6,160.0,1.4185394351055725,0.0,0.03409424091573277,0.0,1.2536936772153675,0.13075151697447215
Exp_7,0.0,0.2,0.0,0.1,0.1,0.0,0.0
Exp_7,20.0,0.6556993778474945,0.0,0.16972932314760564,0.4859700546998889,0.0,0.0
Exp_7,40.0,1.3184949162111803,0.0,0.14040725594703288,1.1780876602641475,0.0,0.0
Exp_7,60.0,1.64395040165963,0.0,0.11382363820277429,1.5301267634568558,0.0,0.0
Exp_7,80.0,1.8003378213114902,0.0,0.0943958373036713,1.705941984007819,0.0,0.0
Exp_7,100.0,1.8409786386329654,0.0,0.07704907732171158,1.7639295613112538,0.0,0.0
Exp_7,120.0,1.8102815344548737,0.0,0.06277237328278339,1.7475091611720903,0.0,0.0
Exp_7,140.0,1.733624315054099,0.0,0.052931076512182554,1.6806932385419164,0.0,0.0
Exp_7,160.0,1.6213882215459092,0.0,0.04164746740457468,1.5797407541413346,0.0,0.0
Exp_8,0.0,0.3,0.0,0.10000000000000002,0.09999999999999999,0.0,0.09999999999999999
Exp_8,20.0,0.7888359928121947,0.0,0.14831321146075538,0.370035696309689,0.0,0.27048708504175034
Exp_8,40.0,1.259327773960574,0.0,0.11728433316826264,0.8059967934418075,0.0,0.33604664735050377
Exp_8,60.0,1.515366158279873,0.0,0.09504062067279491,1.0754585186511632,0.0,0.344867018955915
Exp_8,80.0,1.6320087197471695,0.0,0.08007627720767609,1.217215877675515,0.0,0.33471656486397827
Exp_8,100.0,1.6528540440333597,0.0,0.06697696730902195,1.2750120048033469,0.0,0.3108650719209908
Exp_8,120.0,1.6117945676054317,0.0,0.05293717143961578,1.2726865500897748,0.0,0.28617084607604115
Exp_8,140.0,1.5301979771357361,0.0,0.043887097044380666,1.2329499136400568,0.0,0.2533609664512985
Exp_8,160.0,1.4288037877347675,0.0,0.036964416912971934,1.1656616965519062,0.0,0.2261776742698893
Exp_9,0.0,0.30000000000000004,0.0,0.1,0.1,0.1,0.0
Exp_9,20.0,0.9818308578770152,0.0,0.1489010576455853,0.2841112234270222,0.5488185768044077,0.0
Exp_9,40.0,1.4252091142524945,0.0,0.12026053723309345,0.36986588914611573,0.9350826878732853,0.0
Exp_9,60.0,1.655025837579541,0.0,0.10001187690558226,0.3969440533623478,1.158069907311611,0.0
Exp_9,80.0,1.7543279348836134,0.0,0.08153764385141368,0.39580661327272854,1.2769836777594712,0.0
Exp_9,100.0,1.7561755198866875,0.0,0.06544639514522486,0.37657773076282414,1.3141513939786384,0.0
Exp_9,120.0,1.7048529407099964,0.0,0.05590813723254766,0.34661025148637997,1.3023345519910687,0.0
Exp_9,140.0,1.6138051927418546,0.0,0.04480318250333397,0.3157317359771401,1.2532702742613806,0.0
Exp_9,160.0,1.4980836878187722,0.0,0.03585638530621039,0.28238417795288834,1.1798431245596734,0.0
Exp_10,0.0,0.4,0.0,0.1,0.1,0.1,0.1
Exp_10,20.0,1.0386744457482964,0.0,0.13490274831815482,0.24760548304850882,0.45000195651030944,0.2061642578713231
Exp_10,40.0,1.4098454065574506,0.0,0.11017862551838371,0.32134912254640957,0.7568194270438523,0.22149823144880507
Exp_10,60.0,1.5932305383075374,0.0,0.08990337642381553,0.3484654322755528,0.9424513019531007,0.21241042765506846
Exp_10,80.0,1.6669506393192683,0.0,0.07483298490922523,0.34735453188522547,1.0482876686484743,0.19647545387634333
Exp_10,100.0,1.6539665816860385,0.0,0.06129368468456659,0.3321879870719635,1.0835317775048854,0.1769531324246229
Exp_10,120.0,1.5935917105316288,0.0,0.04973573890686835,0.30903480317927806,1.0777791251989943,0.15704204324648813
Exp_10,140.0,1.504476615970839,0.0,0.04012394977372844,0.2808740027491618,1.0450779456569899,0.13840071779095867
Exp_10,160.0,1.392424651304578,0.0,0.03254431283659529,0.2531750170867012,0.9864797364001928,0.12022558498108839
Exp_11,0.0,0.2,0.1,0.0,0.0,0.0,0.1
Exp_11,20.0,0.6210141961271743,0.23353685420404385,0.0,0.0,0.0,0.3874773419231305
Exp_11,40.0,0.8713253737825883,0.20391531484199027,0.0,0.0,0.0,0.667410058940598
Exp_11,60.0,0.9977010393667122,0.16873423808578294,0.0,0.0,0.0,0.8289668012809293
Exp_11,80.0,1.0451582882030213,0.13468316829050428,0.0,0.0,0.0,0.9104751199125171
Exp_11,100.0,1.0478170515069196,0.11237229367785283,0.0,0.0,0.0,0.9354447578290668
Exp_11,120.0,1.014122169427167,0.09273654728809815,0.0,0.0,0.0,0.9213856221390688
Exp_11,140.0,0.9583624993666577,0.07704644343221291,0.0,0.0,0.0,0.8813160559344448
Exp_11,160.0,0.8865844357523025,0.06057116663208186,0.0,0.0,0.0,0.8260132691202207
Exp_12,0.0,0.2,0.1,0.0,0.0,0.09999999999999999,0.0
Exp_12,20.0,0.7079150580930507,0.23803557335853492,0.0,0.0,0.4698794847345158,0.0
Exp_12,40.0,0.9564518742124488,0.20780061534168984,0.0,0.0,0.748651258870759,0.0
Exp_12,60.0,1.070992896211877,0.17298876628011378,0.0,0.0,0.8980041299317633,0.0
Exp_12,80.0,1.1103530137992155,0.14276545138507235,0.0,0.0,0.967587562414143,0.0
Exp_12,100.0,1.0997524655436879,0.11661630536929003,0.0,0.0,0.9831361601743979,0.0
Exp_12,120.0,1.057096743212696,0.09401539485359217,0.0,0.0,0.963081348359104,0.0
Exp_12,140.0,0.9923504697035506,0.07520996609212628,0.0,0.0,0.9171405036114243,0.0
Exp_12,160.0,0.9149215438629532,0.06187356314277264,0.0,0.0,0.8530479807201806,0.0
Exp_13,0.0,0.3,0.1,0.0,0.0,0.1,0.09999999999999999
Exp_13,20.0,0.8339827577158878,0.21695280054933586,0.0,0.0,0.34448805068228955,0.2725419064842625
Exp_13,40.0,1.0240552642404102,0.19112144781083945,0.0,0.0,0.4528520494199053,0.38008176700966534
Exp_13,60.0,1.1059903452280173,0.15827431476032505,0.0,0.0,0.4954505129457491,0.4522655175219432
Exp_13,80.0,1.1216015435779192,0.1285389762716752,0.0,0.0,0.5018969136986594,0.4911656536075847
Exp_13,100.0,1.0990266274919118,0.10663267473747806,0.0,0.0,0.49029721297465534,0.5020967397797784
Exp_13,120.0,1.0452066269382285,0.08746126882421569,0.0,0.0,0.46316932052251647,0.49457603759149643
Exp_13,140.0,0.9731169749415722,0.07011434768965762,0.0,0.0,0.4283518855680086,0.47465074168390603
Exp_13,160.0,0.8971911099521014,0.05879010288574251,0.0,0.0,0.39182374779157864,0.44657725927478026
Exp_14,0.0,0.2,0.1,0.0,0.1,0.0,0.0
Exp_14,20.0,0.5849183898704498,0.2524167732252327,0.0,0.3325016166452171,0.0,0.0
Exp_14,40.0,0.864344102799733,0.22142130220988568,0.0,0.6429228005898473,0.0,0.0
Exp_14,60.0,1.0181342323721152,0.18232243124010505,0.0,0.8358118011320103,0.0,0.0
Exp_14,80.0,1.0779237129097128,0.1486164860249225,0.0,0.9293072268847903,0.0,0.0
Exp_14,100.0,1.0860974203331843,0.12373524946256342,0.0,0.9623621708706209,0.0,0.0
Exp_14,120.0,1.05098071103856,0.10084179096712752,0.0,0.9501389200714326,0.0,0.0
Exp_14,140.0,0.9964446181146844,0.08265363474980826,0.0,0.9137909833648762,0.0,0.0
Exp_14,160.0,0.92173249096291,0.06553354377975514,0.0,0.8561989471831548,0.0,0.0
Exp_15,0.0,0.30000000000000004,0.1,0.0,0.1,0.0,0.1
Exp_15,20.0,0.7833222888558119,0.22304065810142268,0.0,0.243309537935826,0.0,0.3169720928185632
Exp_15,40.0,1.0111695289164975,0.19553721677582042,0.0,0.3168954678845745,0.0,0.49873684425610254
Exp_15,60.0,1.1076063388126844,0.16156739172193296,0.0,0.3276901839737333,0.0,0.6183487631170181
Exp_15,80.0,1.13129970863316,0.13223745532972728,0.0,0.31319848133813827,0.0,0.6858637719652944
Exp_15,100.0,1.1099641537887497,0.10756621491841545,0.0,0.289658753341358,0.0,0.7127391855289763
Exp_15,120.0,1.0561134336205926,0.089038576016385,0.0,0.2618683422577234,0.0,0.7052065153464842
Exp_15,140.0,0.9871670162000102,0.07245685958857266,0.0,0.23270530657173477,0.0,0.6820048500397028
Exp_15,160.0,0.910046838122476,0.06002568946969627,0.0,0.20468762281284592,0.0,0.6453335258399338
Exp_16,0.0,0.3,0.1,0.0,0.1,0.09999999999999999,0.0
Exp_16,20.0,0.8160734400814112,0.22579941718318391,0.0,0.2173579094031342,0.3729161134950931,0.0
Exp_16,40.0,1.0098458833579438,0.19766017364502306,0.0,0.26282138423868795,0.5493643254742328,0.0
Exp_16,60.0,1.1052269509529875,0.16243450257768918,0.0,0.278826873695761,0.6639655746795372,0.0
Exp_16,80.0,1.1265210809674437,0.134749817229667,0.0,0.2723351067097835,0.7194361570279932,0.0
Exp_16,100.0,1.1048648508948171,0.11170647115775596,0.0,0.2580008141083997,0.7351575656286615,0.0
Exp_16,120.0,1.0561883511104937,0.08985058207510618,0.0,0.23961777654106425,0.7267199924943233,0.0
Exp_16,140.0,0.9845673187580943,0.0734432569508207,0.0,0.2166513764707296,0.694472685336544,0.0
Exp_16,160.0,0.9065421801170616,0.05869604653025734,0.0,0.1931707192875975,0.6546754142992067,0.0
Exp_17,0.0,0.4,0.1,0.0,0.1,0.1,0.1
Exp_17,20.0,0.9268075186802921,0.21041679188006698,0.0,0.187856458062946,0.2882389889933726,0.24029527974390655
Exp_17,40.0,1.0847450862492924,0.18594654878048988,0.0,0.2001461444441693,0.3656358312084266,0.33301656181620676
Exp_17,60.0,1.1472345910604846,0.1542899670362591,0.0,0.19963801002277956,0.3964409571850882,0.3968656568163579
Exp_17,80.0,1.15066193917166,0.12713049046308988,0.0,0.18652693232795953,0.4057832458740391,0.43122127050657133
Exp_17,100.0,1.1133751044556837,0.10217845778284122,0.0,0.17298040195201808,0.3971632454099179,0.44105299931090636
Exp_17,120.0,1.0601553034388194,0.08656820755511088,0.0,0.15692864845551463,0.37535066179434146,0.4413077856338525
Exp_17,140.0,0.980639690634182,0.06805251860526859,0.0,0.13930939292058406,0.34926176460308045,0.42401601450524884
Exp_17,160.0,0.9005183472323375,0.05752251279321022,0.0,0.12022325969028252,0.3223319489360786,0.40044062581276624
Exp_18,0.0,0.2,0.1,0.1,0.0,0.0,0.0
Exp_18,20.0,0.36719527299131155,0.2129691227108682,0.15422615028044334,0.0,0.0,0.0
Exp_18,40.0,0.3162030889826055,0.18847547806456685,0.12772761091803866,0.0,0.0,0.0
Exp_18,60.0,0.2593397779261438,0.15733469036577197,0.10200508756037188,0.0,0.0,0.0
Exp_18,80.0,0.2156509953671389,0.129548571128836,0.08610242423830287,0.0,0.0,0.0
Exp_18,100.0,0.17433783399388045,0.10501393776053539,0.06932389623334506,0.0,0.0,0.0
Exp_18,120.0,0.14311513516248073,0.0864489804523969,0.056666154710083814,0.0,0.0,0.0
Exp_18,140.0,0.11567141341642165,0.0689384979821127,0.04673291543430896,0.0,0.0,0.0
Exp_18,160.0,0.0958829009989228,0.0560662261194936,0.039816674879429206,0.0,0.0,0.0
Exp_19,0.0,0.30000000000000004,0.1,0.1,0.0,0.0,0.1
Exp_19,20.0,0.7947615609688223,0.20230351758434442,0.133549627048129,0.0,0.0,0.4589084163363489
Exp_19,40.0,1.1743960837576215,0.18222092991364486,0.11186777445485177,0.0,0.0,0.8803073793891247
Exp_19,60.0,1.361646622280163,0.14934540458380632,0.0921984448607413,0.0,0.0,1.1201027728356154
Exp_19,80.0,1.4479236915099236,0.12243848442475777,0.07594333561634718,0.0,0.0,1.2495418714688187
Exp_19,100.0,1.454116499792861,0.10102931783176444,0.0600950864424158,0.0,0.0,1.2929920955186809
Exp_19,120.0,1.4156752173729992,0.084252674488949,0.04935660280164555,0.0,0.0,1.2820659400824046
Exp_19,140.0,1.3393351343175477,0.06678698190674065,0.03972707284462475,0.0,0.0,1.2328210795661823
Exp_19,160.0,1.246819629777637,0.05600673546421893,0.032828686869351795,0.0,0.0,1.1579842074440663
Exp_20,0.0,0.30000000000000004,0.1,0.1,0.0,0.1,0.0
Exp_20,20.0,1.1959895182760092,0.20339955653148686,0.13846346739238982,0.0,0.8541264943521324,0.0
Exp_20,40.0,1.8962457569155375,0.18122278221682822,0.11530123360035888,0.0,1.5997217410983504,0.0
Exp_20,60.0,2.255347751737261,0.15050208942826235,0.09193427807821461,0.0,2.012911384230784,0.0
Exp_20,80.0,2.4256473304345993,0.12276289760807804,0.07719835966603947,0.0,2.2256860731604817,0.0
Exp_20,100.0,2.458268646148476,0.10143697861812143,0.06196534684557245,0.0,2.294866320684782,0.0
Exp_20,120.0,2.3998098372418273,0.08206973330532201,0.05077421597858256,0.0,2.2669658879579226,0.0
Exp_20,140.0,2.2847980426942684,0.06699637954494231,0.04221101982796882,0.0,2.175590643321357,0.0
Exp_20,160.0,2.1316692969838034,0.05675345678072831,0.03420468317366311,0.0,2.040711157029412,0.0
Exp_21,0.0,0.4,0.1,0.10000000000000002,0.0,0.1,0.09999999999999999
Exp_21,20.0,1.2807462684217583,0.19839448796769235,0.12753281179503806,0.0,0.6543160786040669,0.3005028900549609
Exp_21,40.0,1.9053820118852385,0.1775072073003153,0.10573283948107692,0.0,1.2212657379339653,0.4008762271698809
Exp_21,60.0,2.2205950735238376,0.1451273001729855,0.08540440123805047,0.0,1.5523325066603273,0.4377308654524743
Exp_21,80.0,2.359851671442635,0.11864811619903168,0.06958758233885486,0.0,1.7320833137976108,0.4395326591071378
Exp_21,100.0,2.3813275019914846,0.09787524290823774,0.05613998311621727,0.0,1.8026472358588448,0.42466504010818473
Exp_21,120.0,2.313309407637412,0.08229819605201859,0.045516782601345146,0.0,1.789645333201793,0.3958490957822554
Exp_21,140.0,2.191293543992302,0.06734315072018685,0.03582987147181843,0.0,1.7265093298935625,0.36161119190673385
Exp_21,160.0,2.0410507524143853,0.05285905014764926,0.032373410166444766,0.0,1.6311362780182657,0.3246820140820258
Exp_22,0.0,0.30000000000000004,0.1,0.1,0.1,0.0,0.0
Exp_22,20.0,0.9181537152462786,0.20943227677365578,0.14501144941841354,0.5637099890542093,0.0,0.0
Exp_22,40.0,1.7600300841788736,0.18527716842806508,0.11862148791469722,1.4561314278361113,0.0,0.0
Exp_22,60.0,2.171037905666623,0.1537748352946234,0.09788633104923732,1.9193767393227625,0.0,0.0
Exp_22,80.0,2.365188678557193,0.12482689382984168,0.08002435821741695,2.160337426509934,0.0,0.0
Exp_22,100.0,2.4212232945095904,0.10257157924223348,0.06421922951980817,2.254432485747549,0.0,0.0
Exp_22,120.0,2.380433101125705,0.08531765573589278,0.05351361139174202,2.2416018339980703,0.0,0.0
Exp_22,140.0,2.272681628321744,0.06809316481225755,0.04209762184534134,2.162490841664145,0.0,0.0
Exp_22,160.0,2.1278889106797467,0.055289670343722994,0.03565662201458516,2.0369426183214387,0.0,0.0
Exp_23,0.0,0.4,0.1,0.1,0.1,0.0,0.1
Exp_23,20.0,1.1093030768094914,0.1981408902241758,0.12941769576389994,0.416529419551961,0.0,0.3652150712694547
Exp_23,40.0,1.7936959503304766,0.17959402843242797,0.10745794328257822,0.9191774052621332,0.0,0.5874665733533373
Exp_23,60.0,2.146791024698419,0.14580214628267002,0.087848898495146,1.218712303520658,0.0,0.6944276763999453
Exp_23,80.0,2.308781993364901,0.11978655843035843,0.0717689746132434,1.3803368143772667,0.0,0.7368896459440324
Exp_23,100.0,2.338705686265408,0.09816650479866611,0.058791457199303114,1.4437062195626056,0.0,0.7380415047048333
Exp_23,120.0,2.2809216102213057,0.07823290798844779,0.04749570740871899,1.4413705038487383,0.0,0.7138224909754007
Exp_23,140.0,2.1747018565613754,0.06642056865416521,0.03904121907038094,1.3975344706346733,0.0,0.6717055982021561
Exp_23,160.0,2.0280669830271076,0.05429913356984871,0.034369532651897884,1.3188476807770855,0.0,0.6205506360282758
Exp_24,0.0,0.4,0.1,0.10000000000000002,0.1,0.1,0.0
Exp_24,20.0,1.3075454123343393,0.20290655265422883,0.13337050609644516,0.31610679015836846,0.6551615634252969,0.0
Exp_24,40.0,1.931778902715532,0.1773925539096875,0.10935093771458161,0.4368947323431834,1.2081406787480795,0.0
Exp_24,60.0,2.2677030021360576,0.14703991060863958,0.09025529773019753,0.47991541915404934,1.550492374643171,0.0
Exp_24,80.0,2.4177376300227094,0.12265496168053083,0.07211050271335635,0.4845712551090855,1.7384009105197367,0.0
Exp_24,100.0,2.4360420146947277,0.09854418578725327,0.06108984623623219,0.46395351229884446,1.812454470372398,0.0
Exp_24,120.0,2.3764758904794037,0.08217768449615385,0.05134722318230299,0.4318135989403083,1.8111373838606384,0.0
Exp_24,140.0,2.2466773995431124,0.06594683563819705,0.04048531919108071,0.3927302263792811,1.7475150183345534,0.0
Exp_24,160.0,2.095247310094143,0.05377558332594425,0.03284238213551617,0.35589537198033455,1.652733972652348,0.0
Exp_25,0.0,0.5,0.1,0.10000000000000002,0.1,0.1,0.1
Exp_25,20.0,1.3868358130926448,0.19510470100863325,0.12333523254955253,0.27451701873931433,0.5251144238433182,0.2687644369518266
Exp_25,40.0,1.956889755235279,0.17416845645830575,0.10237284155046306,0.37381538984863705,0.9465825041734641,0.359950563204409
Exp_25,60.0,2.247359988215398,0.14446554550036694,0.08073869862080008,0.41042005315614105,1.215138298930163,0.3965973920079271
Exp_25,80.0,2.3713849783714718,0.11965284894117131,0.06554155458459424,0.4128047283948294,1.3703609077390337,0.40302493871184303
Exp_25,100.0,2.3767476795759728,0.09832153427166854,0.05418513346909397,0.39672368172859546,1.436658111925756,0.3908592181808588
Exp_25,120.0,2.3021354227542696,0.07899092636669656,0.044572417401606834,0.3709756891965056,1.4405836242000989,0.367012765589362
Exp_25,140.0,2.1811385691593808,0.06656934971122692,0.037682147528415956,0.33888270514600916,1.4001465500786068,0.3378578166951216
Exp_25,160.0,2.022453803387509,0.05401573597475224,0.031045381513146817,0.3081182777350351,1.3264299258303915,0.3028444823341834
Exp_26,0.0,0.25847243424504995,0.04957366734743118,0.09979099659249187,0.03189310897141695,0.014588523749262096,0.06262613758444786
Exp_26,20.0,0.8600843459007124,0.1268352220250157,0.14626687367280394,0.15206581433845642,0.17776834402895336,0.2571480918354829
Exp_26,40.0,1.6310267593609145,0.13138825747990177,0.11850179819790728,0.3274713432314274,0.65208221889751,0.4015831415541681
Exp_26,60.0,2.0161370468995297,0.11308114491707176,0.09805444705503467,0.39411357770798955,0.9589257036012215,0.4519621736182122
Exp_26,80.0,2.196506618983426,0.0934150534558193,0.07986193278031305,0.4131636071606508,1.1493433044870331,0.46072272109961004
Exp_26,100.0,2.2400294349121928,0.07556201150012505,0.06560496512028825,0.4051659523940376,1.2503302613548168,0.4433662445429251
Exp_26,120.0,2.201329867910651,0.0620374692628496,0.052622471254578605,0.3836351091710459,1.2883485382610993,0.41468627996107804
Exp_26,140.0,2.105366087659635,0.05034467644133065,0.0443602879339879,0.3559026186717372,1.2723671534906906,0.3823913511218888
Exp_26,160.0,1.9728318356716776,0.042157188445089096,0.03654660028323862,0.32361812013807845,1.2253872832065227,0.3451226435987486
Exp_27,0.0,0.26853412538766863,0.07285190522670747,0.0009500607848167419,0.0806066173128784,0.09067538771778347,0.023450154345482588
Exp_27,20.0,0.7504744998554856,0.18524887536580298,0.0012874478911565823,0.17171935250854284,0.3215338275838955,0.07068499650608774
Exp_27,40.0,0.9265175557269386,0.17201051785419938,0.0006846397215730741,0.1977173197559318,0.44643780959338475,0.10966726880184961
Exp_27,60.0,1.0072034682553204,0.1446626216395215,0.0009638771985030916,0.20229076508373164,0.518387768578802,0.14089843575476213
Exp_27,80.0,1.0191576807092735,0.11765973963383608,0.0012118575628027612,0.19643807208249997,0.5471189518286992,0.15672905960143552
Exp_27,100.0,1.0013945076863795,0.09686372755898566,0.0007580404384387504,0.1855282423603721,0.5510531022969994,0.16719139503158342
Exp_27,120.0,0.9539251234106675,0.07909616868375643,0.0002899611296200748,0.17003332060434453,0.5360097927062758,0.16849588028667062
Exp_27,140.0,0.8898706979245827,0.06475470286492162,0.0,0.1493948941476447,0.5073232266573198,0.1683978742546966
Exp_27,160.0,0.8199981513268408,0.05318216811572217,0.0009377857241464648,0.13434700982175923,0.4698454703460599,0.161685717319153
Exp_28,0.0,0.21050745248794556,0.08338447296991944,0.06110288687050343,0.007222948595881463,0.03111457517370582,0.02768256887793541
Exp_28,20.0,0.8055460333480632,0.19409312494939876,0.09993077562712135,0.032933665609352306,0.33861286144545166,0.1399756057167391
Exp_28,40.0,1.4855853138700266,0.17452345137915468,0.08278844458257266,0.058394555259908006,0.9235549776993269,0.2463238849490644
Exp_28,60.0,1.7914344535615625,0.1450256774470635,0.06854281184817337,0.06337728005665978,1.228315393880561,0.2861732903291048
Exp_28,80.0,1.9359260744604518,0.11884746426527985,0.055070507007780434,0.06580457170332805,1.3975641184634715,0.29863941302059194
Exp_28,100.0,1.9687778725123386,0.09825101190856438,0.04456048045622498,0.06347312835388927,1.4692350047002547,0.29325824709340526
Exp_28,120.0,1.9216021110036707,0.07742493527193604,0.037619441564765814,0.05858167220553941,1.4697374265239929,0.27823863543743665
Exp_28,140.0,1.8341182589904597,0.0649919723121216,0.030997539034934622,0.05326152138267171,1.42664183424798,0.2582253920127518
Exp_28,160.0,1.7097368579578593,0.05344007668810296,0.02408735835790163,0.0461806119371601,1.3495986553681183,0.23643015560657646
Exp_29,0.0,0.23651466183364395,0.006687127891927958,0.03807033067569137,0.055277324933558705,0.051120799407362943,0.08535907892510296
Exp_29,20.0,0.6606724641763819,0.024972277008843358,0.06681510680462881,0.13638352814873547,0.22928585884090713,0.20321569337326714
Exp_29,40.0,0.9182621095479384,0.04385895390275406,0.05558727102803767,0.184575082887116,0.4095989849204378,0.22464181680959297
Exp_29,60.0,1.0685480103830725,0.054952438564825366,0.04547791253343872,0.20542527513434192,0.5305063890312791,0.23218599511918733
Exp_29,80.0,1.1462903777267988,0.05450975513971336,0.03673074774644212,0.2086423160563197,0.61204477479461,0.23436278398971375
Exp_29,100.0,1.1721066564610116,0.04758021118375896,0.03055245166817763,0.20582066538794194,0.659776103929829,0.22837722429130405
Exp_29,120.0,1.1555809521763418,0.04410928868383006,0.025591930885974418,0.19563581152946885,0.6756786300813603,0.21456529099570823
Exp_29,140.0,1.0973755797272575,0.034230580280097817,0.019891928479618032,0.17891157490064638,0.6647640722309252,0.19957742383597019
Exp_29,160.0,1.0324311630682248,0.028278875395957446,0.016785092206334538,0.16264618002184494,0.6410253962901494,0.1836956191539385
Exp_30,0.0,0.34564967844635247,0.019563478883355856,0.0740570998750627,0.08893713355064392,0.06971213333308697,0.09337983280420305
Exp_30,20.0,0.955468538307431,0.05857963795445145,0.10634376213674805,0.23236026270858148,0.33842718286679235,0.21975769264085762
Exp_30,40.0,1.378023478150004,0.08068903262970255,0.08774360220432167,0.32125931521626805,0.624814141513613,0.2635173865860987
Exp_30,60.0,1.6179681833468544,0.08200197046367994,0.0716814556549493,0.35861243062788334,0.8248493918517019,0.28082293474864
Exp_30,80.0,1.730784060278135,0.07132038601004272,0.05828727371729232,0.3659834595020687,0.9521997319764046,0.28299320907232656
Exp_30,100.0,1.7484969844431524,0.058517055055598406,0.04821482808360983,0.357779544843529,1.012340030660975,0.2716455257994402
Exp_30,120.0,1.7086789786712047,0.04877069971969201,0.04017922258192362,0.33689801664731267,1.0270580363795754,0.25577300334270103
Exp_30,140.0,1.6245141653962893,0.04228602026006793,0.032722945857395457,0.3090188887603426,1.007084026727439,0.23340228379104438
Exp_30,160.0,1.5114428824133563,0.03405824374428962,0.02647887467395695,0.27765131660495107,0.9635004898331604,0.20975395755699824
Exp_31,0.0,0.26475696321576836,0.09628562843427063,0.025219209864735605,0.048564115259796384,0.04963256558403373,0.045055444072932
Exp_31,20.0,0.8475196642391868,0.2122365729230408,0.04191066261628333,0.14013510766848983,0.2846258878514196,0.1686114331799532
Exp_31,40.0,1.2369838427816247,0.18860429779481447,0.03528462440328936,0.20003994208057121,0.5408499857437195,0.27220499275923016
Exp_31,60.0,1.415912908334718,0.1570556950517618,0.028531588767369997,0.21806427929420502,0.6834264753202831,0.3288348699010981
Exp_31,80.0,1.4890531978474806,0.12796443092880586,0.02433232280434004,0.2175130890344669,0.7628022245488358,0.35644113053103194
Exp_31,100.0,1.490964855388985,0.10612143596365993,0.019377418488120073,0.20840034935128998,0.7956950811964442,0.3613705703894706
Exp_31,120.0,1.4371734321651042,0.08635184625771239,0.015155295428506962,0.19149159260308016,0.7917254190377634,0.35244927883804145
Exp_31,140.0,1.357251996350897,0.07076849820783547,0.01457451614175381,0.17645333062822005,0.7628407982225589,0.33261485315052897
Exp_31,160.0,1.2579443835224418,0.0555561521790435,0.011159532146888366,0.15734247816360927,0.7214465166468382,0.31243970438606244
Exp_32,0.0,0.2978891571983695,0.05997829120606184,0.08693454116582872,0.06267853658646345,0.08458409551531076,0.0037136927247047426
Exp_32,20.0,1.080568906466098,0.14623489811301688,0.1255816314065146,0.20558928293952017,0.5877333354039024,0.015429758603143672
Exp_32,40.0,1.6853334784578675,0.14228477822092134,0.10442775015673887,0.2933324179501564,1.1244865445288383,0.02080198760121237
Exp_32,60.0,1.9984994644310088,0.11989082920877976,0.08364823258176136,0.32135294972400774,1.4503530305472276,0.023254422369232454
Exp_32,80.0,2.145994259717989,0.10108288325930845,0.06859109520726707,0.324142034408061,1.6278917956173875,0.024286451225964435
Exp_32,100.0,2.177393671157128,0.08194107313880925,0.05838499723957181,0.3117073021032311,1.7020682039462456,0.023292094729270376
Exp_32,120.0,2.1227081869116646,0.06701740876051898,0.04671796524788163,0.2895846914954065,1.6967287068692882,0.022659414538569095
Exp_32,140.0,2.016793606977533,0.054476747318360774,0.038325545874046775,0.2638614574819551,1.639930955019478,0.02019890128369235
Exp_32,160.0,1.8799917422832233,0.04501909939219607,0.03157756922252405,0.23777159303190007,1.5484508177937846,0.01717266284281851
Exp_33,0.0,0.142503135278821,0.03667602371424437,0.013898927252739668,0.024820214416831732,0.0085703962482512,0.05853757364675402
Exp_33,20.0,0.5020221245808965,0.12122770242608044,0.03196059355907187,0.07863379479764476,0.05508093313966014,0.21511910065843926
Exp_33,40.0,0.8142373452500338,0.13350381614070744,0.026704933406105864,0.14363275801224765,0.15977979456515934,0.35061604312581357
Exp_33,60.0,0.9911266087536285,0.11502921159912502,0.02203877479572579,0.1799084452995324,0.24757182864171706,0.4265783484175282
Exp_33,80.0,1.0641222558897812,0.0938010834476094,0.01858277336622037,0.18991905577161522,0.30061442780116066,0.46120491550317555
Exp_33,100.0,1.0756950014124131,0.07676033123429848,0.014765170395507227,0.18669074430439855,0.32769818873839357,0.46978056673981533
Exp_33,120.0,1.0463019200410473,0.06496877446315784,0.011702980677443572,0.1767557035628767,0.33727419796966457,0.4556002633679046
Exp_33,140.0,0.9953734582302994,0.05291606642845731,0.010416390322468272,0.16459514024978478,0.33483452499462524,0.43261133623496384
Exp_33,160.0,0.9258937421442629,0.04231929696387975,0.00852765170562931,0.15114611640447428,0.321266740898034,0.40263393617224563
Exp_34,0.0,0.21617505820468066,0.02937110923230648,0.053806176874786615,0.07451160792261362,0.04373319959267974,0.014752964582294227
Exp_34,20.0,0.7658230219750538,0.0905864057257752,0.0945152466583806,0.23793214454070724,0.2903945677913405,0.05239465725885027
Exp_34,40.0,1.2596521148829785,0.10674735462836148,0.0776130088240209,0.36666676594680647,0.6311607277147389,0.07746425776905079
Exp_34,60.0,1.5131517052230534,0.09743671245674214,0.06299070768068712,0.41550690342264635,0.8487215934234335,0.08849578823954425
Exp_34,80.0,1.6378252176390662,0.08162106156793875,0.051726684585228846,0.4262644034091955,0.9832486768808782,0.09496439119582464
Exp_34,100.0,1.6690374036144153,0.07044575310607054,0.04266069978668324,0.413755052528702,1.0488429396150556,0.09333295857790389
Exp_34,120.0,1.6283475956009597,0.05600064306627684,0.03492304330309727,0.38776509930719144,1.0615115127582744,0.08814729716611965
Exp_34,140.0,1.55362897610424,0.048390418637695186,0.02807124944964612,0.3561190324828464,1.0395601421725564,0.08148813336149596
Exp_34,160.0,1.452654447973909,0.038597102040868386,0.02368653185034856,0.32312031681092296,0.9902464577907434,0.0770040394810257
Exp_35,0.0,0.2505557687021792,0.055993692204356196,0.045568539388477804,0.012989431153982878,0.06349680908024312,0.07250729687511921
Exp_35,20.0,0.8408595038989073,0.14519626863415855,0.07238340215387488,0.036082131114731866,0.36627331946069974,0.22092438253544233
Exp_35,40.0,1.2811322612762872,0.14075554029528534,0.06052530859934333,0.05418541104636275,0.7194343055483804,0.3062316957869153
Exp_35,60.0,1.5008158152162696,0.12173831429357657,0.04977615214081481,0.05991201346869536,0.9246468387783185,0.3447424965348642
Exp_35,80.0,1.589815227607221,0.09935108772060668,0.04032072840870885,0.05962221010798548,1.0367166786345068,0.35380452273541324
Exp_35,100.0,1.6029851497627732,0.08232674600560883,0.0341742752996527,0.05780967008531643,1.0824860679455306,0.3461883904266647
Exp_35,120.0,1.5567538194696944,0.06920162996160822,0.028748960597466566,0.05461977783924111,1.0767358834027587,0.3274475676686196
Exp_35,140.0,1.4705170761948405,0.05519541697731554,0.020693258029084793,0.049161391306912,1.0431300963191175,0.30233691356241077
Exp_35,160.0,1.3695386170643093,0.04429274653954659,0.018404737325068237,0.04347103109380126,0.986213444451517,0.27715665765437614
Exp_36,0.0,0.35666325530037285,0.08776687430217861,0.09165810849517586,0.09898564256727696,0.001970660779625177,0.07628196915611625
Exp_36,20.0,1.0335887689610717,0.18465337261954798,0.12397720324728245,0.4115724959596038,0.019808072333164048,0.2935776248014734
Exp_36,40.0,1.7029154100473163,0.16968490094075137,0.10201881734945871,0.8750273768648962,0.07006281303569524,0.4861215018565148
Exp_36,60.0,2.0469895963834226,0.1406306103060213,0.08419299794153906,1.1285590323851602,0.1144424514664778,0.579164504284224
Exp_36,80.0,2.203849084401746,0.11277587368062747,0.0691500926542279,1.2535750813525572,0.15113250873721507,0.6172155279771181
Exp_36,100.0,2.234071124904981,0.09493942986026123,0.05568829989200508,1.2913395244684143,0.17586819320171448,0.6162356774825861
Exp_36,120.0,2.190585321748835,0.07792794935198395,0.04729926206021377,1.27538569618319,0.1941272667052501,0.5958451474481974
Exp_36,140.0,2.0794368762520836,0.06270119079940398,0.03775695990838907,1.2190720855241481,0.19940717879618722,0.5604994612239549
Exp_36,160.0,1.944896242249063,0.054224391563361375,0.03064677398574696,1.1389022651821445,0.20292017722307498,0.5182026342947349
Exp_37,0.0,0.17758877770975234,0.014365046191960574,0.009272242058068514,0.03851331816986204,0.07830013949424029,0.03713803179562091
Exp_37,20.0,0.5492354325567728,0.057551705431260355,0.020893687852427536,0.08292406198070201,0.28887834344094543,0.09898763385143748
Exp_37,40.0,0.6869394312243973,0.08010637395720306,0.01643994664974658,0.09303319358595946,0.3834681383148792,0.11389177871660895
Exp_37,60.0,0.7720521050262165,0.0806838358255175,0.014584854587994796,0.09702414410150287,0.4494320974212811,0.13032717308992017
Exp_37,80.0,0.8110741289144386,0.07230182171238886,0.013816507432306861,0.0969275092194153,0.490483127241071,0.13754516330925662
Exp_37,100.0,0.8106065612389339,0.06139557533260106,0.009223294869780647,0.09207144300854352,0.5073843280814901,0.14053191994651856
Exp_37,120.0,0.7827483207491038,0.04908513159581185,0.008326871549195747,0.08431650941684615,0.5020698781619954,0.13894993002525471
Exp_37,140.0,0.7402516305592026,0.04145870458779429,0.005759079051049171,0.07613388512144308,0.48441989404561486,0.13248006775330123
Exp_37,160.0,0.6930556960962441,0.035112492998801134,0.005094517727500355,0.07095779758324107,0.45674684778673347,0.12514403999996807
Exp_38,0.0,0.22630899408832195,0.0030473719350993635,0.07944241808727384,0.0049671985208988205,0.0972088472917676,0.04164315825328231
Exp_38,20.0,0.8230294517362743,0.009325995358698748,0.12422865125033139,0.01350083327462466,0.5629969980333965,0.11297697381922293
Exp_38,40.0,1.2579284943306688,0.020934668197665866,0.10238940005017766,0.018124023276958875,0.987273162844241,0.12920723996162523
Exp_38,60.0,1.4974056278846308,0.03251204918935092,0.08433065211017152,0.018354126661333056,1.234215840309471,0.12799295961430435
Exp_38,80.0,1.628703320943194,0.037199322801576826,0.06891197293073714,0.023256897383498926,1.3751595533860144,0.12417557444136695
Exp_38,100.0,1.673372434512199,0.03783860742626525,0.05665731775200445,0.020071057536421633,1.4422238056694219,0.11658164612808566
Exp_38,120.0,1.656738392970792,0.03588645991003254,0.04682959213568968,0.020487660613144023,1.4487224643426349,0.10481221596929083
Exp_38,140.0,1.5954851474425227,0.0299961763649176,0.039956600516768415,0.017780514536162684,1.4111531124678025,0.09659874355687129
Exp_38,160.0,1.4994505995046798,0.02601906297792767,0.03017041897309764,0.015831684385581347,1.340563058198037,0.0868663749700362
Exp_39,0.0,0.2725002146326006,0.07642441345378757,0.021201734803617003,0.05753231132403017,0.020952533278614283,0.09638922177255155
Exp_39,20.0,0.7847792538807661,0.18315470397052067,0.03376284260511443,0.15871159901141302,0.11067607441523608,0.2984740338784819
Exp_39,40.0,1.115499070566942,0.16838251333680135,0.029802129320623927,0.23837344476299713,0.23423624575471183,0.4447047373918078
Exp_39,60.0,1.2788023367201595,0.1419109428817809,0.02412760680486719,0.27061980677604125,0.31701534067172205,0.5251286395857482
Exp_39,80.0,1.333835043818493,0.11519106944516358,0.019070653523027437,0.2770052916790788,0.360800560212457,0.5617674689587661
Exp_39,100.0,1.331540801961698,0.09464329390303783,0.017365510764503402,0.2691219183240929,0.38609116059192716,0.5643189183781369
Exp_39,120.0,1.2828916945224385,0.07570803680189205,0.014244688709990785,0.25338449350780146,0.3918080886987188,0.5477463868040352
Exp_39,140.0,1.2039069545796586,0.06256008376788225,0.008745860521848363,0.23259563282865292,0.3824297739302819,0.5175756035309932
Exp_39,160.0,1.1212833510239797,0.05301095031151379,0.009514772590509061,0.20989146213481558,0.36835318988524124,0.4805129761019001
Exp_40,0.0,0.2758852963335813,0.06731472183018923,0.06572879720479251,0.031029676459729674,0.057088143005967144,0.05472395783290268
Exp_40,20.0,0.9524434235284125,0.1604889280483227,0.09739775211485081,0.10286320271872414,0.40307104681566924,0.18862249383084556
Exp_40,40.0,1.502913468903382,0.15230686937703786,0.08077739318184982,0.15567123495240992,0.8390344047055152,0.2751235666865693
Exp_40,60.0,1.7763491781666976,0.12889077376394914,0.06741304676960135,0.1724972181979234,1.099553762157048,0.30799437727817564
Exp_40,80.0,1.8949123042814144,0.10558072842299342,0.0547229774211334,0.17372294907145733,1.243678464209874,0.3172071851559564
Exp_40,100.0,1.9125249526984873,0.0840602455401668,0.044094699359257764,0.16782144435176172,1.3077712914484847,0.3087772719988162
Exp_40,120.0,1.8684403209259655,0.07087588326195185,0.03580763254998723,0.1566037105351799,1.311572585642569,0.29358050893627746
Exp_40,140.0,1.7706474736354674,0.057512140051606014,0.030586814896096704,0.1422991234680217,1.2702100196833057,0.27003937553643714
Exp_40,160.0,1.6481867044193115,0.046255936752703807,0.024170778458686332,0.1277427212064812,1.2043532351155373,0.2456640328859028
Exp_41,0.0,0.1991516944952309,0.0407161744311452,0.03334598848596215,0.08147081350907685,0.03725119000300765,0.0063675280660390856
Exp_41,20.0,0.6980076786018133,0.12255233081231999,0.06686096596524611,0.25091462559782474,0.23374102667764432,0.023938729548778154
Exp_41,40.0,1.1220393567112226,0.13128731357043108,0.054383328380647245,0.38729471848929375,0.5068855688612058,0.042188427409644624
Exp_41,60.0,1.3289642217344768,0.11206780704968035,0.04322898673706003,0.43924281932136144,0.684712249968229,0.049712358658146036
Exp_41,80.0,1.4250932127869718,0.09452767821395974,0.036563424917260424,0.4476046295232497,0.7918627709303884,0.05453470920211348
Exp_41,100.0,1.4484193258718232,0.07824117894433183,0.02993563549613553,0.4361534297133303,0.8464604880499722,0.0576285936680532
Exp_41,120.0,1.406067826910262,0.06274513409739392,0.023911745403954604,0.40945914087792545,0.8555256049142559,0.054426201616732096
Exp_41,140.0,1.339105560385945,0.05135347881001386,0.02033964973054267,0.37912668011515777,0.8380298958034598,0.05025585592677095
Exp_41,160.0,1.2494555082419878,0.04390630430368193,0.01642410961865872,0.34138711142421957,0.799747828601581,0.047990154293846565
Exp_42,0.0,0.2869987160898745,0.038425870519131426,0.06470381068065763,0.01840365314856172,0.08390427418053151,0.08156110756099225
Exp_42,20.0,0.9239599037660242,0.10361839923230648,0.09486924058264107,0.052578264302896464,0.45316164268114906,0.2197323569670311
Exp_42,40.0,1.3871871257576165,0.11623827410277414,0.07867100754639238,0.07002367557732016,0.8411123581339558,0.2811418103971739
Exp_42,60.0,1.6286016423736198,0.10192697411936266,0.06566418890999114,0.07657831941859561,1.0808727849922881,0.3035593749333823
Exp_42,80.0,1.741541967657798,0.08767765368288367,0.053526916709400345,0.07962933630798567,1.214582196056074,0.306125864901454
Exp_42,100.0,1.7582888098520595,0.07158430104436375,0.04349582508565693,0.0770268760134715,1.269725033359297,0.2964567743492701
Exp_42,120.0,1.7078756638999026,0.057666064968538266,0.036207433882652656,0.07182054996798473,1.2668012434100877,0.2753803716706394
Exp_42,140.0,1.6237592453084835,0.04770473803378959,0.028737021413033137,0.06458994740217004,1.229138986360253,0.2535885520992376
Exp_42,160.0,1.5104502497162855,0.03840330207860812,0.023907889759208073,0.05788026558226648,1.1597917458927798,0.23046704640342303
Exp_43,0.0,0.20941424807533623,0.0649267646484077,0.034664802812039854,0.06909509375691414,0.010818820353597403,0.029908766504377127
Exp_43,20.0,0.7002218675670611,0.17076358305145753,0.0623937708769173,0.24908527320256002,0.08738102107072078,0.13059821936540536
Exp_43,40.0,1.18086717102091,0.161842939586111,0.05148451429138695,0.4653041349039917,0.2518316863009605,0.2504038959384597
Exp_43,60.0,1.4198834966201261,0.13543534697950008,0.04412595539998006,0.5558812790404893,0.37100371063681625,0.31343720456334045
Exp_43,80.0,1.524845228276433,0.11161544793315176,0.036782946565346426,0.5874418094790924,0.44622144485927173,0.34278357943957055
Exp_43,100.0,1.546126835286146,0.0925902310572123,0.02950201505321643,0.5807667217891149,0.4923596691600966,0.3509081982265056
Exp_43,120.0,1.5060820887890887,0.07568502593786058,0.022097948674998858,0.5550834041427549,0.5093079423691561,0.3439077676643182
Exp_43,140.0,1.4279623906453782,0.060493094271029745,0.01893116046328643,0.5151570576739862,0.5077283255068036,0.3256527527302723
Exp_43,160.0,1.3327471452514892,0.0527780361329741,0.016277543311409258,0.4692949771919865,0.4920225793604669,0.30237400925465235
Exp_44,0.0,0.29365358063951136,0.07880939934402706,0.07763546872884036,0.042489354964345694,0.07351685781031847,0.02120249979197979
Exp_44,20.0,1.0548498756856495,0.17780842118650886,0.11430746854396094,0.14380287909280426,0.5391679891951631,0.07976311766721231
Exp_44,40.0,1.6496290035650243,0.16217090466906448,0.09243805537904361,0.20984674483968885,1.064642828357414,0.1205304703198133
Exp_44,60.0,1.9551516329552834,0.13526650407104915,0.07560956388514475,0.229642222097508,1.3755762603333697,0.13905708256821184
Exp_44,80.0,2.0937123050644586,0.11247406894731296,0.06096675762639711,0.23205409805474,1.544938005573742,0.14327937486226655
Exp_44,100.0,2.1160302539163545,0.09268514257970618,0.049716921925502165,0.22124488098668768,1.6123812779164524,0.14000203050800597
Exp_44,120.0,2.063996322509102,0.07528365202274197,0.04179559523648483,0.20632472354883255,1.6079083324351051,0.13268401926593767
Exp_44,140.0,1.965040626525369,0.06134363276893372,0.03360064643318614,0.18931250055325033,1.5561693015675389,0.1246145452024601
Exp_44,160.0,1.8292674585608526,0.050492533574130395,0.027907706148964526,0.1717174864644874,1.4683250066930096,0.11082472568026071
Exp_45,0.0,0.23435830855742099,0.0053347105160355575,0.023300984594970948,0.09501189794391394,0.04425923535600305,0.06645148014649749
Exp_45,20.0,0.6073714060579593,0.02103605896549401,0.04443010554088462,0.21408400793716922,0.17153752288646532,0.15628371072794614
Exp_45,40.0,0.7620658971564461,0.036102715978987725,0.03678887407311972,0.2600617812643967,0.26035907140385417,0.16875345443608777
Exp_45,60.0,0.8636582553970453,0.0506671955456791,0.03003713067616845,0.2819326615419159,0.32819401100705914,0.17282725662622278
Exp_45,80.0,0.9186015801104781,0.050625634429330844,0.026513927323121148,0.2871520238209551,0.3753263670909214,0.1789836274461496
Exp_45,100.0,0.9294927300509813,0.047028399803592184,0.019992626463017336,0.28103541279046884,0.4050329074057993,0.17640338358810367
Exp_45,120.0,0.9153915886448665,0.042450070427011925,0.0169229105693735,0.26690863075805027,0.4170500268446456,0.17205995004578506
Exp_45,140.0,0.87277512539284,0.03447337770071298,0.014013919357822922,0.24845302053845036,0.41431632059703566,0.16151848719881806
Exp_45,160.0,0.8195135383183793,0.028719212968373677,0.011861475842451232,0.22733330501628138,0.40154326166210785,0.15005628282916503
Exp_46,0.0,0.2579956014640629,0.01821785606443882,0.09034005710855127,0.06136114848777651,0.02574113765731454,0.062335402145981794
Exp_46,20.0,0.837808240933053,0.056490627634820274,0.13796349216622078,0.23002556905047786,0.21517265493034557,0.19815589715118848
Exp_46,40.0,1.447128310278618,0.07988280471032454,0.11186246330230475,0.40339867123925466,0.5820083663992293,0.26997600462750476
Exp_46,60.0,1.7765691862586384,0.07792208803271454,0.0926695103690892,0.4764474963702533,0.8324944422410911,0.29703564924549025
Exp_46,80.0,1.9397504822027332,0.06939188386530366,0.07300681552017578,0.49965156889119644,0.9967296926306928,0.30097052129536433
Exp_46,100.0,1.9899446484323375,0.05941422999106512,0.062042466766922925,0.4913792575681155,1.0867275555955225,0.2903811385107116
Exp_46,120.0,1.9613787842310297,0.04874523784079275,0.0516122123526065,0.4679311979636767,1.122069256322987,0.27102087975096667
Exp_46,140.0,1.8749154514218562,0.04175367333552885,0.040391983006276756,0.4332248248819336,1.111622823282935,0.24792214691518197
Exp_46,160.0,1.7581303305241243,0.03344033409811614,0.03616099172299727,0.3935509519798891,1.0710934761748196,0.22388457654830227
Exp_47,0.0,0.15956745306029918,0.09171734936535358,0.010297991521656513,0.0011391276493668556,0.05492563117295505,0.001487353350967169
Exp_47,20.0,0.6435089987836339,0.2312690856963018,0.020641773054461982,0.0036260147937790246,0.3794347399780599,0.008537385261031231
Exp_47,40.0,1.0277771315993363,0.2023192489158214,0.01556292719761118,0.007395656270581321,0.7863831709686853,0.01611612824663713
Exp_47,60.0,1.1937939666043467,0.16463209598561548,0.01396449415173962,0.005426828200865497,0.9890733751939197,0.02069717307220621
Exp_47,80.0,1.26961979013254,0.13618548096749256,0.012086415352974613,0.006057587720880359,1.0902064098490019,0.02508389624219051
Exp_47,100.0,1.2804152453940973,0.11419421704627987,0.010646794729371453,0.005964930202590904,1.1224287837380849,0.027180519677770375
Exp_47,120.0,1.235709271520258,0.0929745123180494,0.008104622708546571,0.004920343745152236,1.104980139494522,0.024729653253987814
Exp_47,140.0,1.172060980649192,0.07632769217388102,0.006240408706484106,0.0032345377823145127,1.0601987013285972,0.026059640657915113
Exp_47,160.0,1.088125630131292,0.060955541726599255,0.005238674712347698,0.0032932736269683394,0.9941097060453652,0.02452843402001165
Exp_48,0.0,0.2549245270900429,0.0520462122745812,0.05170616414397954,0.08703223513439298,0.016836864408105612,0.0473030511289835
Exp_48,20.0,0.8102162566716901,0.13898099605872907,0.08776084114670642,0.29168639823199305,0.12093246981961055,0.1708555514146509
Exp_48,40.0,1.3106171054731177,0.14050064438704626,0.06928658057156935,0.509639090120081,0.3181685004079411,0.27302228998648004
Exp_48,60.0,1.5592265014439968,0.11707431462725537,0.056960784573786005,0.6051018351690709,0.45768507662158303,0.3224044904523015
Exp_48,80.0,1.672377750022729,0.0978391235061383,0.047571502708261375,0.6348692328902331,0.5520165575186122,0.3400813333994838
Exp_48,100.0,1.6957582546437362,0.08097145952549546,0.03710921248609436,0.6311385129407816,0.6039017672087729,0.3426373024825919
Exp_48,120.0,1.653988366114292,0.06656787341804014,0.03130541977473237,0.5995124730547715,0.6276833035383297,0.3289192963284185
Exp_48,140.0,1.56935462794987,0.05495732161597193,0.025015895630738562,0.5573229425453937,0.6254401751374282,0.30661829302033766
Exp_48,160.0,1.465817334838046,0.04382089164769593,0.021979214424290607,0.5109066962063229,0.6044748304867594,0.2846357020729773
Exp_49,0.0,0.2779135965742171,0.02552128853276372,0.047374725807458155,0.025467488542199136,0.08999564982950688,0.0895544438622892
Exp_49,20.0,0.8209074587411264,0.07947332427007382,0.073044170203359,0.06082313763867667,0.3943195717932512,0.21324725483576565
Exp_49,40.0,1.1682550109644378,0.09514784947420162,0.06042988961358066,0.08153640461963234,0.672839407640581,0.25830145961644213
Exp_49,60.0,1.359163615997322,0.09007548416717409,0.050958647782051086,0.08974725471425804,0.8514484165758116,0.2769338127580272
Exp_49,80.0,1.4416608730211293,0.0771003859567792,0.03915850516459503,0.09016715988576345,0.9547596280486249,0.2804751939653666
Exp_49,100.0,1.4521867583999266,0.06262868431412466,0.034224318091664985,0.08482406897913815,0.9975237447767297,0.2729859422382691
Exp_49,120.0,1.413531565044501,0.05306495328835318,0.02679658821579936,0.07981795967234745,0.9961661267325167,0.25768593713548443
Exp_49,140.0,1.3425569807591873,0.04438651055538651,0.023903800083319982,0.07176018185980296,0.9653974046121715,0.23710908364850647
Exp_49,160.0,1.247679463691407,0.03657209552530679,0.016997324688694762,0.06583413352346636,0.9141857446020425,0.2140901653518965
Exp_50,0.0,0.2862324248999357,0.034190323855727914,0.08258843189105392,0.07501162299886346,0.06109581086784602,0.033346235286444426
Exp_50,20.0,0.9712842779098627,0.09640820184265511,0.12442905901064039,0.23867014331140726,0.40615413046928556,0.10562274327587444
Exp_50,40.0,1.5328600014444727,0.10931734078131694,0.10173031232993322,0.35192454803570117,0.8228265356473459,0.14706126465017544
Exp_50,60.0,1.8300261166050689,0.09871377558118832,0.08235987239453067,0.39579304948216965,1.0913229070163133,0.16183651213086686
Exp_50,80.0,1.9697347095835809,0.08138723821149112,0.06707759103993219,0.40318936259601074,1.2544331879874822,0.16364732974866467
Exp_50,100.0,2.0028474749494976,0.07083887048965574,0.05497444839161653,0.39072919266852263,1.3272651256221242,0.15903983777757844
Exp_50,120.0,1.954763386904423,0.057450647428206394,0.04505005817367457,0.36686396873644633,1.3370702248222273,0.1483284877438683
Exp_50,140.0,1.8605039296602193,0.0466172779713625,0.03594430891880219,0.334231932401652,1.3050390109962953,0.13867139937210735
Exp_50,160.0,1.7350539815249373,0.03793674765325534,0.029225334000089427,0.3023079511718757,1.2422437060271514,0.12334024267256533
Exp_51,0.0,0.22363462261855604,0.05778556307777763,0.018146522715687754,0.03748886287212372,0.03168712640181184,0.0785265475511551
Exp_51,20.0,0.697176604171502,0.1551622694378878,0.03217576700626218,0.1018706067441388,0.16285278600580166,0.24511517497741153
Exp_51,40.0,1.012375257166764,0.15205409810012432,0.026600174706107312,0.14837964803775822,0.3251156747257615,0.36022566159701247
Exp_51,60.0,1.157215687142689,0.1282750120103132,0.02181534025582582,0.16393413469934642,0.4212532778460702,0.4219379223311334
Exp_51,80.0,1.2185265999881743,0.10462674533672521,0.016627592580964946,0.16632838717987403,0.47995023850765806,0.4509936363829519
Exp_51,100.0,1.2134156063977175,0.08613295969664074,0.014420498880040567,0.1585473616194502,0.5012827719218348,0.4530320142797512
Exp_51,120.0,1.1715851435308418,0.07017238526879782,0.011840329652591939,0.14910624198496258,0.502070522094815,0.4383956645296744
Exp_51,140.0,1.1083605668888608,0.058240208209341476,0.009799948568173775,0.13775627752531766,0.4884183885741384,0.4141457440118894
Exp_51,160.0,1.0241174974913876,0.04663368191803255,0.008020160573106082,0.1230652425202523,0.4624760305284251,0.3839223819515717
Exp_52,0.0,0.38548579029738905,0.09847521837800743,0.06893045753240586,0.051512578036636114,0.09632608555257322,0.07024145079776645
Exp_52,20.0,1.1697149921517447,0.2014785212950598,0.09554992800293127,0.1435224438087798,0.5168385149963938,0.21232558404857999
Exp_52,40.0,1.6712079837259355,0.17982058419763858,0.0772945626383722,0.19535244306756597,0.9235162129294688,0.2952241808928899
Exp_52,60.0,1.924071770625082,0.14774037903363146,0.06217435122345094,0.21308412492016912,1.1702932101833416,0.33077970526448874
Exp_52,80.0,2.0322364571883114,0.12144167995089697,0.05134311061783428,0.21313352644623684,1.3048757797124684,0.34144236046087517
Exp_52,100.0,2.0349998741690256,0.10037602459354959,0.04408442704234281,0.20179237419921683,1.3571834319883065,0.3315636163456099
Exp_52,120.0,1.9690738016492932,0.08057260402551343,0.034396413948918854,0.1884843619960174,1.3508691681634208,0.3147512535154226
Exp_52,140.0,1.8621314322815967,0.0673402570896657,0.026361465036702926,0.17251165794493478,1.3044758517968433,0.29144220041345
Exp_52,160.0,1.7267016471342784,0.05292366821220072,0.022040853102356366,0.15357048197450135,1.2321117036613818,0.2660549401838382
Exp_53,0.0,0.10524586047977211,0.022046046517789367,0.03024886278435588,0.010986935906112197,0.02339169373735786,0.0185723215341568
Exp_53,20.0,0.47931460967215367,0.08315694345138794,0.07204294832768611,0.0411103993029194,0.1996557034764374,0.08334861511372281
Exp_53,40.0,0.9625243480958442,0.10254653406438737,0.061826448458936215,0.07656852073728825,0.5812350523969029,0.14034779243832954
Exp_53,60.0,1.2137327242223113,0.09527233349216213,0.050701385606774174,0.08985884929340834,0.8111087810665045,0.16679137476346206
Exp_53,80.0,1.335231662976791,0.08119290092985057,0.04045958509398736,0.09054766177046984,0.9444317253215724,0.17859978986091096
Exp_53,100.0,1.370609529176057,0.06820382683596654,0.03292188875117718,0.08784854125231376,1.0070546163126208,0.17458065602397865
Exp_53,120.0,1.3522984253487438,0.05715695255058044,0.028899385109247458,0.08443329760346736,1.0154833763359863,0.1663254137494624
Exp_53,140.0,1.2938792346901955,0.047923653548528795,0.02354287045990348,0.0761467486782357,0.9926337934383378,0.15363216856518977
Exp_53,160.0,1.2111872654963043,0.037975847704314857,0.01927477958971466,0.06905168977395855,0.9440648176623132,0.14082013076600317
Exp_54,0.0,0.1267134606838226,0.01073530986905098,0.05685452846810222,0.04455451248213648,0.004409737791866064,0.010159372072666885
Exp_54,20.0,0.4687014537946295,0.04400739400617288,0.12114975494678709,0.20386868621523221,0.051406745469272055,0.048268873157165285
Exp_54,40.0,1.089157492088594,0.0650216393061918,0.09908627481251223,0.5552755648761201,0.26691553998730627,0.10285847310646366
Exp_54,60.0,1.4424115702649123,0.07104955336224703,0.08376612823051395,0.7223433792905103,0.4423103178737087,0.1229421915079322
Exp_54,80.0,1.6241783973989619,0.0648857911283626,0.06865334782781198,0.7908366793869878,0.5668077677011805,0.132994811354619
Exp_54,100.0,1.6958711026765625,0.05609021148002565,0.05556515868044471,0.8019768503626696,0.6469959992518627,0.13524288290155992
Exp_54,120.0,1.687331912597992,0.04569896254582741,0.046486730922101024,0.7784734464480152,0.6867880534574567,0.12988471922459183
Exp_54,140.0,1.6288571385594564,0.03915776797003188,0.037986573512666426,0.7319122334057494,0.6978600703044018,0.12194049336660695
Exp_54,160.0,1.5339078931930854,0.03132406756149913,0.02979284990809807,0.6749466523455518,0.6866930131116691,0.11115131026626739
Exp_55,0.0,0.3523967100307346,0.0871396951377392,0.04241567701101304,0.09294445086270571,0.07741746120154858,0.05247942581772805
Exp_55,20.0,1.013547446874076,0.1889465104092252,0.06273096248883635,0.23642504824066662,0.36535398146477965,0.16009094427056808
Exp_55,40.0,1.4074144848502206,0.17487072816631583,0.050345394330839344,0.3173171569131773,0.6355120232715572,0.2293691821683307
Exp_55,60.0,1.6025256207183882,0.14311398316530355,0.04011401093025121,0.3450192442276211,0.8066003645736113,0.2676780178216013
Exp_55,80.0,1.6809361411067227,0.11871766514742885,0.03536673576675848,0.3463408920551141,0.8980744033644389,0.2824364447729826
Exp_55,100.0,1.6740020738891155,0.09702042831734005,0.0289240123559313,0.3295579281554167,0.9363548975044631,0.28214480755596444
Exp_55,120.0,1.6202977343952294,0.07956699902168278,0.026002568730925327,0.3081140623397248,0.9342027561147755,0.2724113481881209
Exp_55,140.0,1.5271151857337886,0.06601356085184218,0.01878392598203059,0.2826332769215958,0.904878727732042,0.2548056942462779
Exp_55,160.0,1.413809531206439,0.052687894622989874,0.014940231766218504,0.25369142559821745,0.8563887608204147,0.2361012183985984
Exp_56,0.0,0.32015621941536665,0.06909979740157723,0.09476210661232472,0.019470075983554127,0.03816902870312333,0.09865521071478725
Exp_56,20.0,1.0306920917504914,0.15752902738761415,0.12975848484532215,0.07627547332957285,0.3383653518407941,0.3287637543471883
Exp_56,40.0,1.7075318823996188,0.14978759300534564,0.10639393294974021,0.12793472085065677,0.8643986958535497,0.4590169397403265
Exp_56,60.0,2.0379551618183944,0.1259795809067584,0.08516290387987577,0.14648811551385732,1.1757056390020884,0.5046189225158144
Exp_56,80.0,2.1977375236514973,0.10454247850784659,0.07278944222182662,0.15097521807657793,1.3598589783132387,0.5095714065320074
Exp_56,100.0,2.2254184640880976,0.08497666436504907,0.05880946703386085,0.14589445763949443,1.4462103197247027,0.4895275553249907
Exp_56,120.0,2.1719332036126024,0.0702172922318847,0.04804859646707249,0.13756222955229835,1.4607455805884069,0.45535950477294
Exp_56,140.0,2.06345079545238,0.05625733606728582,0.03891609639211823,0.12383326944668299,1.4257514186251778,0.4186926749211153
Exp_56,160.0,1.9299457390928842,0.04769688892843719,0.03233482829616635,0.11339377934275904,1.3597106431487929,0.37680959937672887
Exp_57,0.0,0.22496554758399726,0.0455285937525332,0.006077466066926718,0.06803096048533919,0.06750458423048257,0.03782394304871559
Exp_57,20.0,0.6669058271947526,0.13567567893877475,0.01109666280218537,0.1519182156922871,0.25755757490875747,0.11065769485274779
Exp_57,40.0,0.8544501070829209,0.13971483466028062,0.009899210130410929,0.17823851707678898,0.3708806709856387,0.15571687422980166
Exp_57,60.0,0.944580688756525,0.12016990690052606,0.008339334065855259,0.18551667071045586,0.4386109970876127,0.19194377999207515
Exp_57,80.0,0.967001218078679,0.09752257715324017,0.007020281712497716,0.18146812238007665,0.4712365382591909,0.20975369857367357
Exp_57,100.0,0.9587968542770415,0.0808384767308211,0.005807608284646514,0.1744605700765412,0.4797087786183168,0.21798142056671593
Exp_57,120.0,0.9182903614190162,0.0659663404469733,0.005262307801375027,0.15802082609120988,0.47034498091524385,0.2186959061642141
Exp_57,140.0,0.8577742444568826,0.05432017917942332,0.0030438308919427124,0.14132616321765418,0.4483248963251574,0.21075917484270495
Exp_57,160.0,0.7926471710147271,0.04444287555043888,0.002102840314278531,0.1280378731916191,0.41923665427065826,0.1988269276877324
Exp_58,0.0,0.34900124752894046,0.04462857581675053,0.060624048393219714,0.09779398748651147,0.08831387078389527,0.05764076504856348
Exp_58,20.0,1.0046223945918862,0.11705877798728223,0.08944963879351431,0.24502246332734995,0.40366534082069655,0.14942617366304303
Exp_58,40.0,1.4132809473289805,0.1246056622192931,0.07257507790622954,0.3245933271999704,0.696263237797577,0.1952436422059103
Exp_58,60.0,1.6374965074448176,0.10775209352731077,0.05942378669394713,0.3559642675641132,0.894795428742114,0.2195609309173324
Exp_58,80.0,1.731098191584782,0.09052725459068899,0.04776811729684259,0.36185106834225084,1.006772846758979,0.2241789045960208
Exp_58,100.0,1.7328161677975342,0.07261261374918782,0.03903092465524511,0.34559859473829585,1.0568801694826706,0.21869386517213493
Exp_58,120.0,1.684531838229777,0.06241738020182777,0.03256581866366531,0.32278809564405464,1.0586194838612306,0.20814105985899867
Exp_58,140.0,1.5900428355382057,0.04934990881918897,0.026802485398071986,0.29477410174427116,1.0290227386333999,0.1900936009432737
Exp_58,160.0,1.4799804029649875,0.041862662326678124,0.021029864081603008,0.2648860545070547,0.9779297584447164,0.17427206360493522
Exp_59,0.0,0.17555305147543554,0.07122712321579457,0.03990968018770219,0.0397055208683014,0.01852546520531178,0.006185261998325586
Exp_59,20.0,0.653179912235781,0.1861594113448856,0.07711939299834568,0.16926186439629273,0.18843869910979724,0.03220054438645971
Exp_59,40.0,1.251180332848929,0.170374824990623,0.061652686848309234,0.33209322904788874,0.6088399583087789,0.07821963365332928
Exp_59,60.0,1.5283996781049485,0.14253116937909874,0.052376227659902484,0.38543049434501714,0.8494037767536469,0.09865800996728341
Exp_59,80.0,1.6575954004553974,0.11772778526280944,0.042987970155869346,0.39764345309258337,0.9887469671085786,0.11048922483555676
Exp_59,100.0,1.685604844687696,0.09506494702535216,0.03337234736725191,0.38787952744169407,1.0577616163050243,0.11152640654837354
Exp_59,120.0,1.6505495557037224,0.07851729317134415,0.030080213396651467,0.3647248953616203,1.0707741470378587,0.106453006736248
Exp_59,140.0,1.5727879305470984,0.06322218623385233,0.021264564745068135,0.3355555617195925,1.046972128177998,0.10577348967058746
Exp_59,160.0,1.470025800199629,0.05308799082738769,0.01955361540640302,0.301782318823794,1.0002745715613262,0.09532730358071799
Exp_60,0.0,0.3536083991639316,0.0850121078081429,0.0969390381127596,0.07246486535295844,0.0534834117628634,0.045708976127207285
Exp_60,20.0,1.1637527245594914,0.18121285253597436,0.13089243052031757,0.2592274244618143,0.4252837330211043,0.16713628402028088
Exp_60,40.0,1.8236802332366386,0.16670853566682173,0.10811109637072877,0.3942914051354204,0.9068439897446958,0.24772520631897182
Exp_60,60.0,2.1550813657867933,0.13687085191017181,0.08885646265696553,0.444848081205833,1.2057033413915625,0.2788026286222606
Exp_60,80.0,2.311120919303624,0.11469173775896235,0.07256498967630946,0.4534199591249168,1.3817452499189358,0.2886989828244995
Exp_60,100.0,2.3367625791678606,0.09262860525804807,0.0610052609371097,0.4384703419563922,1.4649143939475657,0.279743977068745
Exp_60,120.0,2.2782199084020194,0.07692980666918334,0.04712381568471197,0.41250788266219196,1.477057903290045,0.26460050009588704
Exp_60,140.0,2.1649779323616856,0.06244760971276311,0.03942557895114461,0.3758119772780582,1.4423007242592987,0.2449920421604209
Exp_60,160.0,2.0189354715938213,0.05162608468736167,0.033588885894292195,0.3401040936273646,1.3710589400066637,0.22255746737813903
Exp_61,0.0,0.1470272515900433,0.0116350662894547,0.0020268506370484836,0.015035626105964185,0.027177965827286245,0.09115174273028968
Exp_61,20.0,0.43416329318358404,0.048701330555832235,0.006312046367994517,0.03461830329156918,0.10966634796648392,0.23486526500170415
Exp_61,40.0,0.5332857313078292,0.07154276496186351,0.004245178531895409,0.04037810147775493,0.15541151526547486,0.26170817107084055
Exp_61,60.0,0.5848213367137425,0.07534241123324609,0.0018346406246933069,0.04065555830632492,0.18247310839001205,0.2845156181594661
Exp_61,80.0,0.6151091671754393,0.0671234333822814,0.004275169575765872,0.04161200961460332,0.19494262098011325,0.30715593362267546
Exp_61,100.0,0.6095913129027016,0.058102749388033385,0.001019325424949544,0.03710481425776722,0.19806675983220107,0.31529766399975045
Exp_61,120.0,0.592262516031407,0.04805515270767742,0.001954411363987406,0.034772232007605555,0.19474374466770164,0.312736975284435
Exp_61,140.0,0.5612566625145323,0.04059956275830871,0.0022433648172302968,0.03276172633908955,0.18451922779814064,0.30113278080176303
Exp_61,160.0,0.5222441890860212,0.034373297533727046,0.0015084239777497334,0.028476094308175926,0.17282094239022838,0.2850654308761401
Exp_62,0.0,0.26990484902635214,0.02451524017378688,0.08508850997313856,0.028251482825726273,0.04579367507249117,0.08625594098120928
Exp_62,20.0,0.8820379239712044,0.07194993403485911,0.1281194159347496,0.09597042763264778,0.33694563565950963,0.2490525107094384
Exp_62,40.0,1.4555813673787859,0.09433266019799684,0.10318177268306393,0.15551408823352886,0.7814536342050835,0.32109921205911274
Exp_62,60.0,1.7546380416447067,0.08717258923505367,0.08512764619789114,0.1769259374462495,1.062080283284102,0.3433315854814104
Exp_62,80.0,1.904182665264709,0.07632299601146329,0.06891274387801524,0.18292073204021328,1.2301977597689702,0.3458284335660469
Exp_62,100.0,1.9384197363021594,0.06226489809869172,0.057024909064401906,0.1760671523388989,1.3120604067632293,0.33100237003693755
Exp_62,120.0,1.9073599928156673,0.054370370198051576,0.047495651820009394,0.16630816713152696,1.3300017769355628,0.3091840267305166
Exp_62,140.0,1.8166486442625913,0.04369134793743916,0.0382479129697969,0.15270454704177922,1.3013094739147646,0.2806953623988115
Exp_62,160.0,1.6991705195407227,0.03471709127324424,0.030071872809846315,0.13996775740068743,1.2418096825897302,0.25260411546721456
Exp_63,0.0,0.293725900631398,0.09791706828400493,0.014371095970273019,0.08424955476075412,0.07197712818160655,0.02521105343475938
Exp_63,20.0,0.8592086983805203,0.21870432347031077,0.023991873232541674,0.20856640343508162,0.32202923050856214,0.08591686773402413
Exp_63,40.0,1.1585248141671904,0.19338792870513516,0.021870301717327054,0.2678764876853885,0.5328967251201031,0.14249337093923653
Exp_63,60.0,1.2930173753295477,0.15940399603438352,0.015464232953439063,0.286411015116852,0.6523643493218032,0.1793737819030699
Exp_63,80.0,1.3441206248709028,0.12964271379763906,0.014328052307262803,0.28410154431369666,0.7162624476579176,0.19978586679438687
Exp_63,100.0,1.330964040640915,0.10654841412338203,0.011641348172201776,0.26770046568518174,0.7373845716265797,0.20768924103356984
Exp_63,120.0,1.2804458369074152,0.0867961447932583,0.009545726695597816,0.2472003178507131,0.7290054041690845,0.2078982433987612
Exp_63,140.0,1.2074869396752106,0.07270957797982812,0.00850172693390952,0.22601171531216135,0.700235345453483,0.2000285739958286
Exp_63,160.0,1.1135033638503367,0.05853516621785571,0.00506228218737135,0.2026858506111147,0.656880221784463,0.1903398430495319
Exp_64,0.0,0.17102077128365634,0.0583435932174325,0.07296294718980789,0.004507745523005723,0.012409714236855508,0.02279677111655474
Exp_64,20.0,0.6247642414816429,0.1535230278005094,0.12228709006803805,0.023961735768366254,0.19148028281744617,0.13351210502728308
Exp_64,40.0,1.4607002431124823,0.14996262002953079,0.103491139448561,0.06339315713714103,0.8683924713624878,0.2754608551347618
Exp_64,60.0,1.8279483382627142,0.12478379877433025,0.084644825111721,0.07232691899104826,1.2271988281765613,0.3189939672090533
Exp_64,80.0,2.0030276051176132,0.10238166505490112,0.06968201159677585,0.07443544372834654,1.429184515034974,0.32734396970261576
Exp_64,100.0,2.0611003234769805,0.08513721057033553,0.0586472279205841,0.07262022128807692,1.5245620029773226,0.32013366072066146
Exp_64,120.0,2.026978246524548,0.06936251745233704,0.045083338324041725,0.06696363905577743,1.5433531673705767,0.3022155843218153
Exp_64,140.0,1.9430454218614037,0.057707072031358934,0.03739251248083155,0.06369398057964575,1.5062651435830758,0.2779867131864917
Exp_64,160.0,1.820696151232298,0.047251586538299285,0.031146277471705744,0.057857266786800116,1.433482190382289,0.250958830053204
Exp_65,0.0,0.2649407126940787,0.031721010245382784,0.028053817432373767,0.05799121670424938,0.08232029145583511,0.06485437685623766
Exp_65,20.0,0.7619089429615638,0.09381311176531903,0.04692103797424709,0.13357383809433337,0.325430724778285,0.16217023034937925
Exp_65,40.0,1.027923763026395,0.10979898728708448,0.03747351287638475,0.16417185908240475,0.5106483949550581,0.2058310088254631
Exp_65,60.0,1.1735493033619218,0.09973605582450262,0.030635591803160677,0.17676150986591738,0.6361761132939221,0.230240032574419
Exp_65,80.0,1.2322926407838726,0.0848663047501183,0.026135804615555702,0.17576946426962367,0.7051446685979647,0.24037639855061016
Exp_65,100.0,1.2331377246444668,0.07020121943735791,0.022579911620554127,0.1692576554272557,0.7345160953759067,0.23658284278339248
Exp_65,120.0,1.1891984331156147,0.05618890623697358,0.016386601235347686,0.1581112933323427,0.7314971889256013,0.22701444338534935
Exp_65,140.0,1.121629370385207,0.045803911477231334,0.012890458063682239,0.1428286816680621,0.7062618626147932,0.2138444565614382
Exp_65,160.0,1.040139882823538,0.03626006456292054,0.011557489117801542,0.1315882293287477,0.6673887592517729,0.1933453405622953
Exp_66,0.0,0.20389298722147942,0.028088328987360002,0.09296263465657831,0.008302105311304332,0.06590748811140655,0.008632430154830218
Exp_66,20.0,0.8972867147529724,0.08449718402075972,0.14484674819625093,0.03387923332877859,0.5991164182395491,0.03494713096763412
Exp_66,40.0,1.5727984087542546,0.09930505384031547,0.11946294168531399,0.04828258111433936,1.2563042911763425,0.04944354093794315
Exp_66,60.0,1.9292123468595215,0.09354066034900656,0.09766173121409806,0.05174064119302184,1.6319917477682067,0.05427756633518837
Exp_66,80.0,2.1117709913392133,0.08037186281370703,0.08262566625872957,0.05354443089797134,1.840965552179598,0.05426347918920704
Exp_66,100.0,2.1594409809039314,0.06613303630524198,0.06640574119127643,0.05032747958390975,1.9244932690543384,0.05208145476916502
Exp_66,120.0,2.124200825577154,0.05359421285796612,0.05137379443565867,0.049319384462729245,1.9207727022013754,0.04914073161942462
Exp_66,140.0,2.030068538328837,0.04438756041209548,0.04514491984613372,0.043792834755792084,1.85398906415159,0.04275415916322609
Exp_66,160.0,1.8997602368808881,0.035494741233022466,0.03664415007317003,0.04025585168131237,1.7495118660192897,0.03785362787409349
Exp_67,0.0,0.2059417011216283,0.05139059647917748,0.006595377810299397,0.054199144989252095,0.03974700067192316,0.054009581170976165
Exp_67,20.0,0.6437142473521151,0.15008934348422345,0.013469536325477574,0.13211809589189738,0.17753184016120624,0.1705054314893105
Exp_67,40.0,0.8674517245235942,0.14972129954003044,0.010056648999104837,0.16853988451444663,0.28489114524548653,0.25424274622452575
Exp_67,60.0,0.972696363942915,0.1261372001168779,0.008311159056958872,0.1799641739257572,0.3471200662085316,0.31116376463478945
Exp_67,80.0,1.0087725591482732,0.10469420040095208,0.007737793114519025,0.17737709377068972,0.3778638558420752,0.3410996160200372
Exp_67,100.0,0.9949906699438551,0.08478699076268094,0.005786399636354804,0.1660678222667207,0.3862362870449077,0.352113170233191
Exp_67,120.0,0.9594676156315266,0.06971616926137571,0.005136525997239951,0.15423289166792684,0.3814381031780529,0.3489439255269312
Exp_67,140.0,0.8989022920328607,0.05610404612055656,0.0037945372774119404,0.14047559041304272,0.36389496776020525,0.33463315046164416
Exp_67,160.0,0.8270822741171691,0.046166698608282875,0.0018297012764164249,0.12385862276118868,0.3410245553406812,0.3142026961305999
Exp_68,0.0,0.3518783384934068,0.09237322667613626,0.05581146683543921,0.033825733419507745,0.07588903298601508,0.09397887857630847
Exp_68,20.0,1.060655683670979,0.1961699191645289,0.07772544357497904,0.09361314510630064,0.41526545644650725,0.2778817193786633
Exp_68,40.0,1.5177891702843629,0.1739115930293214,0.06421951652249476,0.13104896152007078,0.7634640282696464,0.38514507094282946
Exp_68,60.0,1.7455964321545847,0.144374612575524,0.05089712390660789,0.14497227854218708,0.9753391598079147,0.430013257322351
Exp_68,80.0,1.8442405009224438,0.12031538352383318,0.04172559777041418,0.1441248997409873,1.0923245315159242,0.44575008837128505
Exp_68,100.0,1.8413309783123435,0.0972376673703356,0.03223402412775143,0.13962085746014133,1.1382233198719385,0.4340151094821767
Exp_68,120.0,1.786705840419104,0.07971975225299135,0.028050126554195486,0.1285548935684632,1.1359348499090391,0.41444621813441496
Exp_68,140.0,1.6875788577468964,0.06654944509024752,0.022899133781089053,0.11836397717363713,1.0960245806066538,0.38374172109526894
Exp_68,160.0,1.5674216822709188,0.05408293721995751,0.018084868982194083,0.10563723155920406,1.0401065076018792,0.34951013690768395
Exp_69,0.0,0.18808547835797074,0.015651077125221496,0.04530217992141843,0.07867301609367133,0.005955668911337853,0.04250353630632162
Exp_69,20.0,0.6007948890681163,0.05796980211230009,0.0861166194899736,0.2671239622385122,0.043392221369594856,0.14619228385773547
Exp_69,40.0,1.0376203018982466,0.0809277991648529,0.0739881864130504,0.5239544708361282,0.13697948796105303,0.221770357523162
Exp_69,60.0,1.2893530962769792,0.07723062641745282,0.058172749619017375,0.6698235414018859,0.22337380151936215,0.2607523773192611
Exp_69,80.0,1.4150683308101513,0.0702508672199464,0.046384995857456035,0.7357774409058895,0.2857709586250648,0.27688406820179456
Exp_69,100.0,1.4530443628528449,0.05846687643573943,0.03976819992946576,0.7480425353518401,0.3281630968403761,0.2786036542954235
Exp_69,120.0,1.4342063933743359,0.049312750520195285,0.03292419624237355,0.7314016391270252,0.3513804576885156,0.2691873497962263
Exp_69,140.0,1.3719754943460736,0.040730274222532475,0.026535212870564175,0.6924623485759179,0.3589106337283073,0.2533370249487517
Exp_69,160.0,1.2925011746552524,0.03361310397956601,0.02318653069129253,0.6432383573352443,0.3563249063061315,0.23613827634301804
Exp_70,0.0,0.19779601991176607,0.004337227251380683,0.0684005175717175,0.06534499479457737,0.024839917942881585,0.034873362351208935
Exp_70,20.0,0.6784481550912741,0.015486414170848032,0.1215173657950031,0.23286236586541106,0.1930437469479696,0.11553826231204233
Exp_70,40.0,1.1625342587400662,0.03035791207528736,0.09887470298531979,0.3931464133944751,0.4897244134959408,0.15043081678904305
Exp_70,60.0,1.4296935739439036,0.04216035017144964,0.08053858172811663,0.4575781863096084,0.6869900604507339,0.162426395283995
Exp_70,80.0,1.574154533962109,0.046678581212973386,0.06603176961226838,0.4787958181328469,0.8216173421312742,0.16103102287274615
Exp_70,100.0,1.6311642936203163,0.04372581982296545,0.05363629538251835,0.4760969193877021,0.9021279234653239,0.1555773355618066
Exp_70,120.0,1.6225798930617292,0.0398984354007225,0.04631354480613026,0.45427147372607973,0.9358738179522486,0.1462226211765481
Exp_70,140.0,1.5601544463659138,0.03442858280847747,0.03619049805308562,0.42085147827229824,0.9335329814717049,0.1351509057603475
Exp_70,160.0,1.470712496006506,0.028318599898689414,0.029450159844989783,0.38491043162393207,0.9068706653647205,0.1211626392741743
Exp_71,0.0,0.30711764357984067,0.08103457232937217,0.03203630652278662,0.022154732979834082,0.09489545365795493,0.07699657808989288
Exp_71,20.0,0.9295106071036606,0.18485681381685012,0.048743066502747304,0.054842974273530735,0.4217638766369257,0.2193038758736067
Exp_71,40.0,1.2704624941182896,0.1668324790342492,0.04160286155164189,0.0687228827981947,0.6915663577936834,0.30173791294052055
Exp_71,60.0,1.4415226053251786,0.14093374462123837,0.03293423348281585,0.07435110215368138,0.8488916233346754,0.34441190173276753
Exp_71,80.0,1.5031752341785427,0.11682411305366132,0.026576008047721346,0.07302456727689881,0.9270723212356261,0.3596782245646351
Exp_71,100.0,1.5026434811944254,0.09369430770104215,0.02234461566859538,0.07106807415788575,0.9560093800420608,0.35952710362484136
Exp_71,120.0,1.4445036647328562,0.0782642386944071,0.017666911361269258,0.06408099712873529,0.9418955436887533,0.3425959738596913
Exp_71,140.0,1.362787613818517,0.06400883853370987,0.01497663787837427,0.05828536781421793,0.9030183790805718,0.32249839051164325
Exp_71,160.0,1.2607857197493142,0.05074126472938701,0.013216793410982185,0.051784752630862435,0.8502835831556564,0.29475932582242625
Exp_72,0.0,0.3399555217474699,0.0627017116174102,0.07968990076333285,0.08928323136642576,0.033362709917128086,0.07491796808317304
Exp_72,20.0,1.0291467111992465,0.14822749185243744,0.1119087638137878,0.29496635123784387,0.23522976140768198,0.23881434288749545
Exp_72,40.0,1.6011725884355652,0.1447778537582974,0.09243880748733524,0.47665229455151753,0.5456364578043743,0.3416671748340408
Exp_72,60.0,1.8925022229153246,0.12366607684274125,0.07580640489257635,0.5491850240606677,0.7560668960695082,0.38777782104983105
Exp_72,80.0,2.019450528909049,0.10146221270602068,0.06152860974242609,0.567859983210503,0.8898702785186707,0.39872944473142824
Exp_72,100.0,2.0398163278532953,0.08443252832955102,0.05090765708515135,0.5556899985225495,0.9590717692989794,0.38971437461706376
Exp_72,120.0,1.990400003805506,0.06854142558110014,0.04153608453840449,0.5293094036440905,0.9819668762705516,0.3690462137713595
Exp_72,140.0,1.889280477354037,0.05520906220430799,0.03496419516159071,0.4872428447600076,0.9691489955267598,0.342715379701371
Exp_72,160.0,1.7570571029189592,0.04606912038648983,0.028974412525779387,0.44370580583072716,0.9292521620313955,0.30905560214456745
Exp_73,0.0,0.18011218924075367,0.03942347373813391,0.01917755613103509,0.048217040672898295,0.0594012045301497,0.013892914168536663
Exp_73,20.0,0.6467090621075776,0.12619603536753096,0.03880625068026965,0.1303841347912933,0.3033721435905834,0.04795049767790025
Exp_73,40.0,0.9581076756273533,0.13126460925562866,0.03253962571046322,0.1764994068753105,0.5419326041612545,0.07587142962469637
Exp_73,60.0,1.1188029812101148,0.11557700902209361,0.025896281723807486,0.19463492314594585,0.6922765857338867,0.09041818158438125
Exp_73,80.0,1.1873856753696912,0.09528607541663642,0.02245954512037626,0.19261554478844842,0.7764934116539107,0.1005310983903193
Exp_73,100.0,1.1896257107401924,0.07721075149664859,0.018034746687721898,0.1852966026720507,0.8077177056297237,0.10136590425404751
Exp_73,120.0,1.1556404832856595,0.06356844781795282,0.013122156443570582,0.17180467875468036,0.807006252362702,0.10013894790675382
Exp_73,140.0,1.094579380351305,0.05367829564649574,0.014208067199925846,0.15642083479737517,0.7770679586744464,0.093204224033062
Exp_73,160.0,1.0159094087047706,0.04238055802338175,0.011535481561955142,0.1417825606280572,0.7337069520548033,0.08650385643657327
Exp_74,0.0,0.26637309622019534,0.043178693111985925,0.0757352744229138,0.0519076818600297,0.006845651008188726,0.08870579581707716
Exp_74,20.0,0.7956102448687868,0.11522327502714916,0.11518332943760387,0.20501703226733442,0.06140850582976371,0.2987781023069357
Exp_74,40.0,1.398053040803696,0.12384386578213476,0.09324117838895297,0.47176641738600494,0.25244007771279203,0.4567615015338114
Exp_74,60.0,1.7204611809709545,0.10685745103624394,0.0774573367817821,0.6034446904708308,0.41209490445147745,0.5206067982306203
Exp_74,80.0,1.8704641387596062,0.08876250353927703,0.06482676841259483,0.6535553683709079,0.5229320824202855,0.5403874160165407
Exp_74,100.0,1.9055253594735742,0.0732819875895518,0.051404932644556305,0.6611992580397397,0.5889344215947124,0.5307047596050138
Exp_74,120.0,1.8674386751130292,0.05901841616712492,0.04349115192460791,0.6400514433802128,0.6235249586108702,0.5013527050302133
Exp_74,140.0,1.7837102084091412,0.04853555967107833,0.036578329225185245,0.6023671411252423,0.6332573547353755,0.4629718236522598
Exp_74,160.0,1.6680078078312193,0.040150944831315184,0.028124078397947946,0.5549524864908624,0.6210479649788407,0.42373233313225295
Exp_75,0.0,0.23721242453902963,0.06674989676102996,0.023816635273396974,0.010591282974928617,0.08632795894518495,0.04972665058448911
Exp_75,20.0,0.7982750834425082,0.1703162282275649,0.041042807457856934,0.026661887375176878,0.4055797140897213,0.15467444629218818
Exp_75,40.0,1.1225099474680653,0.1594762696459835,0.03226298523068064,0.03467609376226329,0.6732504862916028,0.22284411253753522
Exp_75,60.0,1.2790218830187063,0.13108368008655727,0.02573067127221503,0.03795748607020332,0.8234059896174687,0.2608440559722621
Exp_75,80.0,1.3446984617768738,0.10796392175082752,0.021189775437564718,0.03666132524439553,0.90261671680528,0.2762667225388059
Exp_75,100.0,1.3440913786697162,0.09001703872462671,0.01834579039771604,0.03514541769950681,0.9244437805921467,0.27613935125571987
Exp_75,120.0,1.2983873844998328,0.07341488379766323,0.015486332548276296,0.0326201336281695,0.911026273281523,0.26583976124420083
Exp_75,140.0,1.2211333535860773,0.05748151657179606,0.011300231287392746,0.02863142717077149,0.8733398281424996,0.2503803504136174
Exp_75,160.0,1.1323316188609513,0.05085705046067771,0.009853318780273049,0.02479488819548671,0.816439853057638,0.2303865083668759
Exp_76,0.0,0.268899436108768,0.0769895015284419,0.0636638330295682,0.07782422043383122,0.04823283515870572,0.002189045958220959
Exp_76,20.0,0.9478834802661832,0.1804355210537896,0.10002978652349663,0.2764969458258412,0.38050389453150596,0.0104173323315498
Exp_76,40.0,1.532495427884036,0.16530573724490052,0.08293012445754364,0.43336438692666546,0.8338811290986579,0.017014050156268376
Exp_76,60.0,1.8214601305355427,0.13974579349949237,0.0672811085778765,0.4846848609115728,1.109148032111627,0.02060033543497415
Exp_76,80.0,1.9470991946581413,0.11193278205650933,0.05466255609859237,0.4930201470061324,1.2673474141903536,0.020136295306553583
Exp_76,100.0,1.9737012315528055,0.09388091815020415,0.04377637028237748,0.47582209421621063,1.3391889652765627,0.021032883627450476
Exp_76,120.0,1.9257722432073368,0.07847581203267255,0.03809105303785583,0.4447027155273647,1.3452865056367416,0.019216156972702108
Exp_76,140.0,1.8238993670345824,0.06034212214299126,0.031727749159120876,0.4068268417746919,1.3075202324007722,0.017482421557006297
Exp_76,160.0,1.704423319546519,0.05159493362517975,0.023704005590509596,0.36930606699115726,1.243576014513098,0.016242298826574377
Exp_77,0.0,0.20387155637145044,0.0005851162597537041,0.03745591649785638,0.03467681454494595,0.07109436681494118,0.06005934225395322
Exp_77,20.0,0.6175220268066711,0.0028719714869659962,0.06973593386351545,0.08430402428797182,0.3157149601315159,0.14489513703670198
Exp_77,40.0,0.829018939643442,0.005239394251789048,0.05790234593513809,0.10607149005902679,0.507397551771879,0.15240815762560908
Exp_77,60.0,0.9360314226801099,0.00924049292326464,0.04896896223125893,0.11500882838714788,0.6155821654489011,0.14723097368953733
Exp_77,80.0,0.9759316687931255,0.014781035245546827,0.03763610717435395,0.11458717379363706,0.6724907826362827,0.13643656994330502
Exp_77,100.0,0.9796824446168136,0.01761648277087093,0.03151121744912421,0.10683244811776269,0.6985344548016174,0.12518784147743847
Exp_77,120.0,0.9559542073707769,0.018641889002712013,0.026280654798601727,0.10114829353140073,0.6966692466099548,0.11321412342810751
Exp_77,140.0,0.918718609105535,0.018935520695427272,0.01953811319417921,0.09213952186634611,0.6841488974625715,0.10395655588701101
Exp_77,160.0,0.8663823175317513,0.016637241141313847,0.01790630533587435,0.08404040596274724,0.6542022867053996,0.0935960783864163
Exp_78,0.0,0.20598431508988144,0.013458351790905,0.05117315063253045,0.02145170643925667,0.052600733842700725,0.06730037238448858
Exp_78,20.0,0.6894622321399292,0.044585643960833865,0.08887053268392506,0.06187248247099244,0.3057626731840675,0.18837089984011024
Exp_78,40.0,1.0964289447839946,0.06775333107622403,0.07175421297170247,0.0937650100466612,0.6324168512933408,0.23073953939606615
Exp_78,60.0,1.3224518539568844,0.07123813043511544,0.059250512076368195,0.1055587978249453,0.8381237921179151,0.24828062150254035
Exp_78,80.0,1.4374195000536916,0.06637341081898473,0.05025066741409883,0.10745902933566888,0.9646310873565639,0.24870530512837516
Exp_78,100.0,1.470049337571567,0.05839383390015303,0.04069044330087194,0.10357985440719612,1.0257878367855964,0.24159736917774963
Exp_78,120.0,1.4435090256002177,0.04840524232248709,0.03251592892004832,0.09857179316313146,1.0379692250946126,0.22604683609993811
Exp_78,140.0,1.376683277022801,0.039540599790810274,0.028161491411107912,0.08832094718457255,1.0123407564105251,0.20831948222578522
Exp_78,160.0,1.292758185068478,0.03283950291139037,0.02022746444824012,0.08273734279768799,0.9673317986113138,0.18962207629984576
Exp_79,0.0,0.25359006114304067,0.08988752365112306,0.04925756920129061,0.06604878092184663,0.0296170424669981,0.018779144901782275
Exp_79,20.0,0.8630793966919157,0.2045308302642826,0.07946657144151359,0.2449944842140897,0.24708141109824872,0.08700609967378117
Exp_79,40.0,1.4236695444666654,0.18129014206841015,0.06440794343608357,0.40874099072689046,0.6085713898613943,0.16065907837388693
Exp_79,60.0,1.6893009625036244,0.15084426899308662,0.053545963483480466,0.46568252768211926,0.8245890941346244,0.19463910821031358
Exp_79,80.0,1.8056607336166057,0.12494804394563559,0.04425902754180249,0.475805455407291,0.9511780214921353,0.20947018522974128
Exp_79,100.0,1.8231248688629007,0.10131992616227731,0.03510425835115526,0.46189270809838634,1.0138071588712592,0.2110008173798226
Exp_79,120.0,1.7785871130079502,0.08227503294429912,0.030242209802977687,0.43325399266023223,1.0252460063358835,0.20756987126455773
Exp_79,140.0,1.6879064683959468,0.0696794402240737,0.02224953063982156,0.3971664739990007,1.0045400378434761,0.19427098568957474
Exp_79,160.0,1.574301292750803,0.05477030950921124,0.019337054567464398,0.3611407707339941,0.9575772171467457,0.18147594079338766
Exp_80,0.0,0.30872429050505157,0.05387316131964326,0.08754226174205543,0.04577980842441321,0.09232164556160569,0.029207413457334044
Exp_80,20.0,1.0807495174245543,0.13110306075746644,0.1249372696811725,0.14213321787174538,0.5882200999373199,0.09435586917684995
Exp_80,40.0,1.658020057380728,0.13472613853662532,0.10170894648981586,0.19840754775581027,1.0955889228311158,0.12758850176736072
Exp_80,60.0,1.9650969128750964,0.11548379538022539,0.08291772846569453,0.21739974471610637,1.4056196458374053,0.14367599847566478
Exp_80,80.0,2.105402881927972,0.0954204821929075,0.06890079248979483,0.21852003441131723,1.577966872923883,0.14459469991006962
Exp_80,100.0,2.1308242319070616,0.07774203929727971,0.05629465417825114,0.20784946327666387,1.646842592344059,0.14209548281080794
Exp_80,120.0,2.0756683629335733,0.06463199912672447,0.04469184726547688,0.19458760852760423,1.639825157402089,0.13193175061167853
Exp_80,140.0,1.976781210644309,0.05198705017342643,0.03800763238038055,0.17930239338435455,1.584863050405523,0.12262108430062445
Exp_80,160.0,1.840081791001028,0.04328055937649609,0.030921117261654703,0.1594418997251185,1.4983474596198916,0.10809075501786736
Exp_81,0.0,0.2301277276128531,0.030277922097593547,0.011331299412995578,0.091719704028219,0.0129612946882844,0.08383750738576055
Exp_81,20.0,0.6145621267982048,0.09633920875289398,0.02268607179268127,0.21721926249309942,0.055930059764960995,0.22238752399456904
Exp_81,40.0,0.8163276462134292,0.11315748556718762,0.01747886880400595,0.2929426977233853,0.09577512071681644,0.29697347340203384
Exp_81,60.0,0.9198326397214449,0.10000977923968876,0.014607995939730218,0.32888014837795587,0.12711851073047653,0.34921620543359355
Exp_81,80.0,0.9616045381088745,0.08526154842567933,0.01275974446902971,0.3368103646569889,0.14759685158673103,0.3791760289704456
Exp_81,100.0,0.95736769298212,0.07014277758074985,0.008772612356268581,0.33013717456153596,0.15947156271817958,0.388843565765386
Exp_81,120.0,0.9209897114327956,0.05852332590520891,0.006706939771619266,0.31283327024298,0.16107948468043132,0.3818466908325561
Exp_81,140.0,0.8644285377807128,0.047111681144683296,0.005270561882564985,0.28776682936612197,0.15915982549593247,0.36511963989141016
Exp_81,160.0,0.802842814939246,0.03853438820534934,0.0056966498262349735,0.2609384049590388,0.15427552526707294,0.34339784668155
Exp_82,0.0,0.22504457840695977,0.03567148251459003,0.07154647773131727,0.04217632580548525,0.03561113364994526,0.04003915870562197
Exp_82,20.0,0.8184005267234742,0.10304657014339068,0.11736644445020868,0.15617630017508308,0.29563385808417597,0.14617735387061584
Exp_82,40.0,1.417739712661814,0.11562823237964655,0.09530066320249765,0.2604848427166058,0.7290685183464929,0.21725745601657132
Exp_82,60.0,1.7185400749952549,0.10178835607623372,0.07831411516947055,0.2978836084717641,0.99765797808628,0.24289601719150633
Exp_82,80.0,1.863284999409723,0.08628783382414945,0.06221446830627624,0.30704903636140357,1.157708930182088,0.2500247307358056
Exp_82,100.0,1.9012215551764138,0.07228393849447466,0.05227931624314935,0.2978953371126498,1.2371921177514387,0.2415708455747011
Exp_82,120.0,1.8596750284362975,0.05729328579073414,0.042534878894909964,0.2794571343189063,1.252209118020293,0.2281806114114543
Exp_82,140.0,1.774472453403812,0.047602797507809554,0.03539420060319281,0.25716567909007104,1.2258367681510303,0.20847300805170843
Exp_82,160.0,1.6560919404352346,0.03827388507388437,0.027361319175595044,0.23246524775491062,1.1704532127979517,0.187538275632893
Exp_83,0.0,0.3432132164947689,0.062196406256407495,0.028981148079037667,0.09532394884154201,0.058721383567899466,0.09799032974988223
Exp_83,20.0,0.8952420609775178,0.15209990169893806,0.04253200682319043,0.21861680686703402,0.23315451271972507,0.24883883286863018
Exp_83,40.0,1.1917169192275865,0.14682084353346234,0.03726951604666762,0.2835056664035693,0.3915110889428716,0.33260980430101583
Exp_83,60.0,1.3376020755395712,0.12696922721288467,0.031240383841488355,0.3074343177039141,0.49330818637273355,0.3786499604085504
Exp_83,80.0,1.387253967175201,0.10423655873107553,0.025517883865781982,0.3095884358827842,0.5526414496728008,0.3952696390227587
Exp_83,100.0,1.3747631433580811,0.08404681344539341,0.019503303811793337,0.2982300746233853,0.5765454092052775,0.3964375422722315
Exp_83,120.0,1.3207573871062597,0.068691714625558,0.016547860593735215,0.274746313756708,0.577792548503971,0.38297894962628737
Exp_83,140.0,1.239736012257714,0.056035875850602115,0.012370266562691875,0.2542135614535057,0.5613236616312983,0.3557926467596158
Exp_83,160.0,1.1466469086099647,0.04555532238260635,0.010260578829818904,0.22769992200739722,0.5327680519337752,0.33036303345636686
Exp_84,0.0,0.2621193998493254,0.09406725037842989,0.08289160281419755,0.015674562379717826,0.019466588087379933,0.05001939618960023
Exp_84,20.0,0.8943080900702252,0.201640936044186,0.12072757644699503,0.07691510135697717,0.24939391298927688,0.24563056323279003
Exp_84,40.0,1.662499631596777,0.1810212937514091,0.09998716001271889,0.15326320018038617,0.8102328396947576,0.4179951379575054
Exp_84,60.0,2.010846187900986,0.14628451650486377,0.0815032953790035,0.17753267080093305,1.1300179252742235,0.4755077799419621
Exp_84,80.0,2.179846835481643,0.1198611681137399,0.06635257019012074,0.18361789191272232,1.3185578083542262,0.49145739691083373
Exp_84,100.0,2.224126216155524,0.09954533495530297,0.05528759949129675,0.17903530181200464,1.4094754938095195,0.4807824860874003
Exp_84,120.0,2.17106429656409,0.08015863074190782,0.04370397513180938,0.16675704355223198,1.4287846245742284,0.45166002256391247
Exp_84,140.0,2.0718460066500324,0.06853089252495777,0.035631012120189647,0.15407821484624407,1.3945705585063861,0.41903532865225473
Exp_84,160.0,1.9338988761937457,0.05411148111684741,0.029763903223646002,0.13871265399808969,1.3320558677259224,0.37925497012924003
Exp_85,0.0,0.2182427321560681,0.020567757077515125,0.016080388706177475,0.07182516278699042,0.09870017776265741,0.011069245822727681
Exp_85,20.0,0.6414447231620493,0.07183188446935708,0.03176195388838513,0.1521563535139684,0.3556607482169243,0.0300337830734143
Exp_85,40.0,0.8346202724703697,0.093105701820634,0.02564855339532184,0.1791877594737782,0.499933073106249,0.036745184674386686
Exp_85,60.0,0.9496395001753053,0.09174534094140985,0.02225695791315709,0.19020364612406965,0.6040494561429148,0.041384099053753946
Exp_85,80.0,0.997043251397114,0.07642392023050008,0.018558030342168245,0.18931722854033903,0.6672936105571565,0.045450461726950095
Exp_85,100.0,0.9950125559240116,0.06319700098175561,0.015553373572214167,0.17982302780788617,0.6899099812579287,0.04652917230422699
Exp_85,120.0,0.9650824406872367,0.05354125772767132,0.011474359211957021,0.16661714976997116,0.686494014379384,0.04695565959825316
Exp_85,140.0,0.9117994185556675,0.04405084449713356,0.011401074193528376,0.15139514922784297,0.6610729889631997,0.04387936167396287
Exp_85,160.0,0.8461983827807263,0.033933091951327245,0.009360229258906644,0.13825051959494272,0.6241065269679111,0.04054801500763865
Exp_86,0.0,0.28644098499789833,0.009247111901640891,0.09601094452664256,0.08513191640377045,0.07969386437907816,0.016357147786766287
Exp_86,20.0,0.9672435059914747,0.031116119829230734,0.14209991525645152,0.2577106498842712,0.4884530898104753,0.047863731211045916
Exp_86,40.0,1.4961882599089247,0.051384741893446516,0.11922245641134614,0.3607486685055114,0.9052231906164184,0.0596092024822021
Exp_86,60.0,1.7906632774685516,0.058631704846806416,0.0950680517737088,0.3961773347593663,1.1769608447028392,0.06382534138583072
Exp_86,80.0,1.9510468733886688,0.0582169259717872,0.07957868878444269,0.404443540790439,1.3481645056811877,0.06064321216081223
Exp_86,100.0,1.9959927967809026,0.05120983833326632,0.06278892924984612,0.39180057283456415,1.4318183287221489,0.05837512764107711
Exp_86,120.0,1.9721286276057206,0.044040612185286876,0.052986797942168026,0.37067973559188117,1.4475037242248137,0.056917757661570874
Exp_86,140.0,1.8806021589510586,0.035127349799805675,0.04182742422672231,0.33740441135272575,1.4168843023530724,0.04935867121873244
Exp_86,160.0,1.7652013417031478,0.02943973788379945,0.035032759620708585,0.3054348568556691,1.3495646579265443,0.04572932941642627
Exp_87,0.0,0.18501979196444152,0.08272180072963237,0.0034425571560859677,0.02736682901158929,0.000582231767475605,0.0709063732996583
Exp_87,20.0,0.5964802860561669,0.2106005537370041,0.0076362961290661864,0.0857032926636402,0.0045464469954989714,0.28799369653095747
Exp_87,40.0,0.8781394031473654,0.1887448767436728,0.005813689605368273,0.15001756929378032,0.008053331192684806,0.5255099363118592
Exp_87,60.0,1.0330083791661713,0.1578026461607988,0.0051389416851192115,0.1867019738129044,0.015113596643539381,0.6682512208638095
Exp_87,80.0,1.0874633369634537,0.12913593341587934,0.004452002782615498,0.1985249587011815,0.018960650193341366,0.7363897918704359
Exp_87,100.0,1.0849494031693607,0.10461301317009013,0.003634309635428605,0.19410746953337354,0.02115485259695184,0.7614397582335166
Exp_87,120.0,1.0490561532562883,0.08647937117851005,0.0035555126451889793,0.1810100021139673,0.021934567892086216,0.7560766994265359
Exp_87,140.0,0.9878807932244739,0.07019155102025942,0.0024054886042387813,0.16704825228276995,0.02243032855096902,0.7258051727662367
Exp_87,160.0,0.9097709666193013,0.05737736811505525,0.0009919989307218074,0.1506762336260548,0.01826834172318737,0.6824570242242821
Exp_88,0.0,0.3388630389235914,0.07351445900276303,0.05891551859676838,0.06021859627217055,0.06522775059565902,0.08098671445623042
Exp_88,20.0,1.0182168293434821,0.1684176172143534,0.08237275914536005,0.17003920648892137,0.3599967879006071,0.23739045859424024
Exp_88,40.0,1.4897767376324917,0.15809356910621036,0.06849749495809057,0.24242774796433775,0.6902025413415065,0.3305553842623465
Exp_88,60.0,1.7154154994869213,0.1309946023010913,0.0549956512145988,0.26710729081773915,0.8926521753501393,0.3696657798033528
Exp_88,80.0,1.8150122643914424,0.1089911166573804,0.044490371651456855,0.26936285692289713,1.0102210168111867,0.38194690234852124
Exp_88,100.0,1.826864879410933,0.08983063403161712,0.039048669043893786,0.2608539310860417,1.0625907419919323,0.37454090325744793
Exp_88,120.0,1.7650528453913896,0.07172447855088973,0.03005557700305034,0.24186702885876507,1.0654715314005097,0.355934229578175
Exp_88,140.0,1.669714980717806,0.05987948435326245,0.024701705000239278,0.22322583142491098,1.0353913993628205,0.3265165605765727
Exp_88,160.0,1.5511444507095253,0.04745948466503872,0.02165764079882911,0.19976286070008573,0.9831497073787459,0.29911475716682573
Exp_89,0.0,0.16583541268482804,0.04701356487348676,0.042107350286096336,0.002282658126205206,0.04199534095823765,0.032436498440802104
Exp_89,20.0,0.6857287585298779,0.1343100965213439,0.07760671350213051,0.010900357567983793,0.33274452547359323,0.13016706546482645
Exp_89,40.0,1.2053727150025904,0.13908094689434813,0.06413380733814952,0.01344299602349792,0.7815710364678774,0.20714392827871744
Exp_89,60.0,1.4497152963513313,0.11703118756587963,0.05289001505151654,0.013885391753172419,1.0268891560606197,0.23901954592014288
Exp_89,80.0,1.5712900282241629,0.09814053079942524,0.045169750881723765,0.01672091937262685,1.1629304070558708,0.24832842011451617
Exp_89,100.0,1.5886257258288514,0.0800531143411577,0.03478695187088065,0.01448258474761998,1.216703799538715,0.24259927533047793
Exp_89,120.0,1.5546608874463077,0.06709085497504112,0.029416553677259066,0.013487946428244694,1.215249830690824,0.22941570167493908
Exp_89,140.0,1.4810622390544532,0.05344938847342858,0.02497763029908001,0.01333990295538394,1.1748885489544916,0.21440676837206907
Exp_89,160.0,1.3834223314226375,0.04579616368667377,0.020000092212778684,0.010707276190774313,1.1102852401994983,0.19663355913291253
